{"sac_step":99,"_step":7549,"q2_loss":8.504572868347168,"_wandb":{"runtime":445},"model_step":49,"_timestamp":1.7631975720440266e+09,"policy_loss":4.8000807762146,"_runtime":445,"episode rewards":-26.73489761352539,"q1_loss":8.508577346801758,"dynamics_error":-98.63777923583984}