{"dynamics_error":-81.54875183105469,"dynamics_mse":0.5576041340827942,"dynamics_logvar":-7.152424335479736,"model_step":49,"_timestamp":1.7634112431748066e+09,"_wandb":{"runtime":296},"_runtime":296,"_step":2499}