{"q1_loss":75.75569152832031,"reward":{"bins":[-23.763259887695312,-23.037372589111328,-22.311487197875977,-21.585599899291992,-20.859712600708008,-20.133825302124023,-19.407939910888672,-18.682052612304688,-17.956165313720703,-17.23027801513672,-16.504392623901367,-15.778505325317383,-15.052618980407715,-14.32673168182373,-13.600845336914062,-12.874958038330078,-12.14907169342041,-11.423184394836426,-10.697298049926758,-9.97141170501709,-9.245524406433105,-8.519638061523438,-7.793750762939453,-7.067864418029785,-6.341977596282959,-5.616090774536133,-4.890203952789307,-4.1643171310424805,-3.4384303092956543,-2.712543487548828,-1.9866567850112915,-1.2607700824737549,-0.5348832607269287],"_type":"histogram","values":[1,0,0,1,0,4,1,0,8,7,6,5,4,9,5,12,9,5,7,9,14,14,10,10,11,12,15,24,16,23,12,2]},"_timestamp":1.7633011632682493e+09,"dynamics_mse":0.49644964933395386,"q1_pred":-14.30001449584961,"q2_loss":73.8706283569336,"dynamics_logvar":-7.3957414627075195,"_wandb":{"runtime":468},"_runtime":468,"episode rewards":-27.339170455932617,"sac_step":99,"dynamics_error":-90.96781921386719,"_step":7549,"q2_pred":-14.904020309448242,"model_step":49}