{"_step":149,"dynamics_error":-36.8118896484375,"dynamics_mse":0.687837541103363,"dynamics_logvar":-4.9359846115112305,"model_step":49,"_runtime":26,"_wandb":{"runtime":26},"_timestamp":1.7635595419858127e+09}