{"dynamics_mse":5.640443801879883,"dynamics_logvar":-7.605843544006348,"model_step":49,"_timestamp":1.7634099171728938e+09,"_wandb":{"runtime":301},"_runtime":301,"_step":2499,"dynamics_error":-30.93770408630371}