{"_step":49,"_wandb":{"runtime":20},"_runtime":20,"dynamics_error":17.95764923095703,"model_step":49,"_timestamp":1.7630289544172196e+09}