{"q1_pred":-15.351224899291992,"dynamics_error":-90.65303802490234,"q2_pred":-15.29483413696289,"model_step":49,"_step":7549,"reward":{"values":[1,0,1,0,0,2,5,6,5,3,7,8,4,3,9,6,12,12,10,10,8,11,12,9,25,12,17,24,20,9,4,1],"bins":[-23.262399673461914,-22.53159523010254,-21.800790786743164,-21.06998634338379,-20.33917999267578,-19.608375549316406,-18.87757110595703,-18.146766662597656,-17.41596221923828,-16.685157775878906,-15.954352378845215,-15.22354793548584,-14.492743492126465,-13.761938095092773,-13.031133651733398,-12.300329208374023,-11.569524765014648,-10.838719367980957,-10.107914924621582,-9.377110481262207,-8.646305084228516,-7.915500640869141,-7.184696197509766,-6.453891277313232,-5.723086357116699,-4.992281913757324,-4.261476993560791,-3.530672550201416,-2.799867630004883,-2.0690629482269287,-1.3382582664489746,-0.6074535846710205,0.1233510971069336],"_type":"histogram"},"q1_loss":59.167335510253906,"dynamics_mse":0.4845797121524811,"_runtime":465,"_wandb":{"runtime":465},"policy_loss":14.843832015991211,"dynamics_logvar":-7.283398628234863,"sac_step":99,"q2_loss":63.111114501953125,"_timestamp":1.7633102820414174e+09,"episode rewards":-27.763036727905273}