{"_timestamp":1.7635856186966712e+09,"_wandb":{"runtime":1403},"_runtime":1403,"_step":10014,"mse":0.3572361171245575,"model_step":49,"dynamics_mse":1.0415045022964478,"l2":3.4851150512695312,"dynamics_logvar":-5.11992883682251,"dynamics_error":97.99332427978516}