{"dynamics_error":-97.19628143310547,"dynamics_mse":0.38357800245285034,"dynamics_logvar":-7.629796981811523,"model_step":49,"_timestamp":1.7634025649112813e+09,"_wandb":{"runtime":304},"_runtime":304,"_step":2499}