{"policy_loss":15.012466430664062,"q1_pred":-15.775686264038086,"dynamics_mse":1.8717533349990845,"_timestamp":1.7633219570666184e+09,"dynamics_logvar":-7.852657794952393,"_wandb":{"runtime":621},"q2_pred":-15.835552215576172,"q2_loss":61.43772888183594,"_runtime":621,"episode rewards":-26.507221221923828,"sac_step":99,"episode_reward":-247.0687255859375,"_step":7599,"dynamics_error":-84.53621673583984,"model_step":49,"q1_loss":65.0164794921875}