{"_timestamp":1.76341247137149e+09,"_step":9999,"dynamics_error":-90.14031982421875,"dynamics_mse":1.1544750928878784,"dynamics_logvar":-7.696135997772217,"_wandb":{"runtime":1141},"_runtime":1141,"model_step":49}