{"_timestamp":1.763035589446074e+09,"_step":7499,"dynamics_error":-83.59950256347656,"q2_loss":0.2953909635543823,"policy_loss":-2.1176486015319824,"q1_loss":0.2953909635543823,"sac_step":99,"_wandb":{"runtime":451},"model_step":49,"_runtime":451}