{"_timestamp":1.7635923461639898e+09,"_step":49,"dynamics_error":-2.3765320777893066,"_wandb":{"runtime":18},"_runtime":18,"dynamics_mse":0.5729759335517883,"dynamics_logvar":-2.8806040287017822,"model_step":49}