{"_timestamp":1.7633843774825196e+09,"_runtime":618,"q2_loss":62.28987121582031,"dynamics_error":-78.4029769897461,"dynamics_mse":1.9066869020462036,"q1_loss":62.389381408691406,"q1_pred":-15.003206253051758,"policy_loss":14.209269523620605,"model_step":49,"_step":7599,"q2_pred":-15.04646110534668,"sac_step":99,"episode_reward":-82.35623168945312,"_wandb":{"runtime":618},"dynamics_logvar":-7.620031356811523,"episode rewards":-26.63999366760254}