_step,total_comm_count,episode_reward_dyna,run_id,run_name
51,0,,076aeh46,no routing aorpo rest_seed = 30 k = 6
169,0,-39.16298484802246,076aeh46,no routing aorpo rest_seed = 30 k = 6
221,0,-39.16298484802246,076aeh46,no routing aorpo rest_seed = 30 k = 6
339,0,-39.88733100891113,076aeh46,no routing aorpo rest_seed = 30 k = 6
391,0,-39.88733100891113,076aeh46,no routing aorpo rest_seed = 30 k = 6
509,0,-40.94873046875,076aeh46,no routing aorpo rest_seed = 30 k = 6
561,0,-40.94873046875,076aeh46,no routing aorpo rest_seed = 30 k = 6
679,0,-38.717772483825684,076aeh46,no routing aorpo rest_seed = 30 k = 6
731,0,-38.717772483825684,076aeh46,no routing aorpo rest_seed = 30 k = 6
849,0,-39.316527366638184,076aeh46,no routing aorpo rest_seed = 30 k = 6
901,0,-39.316527366638184,076aeh46,no routing aorpo rest_seed = 30 k = 6
1019,0,-37.92437553405762,076aeh46,no routing aorpo rest_seed = 30 k = 6
1071,0,-37.92437553405762,076aeh46,no routing aorpo rest_seed = 30 k = 6
1189,0,-36.170555114746094,076aeh46,no routing aorpo rest_seed = 30 k = 6
1241,0,-36.170555114746094,076aeh46,no routing aorpo rest_seed = 30 k = 6
1359,0,-35.04135322570801,076aeh46,no routing aorpo rest_seed = 30 k = 6
1411,0,-35.04135322570801,076aeh46,no routing aorpo rest_seed = 30 k = 6
1529,0,-33.16827392578125,076aeh46,no routing aorpo rest_seed = 30 k = 6
1581,0,-33.16827392578125,076aeh46,no routing aorpo rest_seed = 30 k = 6
1699,0,-32.550909996032715,076aeh46,no routing aorpo rest_seed = 30 k = 6
1751,0,-32.550909996032715,076aeh46,no routing aorpo rest_seed = 30 k = 6
1869,0,-31.878331184387207,076aeh46,no routing aorpo rest_seed = 30 k = 6
1921,0,-31.878331184387207,076aeh46,no routing aorpo rest_seed = 30 k = 6
2039,0,-31.77349281311035,076aeh46,no routing aorpo rest_seed = 30 k = 6
2091,0,-31.77349281311035,076aeh46,no routing aorpo rest_seed = 30 k = 6
2209,0,-31.560762405395508,076aeh46,no routing aorpo rest_seed = 30 k = 6
2261,0,-31.560762405395508,076aeh46,no routing aorpo rest_seed = 30 k = 6
2379,0,-31.934738159179688,076aeh46,no routing aorpo rest_seed = 30 k = 6
2431,0,-31.934738159179688,076aeh46,no routing aorpo rest_seed = 30 k = 6
2549,0,-30.628457069396973,076aeh46,no routing aorpo rest_seed = 30 k = 6
2601,0,-30.628457069396973,076aeh46,no routing aorpo rest_seed = 30 k = 6
2719,0,-31.158373832702637,076aeh46,no routing aorpo rest_seed = 30 k = 6
2771,0,-31.158373832702637,076aeh46,no routing aorpo rest_seed = 30 k = 6
2889,0,-31.063233375549316,076aeh46,no routing aorpo rest_seed = 30 k = 6
2941,0,-31.063233375549316,076aeh46,no routing aorpo rest_seed = 30 k = 6
3059,0,-30.286579132080078,076aeh46,no routing aorpo rest_seed = 30 k = 6
3111,0,-30.286579132080078,076aeh46,no routing aorpo rest_seed = 30 k = 6
3229,0,-30.838647842407227,076aeh46,no routing aorpo rest_seed = 30 k = 6
3281,0,-30.838647842407227,076aeh46,no routing aorpo rest_seed = 30 k = 6
3399,0,-29.141552925109863,076aeh46,no routing aorpo rest_seed = 30 k = 6
3451,0,-29.141552925109863,076aeh46,no routing aorpo rest_seed = 30 k = 6
3569,0,-29.361010551452637,076aeh46,no routing aorpo rest_seed = 30 k = 6
3621,0,-29.361010551452637,076aeh46,no routing aorpo rest_seed = 30 k = 6
3739,0,-30.140239715576172,076aeh46,no routing aorpo rest_seed = 30 k = 6
3791,0,-30.140239715576172,076aeh46,no routing aorpo rest_seed = 30 k = 6
3909,0,-30.35427188873291,076aeh46,no routing aorpo rest_seed = 30 k = 6
3961,1024,-30.35427188873291,076aeh46,no routing aorpo rest_seed = 30 k = 6
4079,1024,-30.179563522338867,076aeh46,no routing aorpo rest_seed = 30 k = 6
4131,2048,-30.179563522338867,076aeh46,no routing aorpo rest_seed = 30 k = 6
4249,2048,-31.175369262695312,076aeh46,no routing aorpo rest_seed = 30 k = 6
4301,3072,-31.175369262695312,076aeh46,no routing aorpo rest_seed = 30 k = 6
4419,3072,-30.711100578308105,076aeh46,no routing aorpo rest_seed = 30 k = 6
4471,4096,-30.711100578308105,076aeh46,no routing aorpo rest_seed = 30 k = 6
4589,4096,-29.344587326049805,076aeh46,no routing aorpo rest_seed = 30 k = 6
4641,5120,-29.344587326049805,076aeh46,no routing aorpo rest_seed = 30 k = 6
4759,5120,-30.034358978271484,076aeh46,no routing aorpo rest_seed = 30 k = 6
4811,6144,-30.034358978271484,076aeh46,no routing aorpo rest_seed = 30 k = 6
4929,6144,-29.555840492248535,076aeh46,no routing aorpo rest_seed = 30 k = 6
4981,7168,-29.555840492248535,076aeh46,no routing aorpo rest_seed = 30 k = 6
5099,7168,-30.25696086883545,076aeh46,no routing aorpo rest_seed = 30 k = 6
5151,8192,-30.25696086883545,076aeh46,no routing aorpo rest_seed = 30 k = 6
5269,8192,-30.47307300567627,076aeh46,no routing aorpo rest_seed = 30 k = 6
5321,9216,-30.47307300567627,076aeh46,no routing aorpo rest_seed = 30 k = 6
5439,9216,-30.354926109313965,076aeh46,no routing aorpo rest_seed = 30 k = 6
5491,10240,-30.354926109313965,076aeh46,no routing aorpo rest_seed = 30 k = 6
5609,10240,-30.17520046234131,076aeh46,no routing aorpo rest_seed = 30 k = 6
5661,11264,-30.17520046234131,076aeh46,no routing aorpo rest_seed = 30 k = 6
5779,11264,-30.786882400512695,076aeh46,no routing aorpo rest_seed = 30 k = 6
5831,12288,-30.786882400512695,076aeh46,no routing aorpo rest_seed = 30 k = 6
5949,12288,-32.206377029418945,076aeh46,no routing aorpo rest_seed = 30 k = 6
6001,13312,-32.206377029418945,076aeh46,no routing aorpo rest_seed = 30 k = 6
6119,13312,-31.326326370239258,076aeh46,no routing aorpo rest_seed = 30 k = 6
6171,14336,-31.326326370239258,076aeh46,no routing aorpo rest_seed = 30 k = 6
6289,14336,-31.86405658721924,076aeh46,no routing aorpo rest_seed = 30 k = 6
6341,15360,-31.86405658721924,076aeh46,no routing aorpo rest_seed = 30 k = 6
6459,15360,-30.466733932495117,076aeh46,no routing aorpo rest_seed = 30 k = 6
6511,16384,-30.466733932495117,076aeh46,no routing aorpo rest_seed = 30 k = 6
6629,16384,-28.884092330932617,076aeh46,no routing aorpo rest_seed = 30 k = 6
6681,17408,-28.884092330932617,076aeh46,no routing aorpo rest_seed = 30 k = 6
6799,17408,-28.632407188415527,076aeh46,no routing aorpo rest_seed = 30 k = 6
6851,18432,-28.632407188415527,076aeh46,no routing aorpo rest_seed = 30 k = 6
6969,18432,-30.773707389831543,076aeh46,no routing aorpo rest_seed = 30 k = 6
7021,19456,-30.773707389831543,076aeh46,no routing aorpo rest_seed = 30 k = 6
7139,19456,-30.09263515472412,076aeh46,no routing aorpo rest_seed = 30 k = 6
7191,20480,-30.09263515472412,076aeh46,no routing aorpo rest_seed = 30 k = 6
7309,20480,-29.656455993652344,076aeh46,no routing aorpo rest_seed = 30 k = 6
7361,21504,-29.656455993652344,076aeh46,no routing aorpo rest_seed = 30 k = 6
7479,21504,-29.323923110961914,076aeh46,no routing aorpo rest_seed = 30 k = 6
7531,22528,-29.323923110961914,076aeh46,no routing aorpo rest_seed = 30 k = 6
7649,22528,-32.06671333312988,076aeh46,no routing aorpo rest_seed = 30 k = 6
7701,23552,-32.06671333312988,076aeh46,no routing aorpo rest_seed = 30 k = 6
7819,23552,-28.95866298675537,076aeh46,no routing aorpo rest_seed = 30 k = 6
7871,24576,-28.95866298675537,076aeh46,no routing aorpo rest_seed = 30 k = 6
7989,24576,-29.162278175354004,076aeh46,no routing aorpo rest_seed = 30 k = 6
8041,25600,-29.162278175354004,076aeh46,no routing aorpo rest_seed = 30 k = 6
8159,25600,-30.43966293334961,076aeh46,no routing aorpo rest_seed = 30 k = 6
8211,26624,-30.43966293334961,076aeh46,no routing aorpo rest_seed = 30 k = 6
8329,26624,-29.70391082763672,076aeh46,no routing aorpo rest_seed = 30 k = 6
8381,27648,-29.70391082763672,076aeh46,no routing aorpo rest_seed = 30 k = 6
8499,27648,-27.596908569335938,076aeh46,no routing aorpo rest_seed = 30 k = 6
8551,28672,-27.596908569335938,076aeh46,no routing aorpo rest_seed = 30 k = 6
8669,28672,-28.805315017700195,076aeh46,no routing aorpo rest_seed = 30 k = 6
8721,29696,-28.805315017700195,076aeh46,no routing aorpo rest_seed = 30 k = 6
8839,29696,-27.425082206726074,076aeh46,no routing aorpo rest_seed = 30 k = 6
8891,30720,-27.425082206726074,076aeh46,no routing aorpo rest_seed = 30 k = 6
9009,30720,-28.979763984680176,076aeh46,no routing aorpo rest_seed = 30 k = 6
9061,31744,-28.979763984680176,076aeh46,no routing aorpo rest_seed = 30 k = 6
9179,31744,-29.263450622558594,076aeh46,no routing aorpo rest_seed = 30 k = 6
9231,32768,-29.263450622558594,076aeh46,no routing aorpo rest_seed = 30 k = 6
9349,32768,-27.92850112915039,076aeh46,no routing aorpo rest_seed = 30 k = 6
9401,33792,-27.92850112915039,076aeh46,no routing aorpo rest_seed = 30 k = 6
9519,33792,-28.018787384033203,076aeh46,no routing aorpo rest_seed = 30 k = 6
9571,34816,-28.018787384033203,076aeh46,no routing aorpo rest_seed = 30 k = 6
9689,34816,-28.85495948791504,076aeh46,no routing aorpo rest_seed = 30 k = 6
9741,35840,-28.85495948791504,076aeh46,no routing aorpo rest_seed = 30 k = 6
9859,35840,-27.478933334350586,076aeh46,no routing aorpo rest_seed = 30 k = 6
9911,36864,-27.478933334350586,076aeh46,no routing aorpo rest_seed = 30 k = 6
10029,36864,-28.424187660217285,076aeh46,no routing aorpo rest_seed = 30 k = 6
10081,37888,-28.424187660217285,076aeh46,no routing aorpo rest_seed = 30 k = 6
10199,37888,-28.310072898864746,076aeh46,no routing aorpo rest_seed = 30 k = 6
10251,38912,-28.310072898864746,076aeh46,no routing aorpo rest_seed = 30 k = 6
10369,38912,-29.05833148956299,076aeh46,no routing aorpo rest_seed = 30 k = 6
10421,39936,-29.05833148956299,076aeh46,no routing aorpo rest_seed = 30 k = 6
10539,39936,-28.18146514892578,076aeh46,no routing aorpo rest_seed = 30 k = 6
10591,40960,-28.18146514892578,076aeh46,no routing aorpo rest_seed = 30 k = 6
10709,40960,-28.308693885803223,076aeh46,no routing aorpo rest_seed = 30 k = 6
10761,41984,-28.308693885803223,076aeh46,no routing aorpo rest_seed = 30 k = 6
10879,41984,-29.131152153015137,076aeh46,no routing aorpo rest_seed = 30 k = 6
10931,43008,-29.131152153015137,076aeh46,no routing aorpo rest_seed = 30 k = 6
11049,43008,-28.462267875671387,076aeh46,no routing aorpo rest_seed = 30 k = 6
11101,44032,-28.462267875671387,076aeh46,no routing aorpo rest_seed = 30 k = 6
11219,44032,-28.51693820953369,076aeh46,no routing aorpo rest_seed = 30 k = 6
11271,45056,-28.51693820953369,076aeh46,no routing aorpo rest_seed = 30 k = 6
11389,45056,-28.368874549865723,076aeh46,no routing aorpo rest_seed = 30 k = 6
11441,46080,-28.368874549865723,076aeh46,no routing aorpo rest_seed = 30 k = 6
11559,46080,-28.85022258758545,076aeh46,no routing aorpo rest_seed = 30 k = 6
11611,47104,-28.85022258758545,076aeh46,no routing aorpo rest_seed = 30 k = 6
11729,47104,-29.23933982849121,076aeh46,no routing aorpo rest_seed = 30 k = 6
11781,48128,-29.23933982849121,076aeh46,no routing aorpo rest_seed = 30 k = 6
11899,48128,-27.976603507995605,076aeh46,no routing aorpo rest_seed = 30 k = 6
11951,49152,-27.976603507995605,076aeh46,no routing aorpo rest_seed = 30 k = 6
12069,49152,-28.071420669555664,076aeh46,no routing aorpo rest_seed = 30 k = 6
12121,50176,-28.071420669555664,076aeh46,no routing aorpo rest_seed = 30 k = 6
12239,50176,-28.116747856140137,076aeh46,no routing aorpo rest_seed = 30 k = 6
12291,51200,-28.116747856140137,076aeh46,no routing aorpo rest_seed = 30 k = 6
12409,51200,-28.311442375183105,076aeh46,no routing aorpo rest_seed = 30 k = 6
12461,52224,-28.311442375183105,076aeh46,no routing aorpo rest_seed = 30 k = 6
12579,52224,-28.788535118103027,076aeh46,no routing aorpo rest_seed = 30 k = 6
12631,53248,-28.788535118103027,076aeh46,no routing aorpo rest_seed = 30 k = 6
12749,53248,-27.091954231262207,076aeh46,no routing aorpo rest_seed = 30 k = 6
12801,54272,-27.091954231262207,076aeh46,no routing aorpo rest_seed = 30 k = 6
12919,54272,-29.227431297302246,076aeh46,no routing aorpo rest_seed = 30 k = 6
12971,55296,-29.227431297302246,076aeh46,no routing aorpo rest_seed = 30 k = 6
13089,55296,-27.352075576782227,076aeh46,no routing aorpo rest_seed = 30 k = 6
13141,57344,-27.352075576782227,076aeh46,no routing aorpo rest_seed = 30 k = 6
13259,57344,-27.96511173248291,076aeh46,no routing aorpo rest_seed = 30 k = 6
13311,58368,-27.96511173248291,076aeh46,no routing aorpo rest_seed = 30 k = 6
13429,58368,-27.413700103759766,076aeh46,no routing aorpo rest_seed = 30 k = 6
13481,60416,-27.413700103759766,076aeh46,no routing aorpo rest_seed = 30 k = 6
13599,60416,-27.400846481323242,076aeh46,no routing aorpo rest_seed = 30 k = 6
13651,61440,-27.400846481323242,076aeh46,no routing aorpo rest_seed = 30 k = 6
13769,61440,-26.990997314453125,076aeh46,no routing aorpo rest_seed = 30 k = 6
13821,62464,-26.990997314453125,076aeh46,no routing aorpo rest_seed = 30 k = 6
13939,62464,-28.08624267578125,076aeh46,no routing aorpo rest_seed = 30 k = 6
13991,63488,-28.08624267578125,076aeh46,no routing aorpo rest_seed = 30 k = 6
14109,63488,-26.683510780334473,076aeh46,no routing aorpo rest_seed = 30 k = 6
14161,64512,-26.683510780334473,076aeh46,no routing aorpo rest_seed = 30 k = 6
14279,64512,-27.920923233032227,076aeh46,no routing aorpo rest_seed = 30 k = 6
14331,65536,-27.920923233032227,076aeh46,no routing aorpo rest_seed = 30 k = 6
14449,65536,-27.176591873168945,076aeh46,no routing aorpo rest_seed = 30 k = 6
14501,66560,-27.176591873168945,076aeh46,no routing aorpo rest_seed = 30 k = 6
14619,66560,-27.746965408325195,076aeh46,no routing aorpo rest_seed = 30 k = 6
14671,67584,-27.746965408325195,076aeh46,no routing aorpo rest_seed = 30 k = 6
14789,67584,-26.99975299835205,076aeh46,no routing aorpo rest_seed = 30 k = 6
14841,68608,-26.99975299835205,076aeh46,no routing aorpo rest_seed = 30 k = 6
14959,68608,-27.929722785949707,076aeh46,no routing aorpo rest_seed = 30 k = 6
15011,69632,-27.929722785949707,076aeh46,no routing aorpo rest_seed = 30 k = 6
15129,69632,-27.63189125061035,076aeh46,no routing aorpo rest_seed = 30 k = 6
15181,70656,-27.63189125061035,076aeh46,no routing aorpo rest_seed = 30 k = 6
15299,70656,-28.604832649230957,076aeh46,no routing aorpo rest_seed = 30 k = 6
15351,71680,-28.604832649230957,076aeh46,no routing aorpo rest_seed = 30 k = 6
15469,71680,-27.689172744750977,076aeh46,no routing aorpo rest_seed = 30 k = 6
15521,72704,-27.689172744750977,076aeh46,no routing aorpo rest_seed = 30 k = 6
15639,72704,-27.28309440612793,076aeh46,no routing aorpo rest_seed = 30 k = 6
15691,73728,-27.28309440612793,076aeh46,no routing aorpo rest_seed = 30 k = 6
15809,73728,-26.965404510498047,076aeh46,no routing aorpo rest_seed = 30 k = 6
15861,74752,-26.965404510498047,076aeh46,no routing aorpo rest_seed = 30 k = 6
15979,74752,-27.037720680236816,076aeh46,no routing aorpo rest_seed = 30 k = 6
16031,75776,-27.037720680236816,076aeh46,no routing aorpo rest_seed = 30 k = 6
16149,75776,-27.138705253601074,076aeh46,no routing aorpo rest_seed = 30 k = 6
16201,76800,-27.138705253601074,076aeh46,no routing aorpo rest_seed = 30 k = 6
16319,76800,-27.673078536987305,076aeh46,no routing aorpo rest_seed = 30 k = 6
16371,77824,-27.673078536987305,076aeh46,no routing aorpo rest_seed = 30 k = 6
16489,77824,-27.693696975708008,076aeh46,no routing aorpo rest_seed = 30 k = 6
16541,78848,-27.693696975708008,076aeh46,no routing aorpo rest_seed = 30 k = 6
16659,78848,-27.10764980316162,076aeh46,no routing aorpo rest_seed = 30 k = 6
16711,79872,-27.10764980316162,076aeh46,no routing aorpo rest_seed = 30 k = 6
16829,79872,-27.5920352935791,076aeh46,no routing aorpo rest_seed = 30 k = 6
16881,80896,-27.5920352935791,076aeh46,no routing aorpo rest_seed = 30 k = 6
16999,80896,-28.184677124023438,076aeh46,no routing aorpo rest_seed = 30 k = 6
17051,81920,-28.184677124023438,076aeh46,no routing aorpo rest_seed = 30 k = 6
17169,81920,-26.88755226135254,076aeh46,no routing aorpo rest_seed = 30 k = 6
17221,82944,-26.88755226135254,076aeh46,no routing aorpo rest_seed = 30 k = 6
17339,82944,-26.538307189941406,076aeh46,no routing aorpo rest_seed = 30 k = 6
17391,83968,-26.538307189941406,076aeh46,no routing aorpo rest_seed = 30 k = 6
17509,83968,-26.720243453979492,076aeh46,no routing aorpo rest_seed = 30 k = 6
17561,84992,-26.720243453979492,076aeh46,no routing aorpo rest_seed = 30 k = 6
17679,84992,-27.73591423034668,076aeh46,no routing aorpo rest_seed = 30 k = 6
17731,86016,-27.73591423034668,076aeh46,no routing aorpo rest_seed = 30 k = 6
17849,86016,-27.23741912841797,076aeh46,no routing aorpo rest_seed = 30 k = 6
17901,88064,-27.23741912841797,076aeh46,no routing aorpo rest_seed = 30 k = 6
18019,88064,-26.71038055419922,076aeh46,no routing aorpo rest_seed = 30 k = 6
18071,89088,-26.71038055419922,076aeh46,no routing aorpo rest_seed = 30 k = 6
18189,89088,-27.117350578308105,076aeh46,no routing aorpo rest_seed = 30 k = 6
18241,91136,-27.117350578308105,076aeh46,no routing aorpo rest_seed = 30 k = 6
18359,91136,-27.107399940490723,076aeh46,no routing aorpo rest_seed = 30 k = 6
18411,93184,-27.107399940490723,076aeh46,no routing aorpo rest_seed = 30 k = 6
18529,93184,-26.573965072631836,076aeh46,no routing aorpo rest_seed = 30 k = 6
18581,95232,-26.573965072631836,076aeh46,no routing aorpo rest_seed = 30 k = 6
18699,95232,-27.995471000671387,076aeh46,no routing aorpo rest_seed = 30 k = 6
18751,96256,-27.995471000671387,076aeh46,no routing aorpo rest_seed = 30 k = 6
18869,96256,-28.103057861328125,076aeh46,no routing aorpo rest_seed = 30 k = 6
18921,98304,-28.103057861328125,076aeh46,no routing aorpo rest_seed = 30 k = 6
19039,98304,-28.1439151763916,076aeh46,no routing aorpo rest_seed = 30 k = 6
19091,100352,-28.1439151763916,076aeh46,no routing aorpo rest_seed = 30 k = 6
19209,100352,-27.902639389038086,076aeh46,no routing aorpo rest_seed = 30 k = 6
19261,102400,-27.902639389038086,076aeh46,no routing aorpo rest_seed = 30 k = 6
19379,102400,-27.118720054626465,076aeh46,no routing aorpo rest_seed = 30 k = 6
19431,104448,-27.118720054626465,076aeh46,no routing aorpo rest_seed = 30 k = 6
19549,104448,-27.57023048400879,076aeh46,no routing aorpo rest_seed = 30 k = 6
19601,106496,-27.57023048400879,076aeh46,no routing aorpo rest_seed = 30 k = 6
19719,106496,-26.67784309387207,076aeh46,no routing aorpo rest_seed = 30 k = 6
19771,108544,-26.67784309387207,076aeh46,no routing aorpo rest_seed = 30 k = 6
19889,108544,-27.73631191253662,076aeh46,no routing aorpo rest_seed = 30 k = 6
19941,110592,-27.73631191253662,076aeh46,no routing aorpo rest_seed = 30 k = 6
20059,110592,-28.20357322692871,076aeh46,no routing aorpo rest_seed = 30 k = 6
20111,112640,-28.20357322692871,076aeh46,no routing aorpo rest_seed = 30 k = 6
20229,112640,-27.379809379577637,076aeh46,no routing aorpo rest_seed = 30 k = 6
20281,114688,-27.379809379577637,076aeh46,no routing aorpo rest_seed = 30 k = 6
20399,114688,-26.928314208984375,076aeh46,no routing aorpo rest_seed = 30 k = 6
20451,116736,-26.928314208984375,076aeh46,no routing aorpo rest_seed = 30 k = 6
20569,116736,-27.84181022644043,076aeh46,no routing aorpo rest_seed = 30 k = 6
20621,118784,-27.84181022644043,076aeh46,no routing aorpo rest_seed = 30 k = 6
20739,118784,-26.92305088043213,076aeh46,no routing aorpo rest_seed = 30 k = 6
20791,120832,-26.92305088043213,076aeh46,no routing aorpo rest_seed = 30 k = 6
20909,120832,-27.761595726013184,076aeh46,no routing aorpo rest_seed = 30 k = 6
20961,122880,-27.761595726013184,076aeh46,no routing aorpo rest_seed = 30 k = 6
21079,122880,-27.439205169677734,076aeh46,no routing aorpo rest_seed = 30 k = 6
21131,124928,-27.439205169677734,076aeh46,no routing aorpo rest_seed = 30 k = 6
21249,124928,-26.84622287750244,076aeh46,no routing aorpo rest_seed = 30 k = 6
21301,126976,-26.84622287750244,076aeh46,no routing aorpo rest_seed = 30 k = 6
21419,126976,-27.470617294311523,076aeh46,no routing aorpo rest_seed = 30 k = 6
21471,129024,-27.470617294311523,076aeh46,no routing aorpo rest_seed = 30 k = 6
21589,129024,-27.058581352233887,076aeh46,no routing aorpo rest_seed = 30 k = 6
21641,131072,-27.058581352233887,076aeh46,no routing aorpo rest_seed = 30 k = 6
21759,131072,-26.131741523742676,076aeh46,no routing aorpo rest_seed = 30 k = 6
21811,133120,-26.131741523742676,076aeh46,no routing aorpo rest_seed = 30 k = 6
21929,133120,-26.595130920410156,076aeh46,no routing aorpo rest_seed = 30 k = 6
21981,135168,-26.595130920410156,076aeh46,no routing aorpo rest_seed = 30 k = 6
22099,135168,-26.428433418273926,076aeh46,no routing aorpo rest_seed = 30 k = 6
22151,137216,-26.428433418273926,076aeh46,no routing aorpo rest_seed = 30 k = 6
22269,137216,-25.558730125427246,076aeh46,no routing aorpo rest_seed = 30 k = 6
22321,139264,-25.558730125427246,076aeh46,no routing aorpo rest_seed = 30 k = 6
22439,139264,-26.705206871032715,076aeh46,no routing aorpo rest_seed = 30 k = 6
22491,141312,-26.705206871032715,076aeh46,no routing aorpo rest_seed = 30 k = 6
22609,141312,-26.41859245300293,076aeh46,no routing aorpo rest_seed = 30 k = 6
22661,143360,-26.41859245300293,076aeh46,no routing aorpo rest_seed = 30 k = 6
22779,143360,-27.034825325012207,076aeh46,no routing aorpo rest_seed = 30 k = 6
22831,145408,-27.034825325012207,076aeh46,no routing aorpo rest_seed = 30 k = 6
22949,145408,-26.24496078491211,076aeh46,no routing aorpo rest_seed = 30 k = 6
23001,147456,-26.24496078491211,076aeh46,no routing aorpo rest_seed = 30 k = 6
23119,147456,-26.659846305847168,076aeh46,no routing aorpo rest_seed = 30 k = 6
23171,149504,-26.659846305847168,076aeh46,no routing aorpo rest_seed = 30 k = 6
23289,149504,-26.46388816833496,076aeh46,no routing aorpo rest_seed = 30 k = 6
23341,151552,-26.46388816833496,076aeh46,no routing aorpo rest_seed = 30 k = 6
23459,151552,-25.33154296875,076aeh46,no routing aorpo rest_seed = 30 k = 6
23511,153600,-25.33154296875,076aeh46,no routing aorpo rest_seed = 30 k = 6
23629,153600,-26.46870708465576,076aeh46,no routing aorpo rest_seed = 30 k = 6
23681,155648,-26.46870708465576,076aeh46,no routing aorpo rest_seed = 30 k = 6
23799,155648,-26.21392250061035,076aeh46,no routing aorpo rest_seed = 30 k = 6
23851,157696,-26.21392250061035,076aeh46,no routing aorpo rest_seed = 30 k = 6
23969,157696,-26.621914863586426,076aeh46,no routing aorpo rest_seed = 30 k = 6
24021,159744,-26.621914863586426,076aeh46,no routing aorpo rest_seed = 30 k = 6
24139,159744,-26.249566078186035,076aeh46,no routing aorpo rest_seed = 30 k = 6
24191,161792,-26.249566078186035,076aeh46,no routing aorpo rest_seed = 30 k = 6
24309,161792,-25.541481971740723,076aeh46,no routing aorpo rest_seed = 30 k = 6
24361,163840,-25.541481971740723,076aeh46,no routing aorpo rest_seed = 30 k = 6
24479,163840,-26.040854454040527,076aeh46,no routing aorpo rest_seed = 30 k = 6
24531,165888,-26.040854454040527,076aeh46,no routing aorpo rest_seed = 30 k = 6
24649,165888,-26.517952919006348,076aeh46,no routing aorpo rest_seed = 30 k = 6
24701,167936,-26.517952919006348,076aeh46,no routing aorpo rest_seed = 30 k = 6
24819,167936,-26.4820613861084,076aeh46,no routing aorpo rest_seed = 30 k = 6
24871,169984,-26.4820613861084,076aeh46,no routing aorpo rest_seed = 30 k = 6
24989,169984,-26.362499237060547,076aeh46,no routing aorpo rest_seed = 30 k = 6
25041,172032,-26.362499237060547,076aeh46,no routing aorpo rest_seed = 30 k = 6
25159,172032,-26.491609573364258,076aeh46,no routing aorpo rest_seed = 30 k = 6
25211,174080,-26.491609573364258,076aeh46,no routing aorpo rest_seed = 30 k = 6
25329,174080,-26.8051176071167,076aeh46,no routing aorpo rest_seed = 30 k = 6
25381,176128,-26.8051176071167,076aeh46,no routing aorpo rest_seed = 30 k = 6
25499,176128,-25.855236053466797,076aeh46,no routing aorpo rest_seed = 30 k = 6
25551,178176,-25.855236053466797,076aeh46,no routing aorpo rest_seed = 30 k = 6
25669,178176,-26.5523681640625,076aeh46,no routing aorpo rest_seed = 30 k = 6
25721,180224,-26.5523681640625,076aeh46,no routing aorpo rest_seed = 30 k = 6
25839,180224,-26.147788047790527,076aeh46,no routing aorpo rest_seed = 30 k = 6
25891,182272,-26.147788047790527,076aeh46,no routing aorpo rest_seed = 30 k = 6
26009,182272,-26.017593383789062,076aeh46,no routing aorpo rest_seed = 30 k = 6
26061,184320,-26.017593383789062,076aeh46,no routing aorpo rest_seed = 30 k = 6
26179,184320,-25.992591857910156,076aeh46,no routing aorpo rest_seed = 30 k = 6
26231,186368,-25.992591857910156,076aeh46,no routing aorpo rest_seed = 30 k = 6
26349,186368,-26.556381225585938,076aeh46,no routing aorpo rest_seed = 30 k = 6
26401,188416,-26.556381225585938,076aeh46,no routing aorpo rest_seed = 30 k = 6
26519,188416,-26.09475803375244,076aeh46,no routing aorpo rest_seed = 30 k = 6
26571,190464,-26.09475803375244,076aeh46,no routing aorpo rest_seed = 30 k = 6
26689,190464,-26.498984336853027,076aeh46,no routing aorpo rest_seed = 30 k = 6
26741,192512,-26.498984336853027,076aeh46,no routing aorpo rest_seed = 30 k = 6
26859,192512,-25.3936185836792,076aeh46,no routing aorpo rest_seed = 30 k = 6
26911,194560,-25.3936185836792,076aeh46,no routing aorpo rest_seed = 30 k = 6
27029,194560,-26.160242080688477,076aeh46,no routing aorpo rest_seed = 30 k = 6
27081,196608,-26.160242080688477,076aeh46,no routing aorpo rest_seed = 30 k = 6
27199,196608,-26.390609741210938,076aeh46,no routing aorpo rest_seed = 30 k = 6
27251,198656,-26.390609741210938,076aeh46,no routing aorpo rest_seed = 30 k = 6
27369,198656,-26.203306198120117,076aeh46,no routing aorpo rest_seed = 30 k = 6
27421,200704,-26.203306198120117,076aeh46,no routing aorpo rest_seed = 30 k = 6
27539,200704,-26.974377632141113,076aeh46,no routing aorpo rest_seed = 30 k = 6
27591,202752,-26.974377632141113,076aeh46,no routing aorpo rest_seed = 30 k = 6
27709,202752,-26.564650535583496,076aeh46,no routing aorpo rest_seed = 30 k = 6
27761,204800,-26.564650535583496,076aeh46,no routing aorpo rest_seed = 30 k = 6
27879,204800,-26.117365837097168,076aeh46,no routing aorpo rest_seed = 30 k = 6
27931,206848,-26.117365837097168,076aeh46,no routing aorpo rest_seed = 30 k = 6
28049,206848,-26.024648666381836,076aeh46,no routing aorpo rest_seed = 30 k = 6
28101,208896,-26.024648666381836,076aeh46,no routing aorpo rest_seed = 30 k = 6
28219,208896,-26.131718635559082,076aeh46,no routing aorpo rest_seed = 30 k = 6
28271,210944,-26.131718635559082,076aeh46,no routing aorpo rest_seed = 30 k = 6
28389,210944,-25.8944091796875,076aeh46,no routing aorpo rest_seed = 30 k = 6
28441,212992,-25.8944091796875,076aeh46,no routing aorpo rest_seed = 30 k = 6
28559,212992,-25.720651626586914,076aeh46,no routing aorpo rest_seed = 30 k = 6
28611,215040,-25.720651626586914,076aeh46,no routing aorpo rest_seed = 30 k = 6
28729,215040,-26.27347469329834,076aeh46,no routing aorpo rest_seed = 30 k = 6
28781,217088,-26.27347469329834,076aeh46,no routing aorpo rest_seed = 30 k = 6
28899,217088,-26.01695156097412,076aeh46,no routing aorpo rest_seed = 30 k = 6
28951,219136,-26.01695156097412,076aeh46,no routing aorpo rest_seed = 30 k = 6
29069,219136,-26.346869468688965,076aeh46,no routing aorpo rest_seed = 30 k = 6
29121,221184,-26.346869468688965,076aeh46,no routing aorpo rest_seed = 30 k = 6
29239,221184,-25.72874641418457,076aeh46,no routing aorpo rest_seed = 30 k = 6
29291,223232,-25.72874641418457,076aeh46,no routing aorpo rest_seed = 30 k = 6
29409,223232,-25.87654209136963,076aeh46,no routing aorpo rest_seed = 30 k = 6
29461,225280,-25.87654209136963,076aeh46,no routing aorpo rest_seed = 30 k = 6
29579,225280,-26.21865463256836,076aeh46,no routing aorpo rest_seed = 30 k = 6
29631,227328,-26.21865463256836,076aeh46,no routing aorpo rest_seed = 30 k = 6
29749,227328,-25.824040412902832,076aeh46,no routing aorpo rest_seed = 30 k = 6
29801,229376,-25.824040412902832,076aeh46,no routing aorpo rest_seed = 30 k = 6
29919,229376,-25.455618858337402,076aeh46,no routing aorpo rest_seed = 30 k = 6
29971,231424,-25.455618858337402,076aeh46,no routing aorpo rest_seed = 30 k = 6
30089,231424,-25.841166496276855,076aeh46,no routing aorpo rest_seed = 30 k = 6
30141,233472,-25.841166496276855,076aeh46,no routing aorpo rest_seed = 30 k = 6
30259,233472,-25.566845893859863,076aeh46,no routing aorpo rest_seed = 30 k = 6
30311,235520,-25.566845893859863,076aeh46,no routing aorpo rest_seed = 30 k = 6
30429,235520,-26.08780574798584,076aeh46,no routing aorpo rest_seed = 30 k = 6
30481,237568,-26.08780574798584,076aeh46,no routing aorpo rest_seed = 30 k = 6
30599,237568,-26.0707950592041,076aeh46,no routing aorpo rest_seed = 30 k = 6
30651,239616,-26.0707950592041,076aeh46,no routing aorpo rest_seed = 30 k = 6
30769,239616,-25.77058219909668,076aeh46,no routing aorpo rest_seed = 30 k = 6
30821,241664,-25.77058219909668,076aeh46,no routing aorpo rest_seed = 30 k = 6
30939,241664,-26.02471160888672,076aeh46,no routing aorpo rest_seed = 30 k = 6
30991,243712,-26.02471160888672,076aeh46,no routing aorpo rest_seed = 30 k = 6
31109,243712,-24.998337745666504,076aeh46,no routing aorpo rest_seed = 30 k = 6
31161,245760,-24.998337745666504,076aeh46,no routing aorpo rest_seed = 30 k = 6
31279,245760,-25.111968994140625,076aeh46,no routing aorpo rest_seed = 30 k = 6
31331,247808,-25.111968994140625,076aeh46,no routing aorpo rest_seed = 30 k = 6
31449,247808,-25.270200729370117,076aeh46,no routing aorpo rest_seed = 30 k = 6
31501,249856,-25.270200729370117,076aeh46,no routing aorpo rest_seed = 30 k = 6
31619,249856,-26.281787872314453,076aeh46,no routing aorpo rest_seed = 30 k = 6
31671,251904,-26.281787872314453,076aeh46,no routing aorpo rest_seed = 30 k = 6
31789,251904,-25.42342758178711,076aeh46,no routing aorpo rest_seed = 30 k = 6
31841,253952,-25.42342758178711,076aeh46,no routing aorpo rest_seed = 30 k = 6
31959,253952,-25.707144737243652,076aeh46,no routing aorpo rest_seed = 30 k = 6
32011,256000,-25.707144737243652,076aeh46,no routing aorpo rest_seed = 30 k = 6
32129,256000,-25.500418663024902,076aeh46,no routing aorpo rest_seed = 30 k = 6
32181,258048,-25.500418663024902,076aeh46,no routing aorpo rest_seed = 30 k = 6
32299,258048,-25.220157623291016,076aeh46,no routing aorpo rest_seed = 30 k = 6
32351,260096,-25.220157623291016,076aeh46,no routing aorpo rest_seed = 30 k = 6
32469,260096,-25.534730911254883,076aeh46,no routing aorpo rest_seed = 30 k = 6
32521,262144,-25.534730911254883,076aeh46,no routing aorpo rest_seed = 30 k = 6
32639,262144,-25.945518493652344,076aeh46,no routing aorpo rest_seed = 30 k = 6
32691,264192,-25.945518493652344,076aeh46,no routing aorpo rest_seed = 30 k = 6
32809,264192,-25.87243366241455,076aeh46,no routing aorpo rest_seed = 30 k = 6
32861,266240,-25.87243366241455,076aeh46,no routing aorpo rest_seed = 30 k = 6
32979,266240,-25.21953010559082,076aeh46,no routing aorpo rest_seed = 30 k = 6
33031,268288,-25.21953010559082,076aeh46,no routing aorpo rest_seed = 30 k = 6
33149,268288,-25.737418174743652,076aeh46,no routing aorpo rest_seed = 30 k = 6
33201,270336,-25.737418174743652,076aeh46,no routing aorpo rest_seed = 30 k = 6
33319,270336,-25.85039234161377,076aeh46,no routing aorpo rest_seed = 30 k = 6
33371,272384,-25.85039234161377,076aeh46,no routing aorpo rest_seed = 30 k = 6
33489,272384,-24.725594520568848,076aeh46,no routing aorpo rest_seed = 30 k = 6
33541,274432,-24.725594520568848,076aeh46,no routing aorpo rest_seed = 30 k = 6
33659,274432,-25.348946571350098,076aeh46,no routing aorpo rest_seed = 30 k = 6
33711,276480,-25.348946571350098,076aeh46,no routing aorpo rest_seed = 30 k = 6
33829,276480,-26.060704231262207,076aeh46,no routing aorpo rest_seed = 30 k = 6
33881,278528,-26.060704231262207,076aeh46,no routing aorpo rest_seed = 30 k = 6
33999,278528,-25.034465789794922,076aeh46,no routing aorpo rest_seed = 30 k = 6
51,0,,yr331itg,no routing aorpo rest_seed = 40
169,0,-61.551897048950195,yr331itg,no routing aorpo rest_seed = 40
221,0,-61.551897048950195,yr331itg,no routing aorpo rest_seed = 40
339,0,-49.63385200500488,yr331itg,no routing aorpo rest_seed = 40
391,0,-49.63385200500488,yr331itg,no routing aorpo rest_seed = 40
509,0,-48.92191028594971,yr331itg,no routing aorpo rest_seed = 40
561,0,-48.92191028594971,yr331itg,no routing aorpo rest_seed = 40
679,0,-47.85871410369873,yr331itg,no routing aorpo rest_seed = 40
731,0,-47.85871410369873,yr331itg,no routing aorpo rest_seed = 40
849,0,-45.85086631774902,yr331itg,no routing aorpo rest_seed = 40
901,0,-45.85086631774902,yr331itg,no routing aorpo rest_seed = 40
1019,0,-46.907602310180664,yr331itg,no routing aorpo rest_seed = 40
1071,0,-46.907602310180664,yr331itg,no routing aorpo rest_seed = 40
1189,0,-47.41207218170166,yr331itg,no routing aorpo rest_seed = 40
1241,0,-47.41207218170166,yr331itg,no routing aorpo rest_seed = 40
1359,0,-46.882452964782715,yr331itg,no routing aorpo rest_seed = 40
1411,0,-46.882452964782715,yr331itg,no routing aorpo rest_seed = 40
1529,0,-46.73961162567139,yr331itg,no routing aorpo rest_seed = 40
1581,0,-46.73961162567139,yr331itg,no routing aorpo rest_seed = 40
1699,0,-46.908080101013184,yr331itg,no routing aorpo rest_seed = 40
1751,0,-46.908080101013184,yr331itg,no routing aorpo rest_seed = 40
1869,0,-47.322861671447754,yr331itg,no routing aorpo rest_seed = 40
1921,0,-47.322861671447754,yr331itg,no routing aorpo rest_seed = 40
2039,0,-47.08043670654297,yr331itg,no routing aorpo rest_seed = 40
2091,0,-47.08043670654297,yr331itg,no routing aorpo rest_seed = 40
2209,0,-45.78326225280762,yr331itg,no routing aorpo rest_seed = 40
2261,0,-45.78326225280762,yr331itg,no routing aorpo rest_seed = 40
2379,0,-43.7745246887207,yr331itg,no routing aorpo rest_seed = 40
2431,0,-43.7745246887207,yr331itg,no routing aorpo rest_seed = 40
2549,0,-45.091546058654785,yr331itg,no routing aorpo rest_seed = 40
2601,0,-45.091546058654785,yr331itg,no routing aorpo rest_seed = 40
2719,0,-46.67554569244385,yr331itg,no routing aorpo rest_seed = 40
2771,0,-46.67554569244385,yr331itg,no routing aorpo rest_seed = 40
2889,0,-46.012168884277344,yr331itg,no routing aorpo rest_seed = 40
2941,0,-46.012168884277344,yr331itg,no routing aorpo rest_seed = 40
3059,0,-45.82560729980469,yr331itg,no routing aorpo rest_seed = 40
3111,0,-45.82560729980469,yr331itg,no routing aorpo rest_seed = 40
3229,0,-45.24870300292969,yr331itg,no routing aorpo rest_seed = 40
3281,0,-45.24870300292969,yr331itg,no routing aorpo rest_seed = 40
3399,0,-45.70664310455322,yr331itg,no routing aorpo rest_seed = 40
3451,0,-45.70664310455322,yr331itg,no routing aorpo rest_seed = 40
3569,0,-45.86112117767334,yr331itg,no routing aorpo rest_seed = 40
3621,0,-45.86112117767334,yr331itg,no routing aorpo rest_seed = 40
3739,0,-43.842684745788574,yr331itg,no routing aorpo rest_seed = 40
3791,0,-43.842684745788574,yr331itg,no routing aorpo rest_seed = 40
3909,0,-45.000765800476074,yr331itg,no routing aorpo rest_seed = 40
3961,1024,-45.000765800476074,yr331itg,no routing aorpo rest_seed = 40
4079,1024,-42.97589111328125,yr331itg,no routing aorpo rest_seed = 40
4131,2048,-42.97589111328125,yr331itg,no routing aorpo rest_seed = 40
4249,2048,-45.45202922821045,yr331itg,no routing aorpo rest_seed = 40
4301,3072,-45.45202922821045,yr331itg,no routing aorpo rest_seed = 40
4419,3072,-42.40382957458496,yr331itg,no routing aorpo rest_seed = 40
4471,4096,-42.40382957458496,yr331itg,no routing aorpo rest_seed = 40
4589,4096,-43.71457481384277,yr331itg,no routing aorpo rest_seed = 40
4641,5120,-43.71457481384277,yr331itg,no routing aorpo rest_seed = 40
4759,5120,-42.16762351989746,yr331itg,no routing aorpo rest_seed = 40
4811,6144,-42.16762351989746,yr331itg,no routing aorpo rest_seed = 40
4929,6144,-40.81892967224121,yr331itg,no routing aorpo rest_seed = 40
4981,7168,-40.81892967224121,yr331itg,no routing aorpo rest_seed = 40
5099,7168,-40.46806335449219,yr331itg,no routing aorpo rest_seed = 40
5151,8192,-40.46806335449219,yr331itg,no routing aorpo rest_seed = 40
5269,8192,-40.2330207824707,yr331itg,no routing aorpo rest_seed = 40
5321,9216,-40.2330207824707,yr331itg,no routing aorpo rest_seed = 40
5439,9216,-40.06608963012695,yr331itg,no routing aorpo rest_seed = 40
5491,10240,-40.06608963012695,yr331itg,no routing aorpo rest_seed = 40
5609,10240,-39.839059829711914,yr331itg,no routing aorpo rest_seed = 40
5661,11264,-39.839059829711914,yr331itg,no routing aorpo rest_seed = 40
5779,11264,-39.41889953613281,yr331itg,no routing aorpo rest_seed = 40
5831,12288,-39.41889953613281,yr331itg,no routing aorpo rest_seed = 40
5949,12288,-39.809067726135254,yr331itg,no routing aorpo rest_seed = 40
6001,13312,-39.809067726135254,yr331itg,no routing aorpo rest_seed = 40
6119,13312,-40.22228527069092,yr331itg,no routing aorpo rest_seed = 40
6171,14336,-40.22228527069092,yr331itg,no routing aorpo rest_seed = 40
6289,14336,-39.6464262008667,yr331itg,no routing aorpo rest_seed = 40
6341,15360,-39.6464262008667,yr331itg,no routing aorpo rest_seed = 40
6459,15360,-39.69989776611328,yr331itg,no routing aorpo rest_seed = 40
6511,16384,-39.69989776611328,yr331itg,no routing aorpo rest_seed = 40
6629,16384,-39.77785778045654,yr331itg,no routing aorpo rest_seed = 40
6681,17408,-39.77785778045654,yr331itg,no routing aorpo rest_seed = 40
6799,17408,-40.10990810394287,yr331itg,no routing aorpo rest_seed = 40
6851,18432,-40.10990810394287,yr331itg,no routing aorpo rest_seed = 40
6969,18432,-39.76985168457031,yr331itg,no routing aorpo rest_seed = 40
7021,19456,-39.76985168457031,yr331itg,no routing aorpo rest_seed = 40
7139,19456,-39.739501953125,yr331itg,no routing aorpo rest_seed = 40
7191,20480,-39.739501953125,yr331itg,no routing aorpo rest_seed = 40
7309,20480,-39.85798740386963,yr331itg,no routing aorpo rest_seed = 40
7361,21504,-39.85798740386963,yr331itg,no routing aorpo rest_seed = 40
7479,21504,-39.84211730957031,yr331itg,no routing aorpo rest_seed = 40
7531,22528,-39.84211730957031,yr331itg,no routing aorpo rest_seed = 40
7649,22528,-39.36202526092529,yr331itg,no routing aorpo rest_seed = 40
7701,23552,-39.36202526092529,yr331itg,no routing aorpo rest_seed = 40
7819,23552,-39.4035120010376,yr331itg,no routing aorpo rest_seed = 40
7871,24576,-39.4035120010376,yr331itg,no routing aorpo rest_seed = 40
7989,24576,-39.789916038513184,yr331itg,no routing aorpo rest_seed = 40
8041,25600,-39.789916038513184,yr331itg,no routing aorpo rest_seed = 40
8159,25600,-40.08152675628662,yr331itg,no routing aorpo rest_seed = 40
8211,26624,-40.08152675628662,yr331itg,no routing aorpo rest_seed = 40
8329,26624,-40.075910568237305,yr331itg,no routing aorpo rest_seed = 40
8381,27648,-40.075910568237305,yr331itg,no routing aorpo rest_seed = 40
8499,27648,-39.65248107910156,yr331itg,no routing aorpo rest_seed = 40
8551,28672,-39.65248107910156,yr331itg,no routing aorpo rest_seed = 40
8669,28672,-39.13268852233887,yr331itg,no routing aorpo rest_seed = 40
8721,29696,-39.13268852233887,yr331itg,no routing aorpo rest_seed = 40
8839,29696,-39.075754165649414,yr331itg,no routing aorpo rest_seed = 40
8891,30720,-39.075754165649414,yr331itg,no routing aorpo rest_seed = 40
9009,30720,-40.284714698791504,yr331itg,no routing aorpo rest_seed = 40
9061,31744,-40.284714698791504,yr331itg,no routing aorpo rest_seed = 40
9179,31744,-39.294663429260254,yr331itg,no routing aorpo rest_seed = 40
9231,32768,-39.294663429260254,yr331itg,no routing aorpo rest_seed = 40
9349,32768,-39.440908432006836,yr331itg,no routing aorpo rest_seed = 40
9401,33792,-39.440908432006836,yr331itg,no routing aorpo rest_seed = 40
9519,33792,-39.587602615356445,yr331itg,no routing aorpo rest_seed = 40
9571,34816,-39.587602615356445,yr331itg,no routing aorpo rest_seed = 40
9689,34816,-39.26448917388916,yr331itg,no routing aorpo rest_seed = 40
9741,35840,-39.26448917388916,yr331itg,no routing aorpo rest_seed = 40
9859,35840,-39.005531311035156,yr331itg,no routing aorpo rest_seed = 40
9911,36864,-39.005531311035156,yr331itg,no routing aorpo rest_seed = 40
10029,36864,-39.159335136413574,yr331itg,no routing aorpo rest_seed = 40
10081,37888,-39.159335136413574,yr331itg,no routing aorpo rest_seed = 40
10199,37888,-39.3003044128418,yr331itg,no routing aorpo rest_seed = 40
10251,38912,-39.3003044128418,yr331itg,no routing aorpo rest_seed = 40
10369,38912,-39.85929584503174,yr331itg,no routing aorpo rest_seed = 40
10421,39936,-39.85929584503174,yr331itg,no routing aorpo rest_seed = 40
10539,39936,-38.960737228393555,yr331itg,no routing aorpo rest_seed = 40
10591,40960,-38.960737228393555,yr331itg,no routing aorpo rest_seed = 40
10709,40960,-39.269408226013184,yr331itg,no routing aorpo rest_seed = 40
10761,41984,-39.269408226013184,yr331itg,no routing aorpo rest_seed = 40
10879,41984,-39.449570655822754,yr331itg,no routing aorpo rest_seed = 40
10931,43008,-39.449570655822754,yr331itg,no routing aorpo rest_seed = 40
11049,43008,-39.18278789520264,yr331itg,no routing aorpo rest_seed = 40
11101,44032,-39.18278789520264,yr331itg,no routing aorpo rest_seed = 40
11219,44032,-39.207451820373535,yr331itg,no routing aorpo rest_seed = 40
11271,45056,-39.207451820373535,yr331itg,no routing aorpo rest_seed = 40
11389,45056,-39.32326126098633,yr331itg,no routing aorpo rest_seed = 40
11441,46080,-39.32326126098633,yr331itg,no routing aorpo rest_seed = 40
11559,46080,-39.09043312072754,yr331itg,no routing aorpo rest_seed = 40
11611,47104,-39.09043312072754,yr331itg,no routing aorpo rest_seed = 40
11729,47104,-39.7045259475708,yr331itg,no routing aorpo rest_seed = 40
11781,48128,-39.7045259475708,yr331itg,no routing aorpo rest_seed = 40
11899,48128,-38.99329090118408,yr331itg,no routing aorpo rest_seed = 40
11951,49152,-38.99329090118408,yr331itg,no routing aorpo rest_seed = 40
12069,49152,-39.36129856109619,yr331itg,no routing aorpo rest_seed = 40
12121,50176,-39.36129856109619,yr331itg,no routing aorpo rest_seed = 40
12239,50176,-39.01639747619629,yr331itg,no routing aorpo rest_seed = 40
12291,51200,-39.01639747619629,yr331itg,no routing aorpo rest_seed = 40
12409,51200,-39.138723373413086,yr331itg,no routing aorpo rest_seed = 40
12461,52224,-39.138723373413086,yr331itg,no routing aorpo rest_seed = 40
12579,52224,-39.268999099731445,yr331itg,no routing aorpo rest_seed = 40
12631,53248,-39.268999099731445,yr331itg,no routing aorpo rest_seed = 40
12749,53248,-39.33506488800049,yr331itg,no routing aorpo rest_seed = 40
12801,54272,-39.33506488800049,yr331itg,no routing aorpo rest_seed = 40
12919,54272,-38.98423767089844,yr331itg,no routing aorpo rest_seed = 40
12971,56320,-38.98423767089844,yr331itg,no routing aorpo rest_seed = 40
13089,56320,-38.84507942199707,yr331itg,no routing aorpo rest_seed = 40
13141,58368,-38.84507942199707,yr331itg,no routing aorpo rest_seed = 40
13259,58368,-39.09433937072754,yr331itg,no routing aorpo rest_seed = 40
13311,59392,-39.09433937072754,yr331itg,no routing aorpo rest_seed = 40
13429,59392,-38.921828269958496,yr331itg,no routing aorpo rest_seed = 40
13481,60416,-38.921828269958496,yr331itg,no routing aorpo rest_seed = 40
13599,60416,-39.15444278717041,yr331itg,no routing aorpo rest_seed = 40
13651,61440,-39.15444278717041,yr331itg,no routing aorpo rest_seed = 40
13769,61440,-38.7759952545166,yr331itg,no routing aorpo rest_seed = 40
13821,63488,-38.7759952545166,yr331itg,no routing aorpo rest_seed = 40
13939,63488,-39.05515670776367,yr331itg,no routing aorpo rest_seed = 40
13991,64512,-39.05515670776367,yr331itg,no routing aorpo rest_seed = 40
14109,64512,-39.30374336242676,yr331itg,no routing aorpo rest_seed = 40
14161,65536,-39.30374336242676,yr331itg,no routing aorpo rest_seed = 40
14279,65536,-38.833683013916016,yr331itg,no routing aorpo rest_seed = 40
14331,66560,-38.833683013916016,yr331itg,no routing aorpo rest_seed = 40
14449,66560,-38.59377384185791,yr331itg,no routing aorpo rest_seed = 40
14501,67584,-38.59377384185791,yr331itg,no routing aorpo rest_seed = 40
14619,67584,-38.88908386230469,yr331itg,no routing aorpo rest_seed = 40
14671,68608,-38.88908386230469,yr331itg,no routing aorpo rest_seed = 40
14789,68608,-38.51444339752197,yr331itg,no routing aorpo rest_seed = 40
14841,69632,-38.51444339752197,yr331itg,no routing aorpo rest_seed = 40
14959,69632,-38.6746301651001,yr331itg,no routing aorpo rest_seed = 40
15011,71680,-38.6746301651001,yr331itg,no routing aorpo rest_seed = 40
15129,71680,-39.05260181427002,yr331itg,no routing aorpo rest_seed = 40
15181,73728,-39.05260181427002,yr331itg,no routing aorpo rest_seed = 40
15299,73728,-38.90155029296875,yr331itg,no routing aorpo rest_seed = 40
15351,75776,-38.90155029296875,yr331itg,no routing aorpo rest_seed = 40
15469,75776,-38.27565956115723,yr331itg,no routing aorpo rest_seed = 40
15521,77824,-38.27565956115723,yr331itg,no routing aorpo rest_seed = 40
15639,77824,-38.05974769592285,yr331itg,no routing aorpo rest_seed = 40
15691,79872,-38.05974769592285,yr331itg,no routing aorpo rest_seed = 40
15809,79872,-38.70859241485596,yr331itg,no routing aorpo rest_seed = 40
15861,81920,-38.70859241485596,yr331itg,no routing aorpo rest_seed = 40
15979,81920,-38.99755573272705,yr331itg,no routing aorpo rest_seed = 40
16031,83968,-38.99755573272705,yr331itg,no routing aorpo rest_seed = 40
16149,83968,-38.38642120361328,yr331itg,no routing aorpo rest_seed = 40
16201,86016,-38.38642120361328,yr331itg,no routing aorpo rest_seed = 40
16319,86016,-38.68687152862549,yr331itg,no routing aorpo rest_seed = 40
16371,88064,-38.68687152862549,yr331itg,no routing aorpo rest_seed = 40
16489,88064,-38.86544990539551,yr331itg,no routing aorpo rest_seed = 40
16541,90112,-38.86544990539551,yr331itg,no routing aorpo rest_seed = 40
16659,90112,-38.862284660339355,yr331itg,no routing aorpo rest_seed = 40
16711,92160,-38.862284660339355,yr331itg,no routing aorpo rest_seed = 40
16829,92160,-38.52816677093506,yr331itg,no routing aorpo rest_seed = 40
16881,94208,-38.52816677093506,yr331itg,no routing aorpo rest_seed = 40
16999,94208,-38.78233051300049,yr331itg,no routing aorpo rest_seed = 40
17051,96256,-38.78233051300049,yr331itg,no routing aorpo rest_seed = 40
17169,96256,-38.55661106109619,yr331itg,no routing aorpo rest_seed = 40
17221,98304,-38.55661106109619,yr331itg,no routing aorpo rest_seed = 40
17339,98304,-38.62675380706787,yr331itg,no routing aorpo rest_seed = 40
17391,100352,-38.62675380706787,yr331itg,no routing aorpo rest_seed = 40
17509,100352,-38.84604549407959,yr331itg,no routing aorpo rest_seed = 40
17561,102400,-38.84604549407959,yr331itg,no routing aorpo rest_seed = 40
17679,102400,-38.5892276763916,yr331itg,no routing aorpo rest_seed = 40
17731,104448,-38.5892276763916,yr331itg,no routing aorpo rest_seed = 40
17849,104448,-38.79588794708252,yr331itg,no routing aorpo rest_seed = 40
17901,106496,-38.79588794708252,yr331itg,no routing aorpo rest_seed = 40
18019,106496,-38.69136619567871,yr331itg,no routing aorpo rest_seed = 40
18071,108544,-38.69136619567871,yr331itg,no routing aorpo rest_seed = 40
18189,108544,-38.37249755859375,yr331itg,no routing aorpo rest_seed = 40
18241,110592,-38.37249755859375,yr331itg,no routing aorpo rest_seed = 40
18359,110592,-37.927504539489746,yr331itg,no routing aorpo rest_seed = 40
18411,112640,-37.927504539489746,yr331itg,no routing aorpo rest_seed = 40
18529,112640,-38.299734115600586,yr331itg,no routing aorpo rest_seed = 40
18581,114688,-38.299734115600586,yr331itg,no routing aorpo rest_seed = 40
18699,114688,-37.95414924621582,yr331itg,no routing aorpo rest_seed = 40
18751,116736,-37.95414924621582,yr331itg,no routing aorpo rest_seed = 40
18869,116736,-38.48837661743164,yr331itg,no routing aorpo rest_seed = 40
18921,118784,-38.48837661743164,yr331itg,no routing aorpo rest_seed = 40
19039,118784,-38.50144004821777,yr331itg,no routing aorpo rest_seed = 40
19091,120832,-38.50144004821777,yr331itg,no routing aorpo rest_seed = 40
19209,120832,-38.2743501663208,yr331itg,no routing aorpo rest_seed = 40
19261,122880,-38.2743501663208,yr331itg,no routing aorpo rest_seed = 40
19379,122880,-38.60442543029785,yr331itg,no routing aorpo rest_seed = 40
19431,124928,-38.60442543029785,yr331itg,no routing aorpo rest_seed = 40
19549,124928,-39.04183292388916,yr331itg,no routing aorpo rest_seed = 40
19601,125952,-39.04183292388916,yr331itg,no routing aorpo rest_seed = 40
19719,125952,-38.72080898284912,yr331itg,no routing aorpo rest_seed = 40
19771,128000,-38.72080898284912,yr331itg,no routing aorpo rest_seed = 40
19889,128000,-38.50924301147461,yr331itg,no routing aorpo rest_seed = 40
19941,130048,-38.50924301147461,yr331itg,no routing aorpo rest_seed = 40
20059,130048,-38.77138423919678,yr331itg,no routing aorpo rest_seed = 40
20111,132096,-38.77138423919678,yr331itg,no routing aorpo rest_seed = 40
20229,132096,-38.46967029571533,yr331itg,no routing aorpo rest_seed = 40
20281,134144,-38.46967029571533,yr331itg,no routing aorpo rest_seed = 40
20399,134144,-37.696990966796875,yr331itg,no routing aorpo rest_seed = 40
20451,136192,-37.696990966796875,yr331itg,no routing aorpo rest_seed = 40
20569,136192,-39.284483909606934,yr331itg,no routing aorpo rest_seed = 40
20621,138240,-39.284483909606934,yr331itg,no routing aorpo rest_seed = 40
20739,138240,-38.46595287322998,yr331itg,no routing aorpo rest_seed = 40
20791,140288,-38.46595287322998,yr331itg,no routing aorpo rest_seed = 40
20909,140288,-38.77223300933838,yr331itg,no routing aorpo rest_seed = 40
20961,142336,-38.77223300933838,yr331itg,no routing aorpo rest_seed = 40
21079,142336,-38.61536407470703,yr331itg,no routing aorpo rest_seed = 40
21131,144384,-38.61536407470703,yr331itg,no routing aorpo rest_seed = 40
21249,144384,-39.300292015075684,yr331itg,no routing aorpo rest_seed = 40
21301,146432,-39.300292015075684,yr331itg,no routing aorpo rest_seed = 40
21419,146432,-38.55342388153076,yr331itg,no routing aorpo rest_seed = 40
21471,148480,-38.55342388153076,yr331itg,no routing aorpo rest_seed = 40
21589,148480,-38.234816551208496,yr331itg,no routing aorpo rest_seed = 40
21641,150528,-38.234816551208496,yr331itg,no routing aorpo rest_seed = 40
21759,150528,-38.47824573516846,yr331itg,no routing aorpo rest_seed = 40
21811,152576,-38.47824573516846,yr331itg,no routing aorpo rest_seed = 40
21929,152576,-38.342400550842285,yr331itg,no routing aorpo rest_seed = 40
21981,154624,-38.342400550842285,yr331itg,no routing aorpo rest_seed = 40
22099,154624,-38.760268211364746,yr331itg,no routing aorpo rest_seed = 40
22151,156672,-38.760268211364746,yr331itg,no routing aorpo rest_seed = 40
22269,156672,-38.85994815826416,yr331itg,no routing aorpo rest_seed = 40
22321,158720,-38.85994815826416,yr331itg,no routing aorpo rest_seed = 40
22439,158720,-38.43500232696533,yr331itg,no routing aorpo rest_seed = 40
22491,160768,-38.43500232696533,yr331itg,no routing aorpo rest_seed = 40
22609,160768,-38.40288162231445,yr331itg,no routing aorpo rest_seed = 40
22661,162816,-38.40288162231445,yr331itg,no routing aorpo rest_seed = 40
22779,162816,-38.53406238555908,yr331itg,no routing aorpo rest_seed = 40
22831,164864,-38.53406238555908,yr331itg,no routing aorpo rest_seed = 40
22949,164864,-38.505324363708496,yr331itg,no routing aorpo rest_seed = 40
23001,166912,-38.505324363708496,yr331itg,no routing aorpo rest_seed = 40
23119,166912,-38.3482551574707,yr331itg,no routing aorpo rest_seed = 40
23171,168960,-38.3482551574707,yr331itg,no routing aorpo rest_seed = 40
23289,168960,-38.76026153564453,yr331itg,no routing aorpo rest_seed = 40
23341,171008,-38.76026153564453,yr331itg,no routing aorpo rest_seed = 40
23459,171008,-38.45366382598877,yr331itg,no routing aorpo rest_seed = 40
23511,173056,-38.45366382598877,yr331itg,no routing aorpo rest_seed = 40
23629,173056,-37.922194480895996,yr331itg,no routing aorpo rest_seed = 40
23681,175104,-37.922194480895996,yr331itg,no routing aorpo rest_seed = 40
23799,175104,-37.947571754455566,yr331itg,no routing aorpo rest_seed = 40
23851,177152,-37.947571754455566,yr331itg,no routing aorpo rest_seed = 40
23969,177152,-38.24171161651611,yr331itg,no routing aorpo rest_seed = 40
24021,179200,-38.24171161651611,yr331itg,no routing aorpo rest_seed = 40
24139,179200,-38.33297252655029,yr331itg,no routing aorpo rest_seed = 40
24191,181248,-38.33297252655029,yr331itg,no routing aorpo rest_seed = 40
24309,181248,-38.36501502990723,yr331itg,no routing aorpo rest_seed = 40
24361,183296,-38.36501502990723,yr331itg,no routing aorpo rest_seed = 40
24479,183296,-37.85803031921387,yr331itg,no routing aorpo rest_seed = 40
24531,185344,-37.85803031921387,yr331itg,no routing aorpo rest_seed = 40
24649,185344,-38.52566146850586,yr331itg,no routing aorpo rest_seed = 40
24701,187392,-38.52566146850586,yr331itg,no routing aorpo rest_seed = 40
24819,187392,-38.378844261169434,yr331itg,no routing aorpo rest_seed = 40
24871,189440,-38.378844261169434,yr331itg,no routing aorpo rest_seed = 40
24989,189440,-38.688782691955566,yr331itg,no routing aorpo rest_seed = 40
25041,191488,-38.688782691955566,yr331itg,no routing aorpo rest_seed = 40
25159,191488,-38.04402446746826,yr331itg,no routing aorpo rest_seed = 40
25211,193536,-38.04402446746826,yr331itg,no routing aorpo rest_seed = 40
25329,193536,-38.25902271270752,yr331itg,no routing aorpo rest_seed = 40
25381,195584,-38.25902271270752,yr331itg,no routing aorpo rest_seed = 40
25499,195584,-38.706247329711914,yr331itg,no routing aorpo rest_seed = 40
25551,197632,-38.706247329711914,yr331itg,no routing aorpo rest_seed = 40
25669,197632,-39.08491134643555,yr331itg,no routing aorpo rest_seed = 40
25721,199680,-39.08491134643555,yr331itg,no routing aorpo rest_seed = 40
25839,199680,-38.95888710021973,yr331itg,no routing aorpo rest_seed = 40
25891,201728,-38.95888710021973,yr331itg,no routing aorpo rest_seed = 40
26009,201728,-37.87917232513428,yr331itg,no routing aorpo rest_seed = 40
26061,202752,-37.87917232513428,yr331itg,no routing aorpo rest_seed = 40
26179,202752,-38.641385078430176,yr331itg,no routing aorpo rest_seed = 40
26231,204800,-38.641385078430176,yr331itg,no routing aorpo rest_seed = 40
26349,204800,-39.02669429779053,yr331itg,no routing aorpo rest_seed = 40
26401,206848,-39.02669429779053,yr331itg,no routing aorpo rest_seed = 40
26519,206848,-38.76512145996094,yr331itg,no routing aorpo rest_seed = 40
26571,208896,-38.76512145996094,yr331itg,no routing aorpo rest_seed = 40
26689,208896,-38.768717765808105,yr331itg,no routing aorpo rest_seed = 40
26741,210944,-38.768717765808105,yr331itg,no routing aorpo rest_seed = 40
26859,210944,-38.99722099304199,yr331itg,no routing aorpo rest_seed = 40
26911,212992,-38.99722099304199,yr331itg,no routing aorpo rest_seed = 40
27029,212992,-38.105515480041504,yr331itg,no routing aorpo rest_seed = 40
27081,215040,-38.105515480041504,yr331itg,no routing aorpo rest_seed = 40
27199,215040,-38.93541431427002,yr331itg,no routing aorpo rest_seed = 40
27251,217088,-38.93541431427002,yr331itg,no routing aorpo rest_seed = 40
27369,217088,-38.684213638305664,yr331itg,no routing aorpo rest_seed = 40
27421,219136,-38.684213638305664,yr331itg,no routing aorpo rest_seed = 40
27539,219136,-38.7780704498291,yr331itg,no routing aorpo rest_seed = 40
27591,221184,-38.7780704498291,yr331itg,no routing aorpo rest_seed = 40
27709,221184,-38.390451431274414,yr331itg,no routing aorpo rest_seed = 40
27761,223232,-38.390451431274414,yr331itg,no routing aorpo rest_seed = 40
27879,223232,-38.098981857299805,yr331itg,no routing aorpo rest_seed = 40
27931,225280,-38.098981857299805,yr331itg,no routing aorpo rest_seed = 40
28049,225280,-38.252052307128906,yr331itg,no routing aorpo rest_seed = 40
28101,227328,-38.252052307128906,yr331itg,no routing aorpo rest_seed = 40
28219,227328,-38.482394218444824,yr331itg,no routing aorpo rest_seed = 40
28271,229376,-38.482394218444824,yr331itg,no routing aorpo rest_seed = 40
28389,229376,-38.666582107543945,yr331itg,no routing aorpo rest_seed = 40
28441,231424,-38.666582107543945,yr331itg,no routing aorpo rest_seed = 40
28559,231424,-38.681806564331055,yr331itg,no routing aorpo rest_seed = 40
28611,233472,-38.681806564331055,yr331itg,no routing aorpo rest_seed = 40
28729,233472,-38.574191093444824,yr331itg,no routing aorpo rest_seed = 40
28781,235520,-38.574191093444824,yr331itg,no routing aorpo rest_seed = 40
28899,235520,-38.59402084350586,yr331itg,no routing aorpo rest_seed = 40
28951,237568,-38.59402084350586,yr331itg,no routing aorpo rest_seed = 40
29069,237568,-38.906039237976074,yr331itg,no routing aorpo rest_seed = 40
29121,239616,-38.906039237976074,yr331itg,no routing aorpo rest_seed = 40
29239,239616,-38.35784149169922,yr331itg,no routing aorpo rest_seed = 40
29291,241664,-38.35784149169922,yr331itg,no routing aorpo rest_seed = 40
29409,241664,-38.53985404968262,yr331itg,no routing aorpo rest_seed = 40
29461,243712,-38.53985404968262,yr331itg,no routing aorpo rest_seed = 40
29579,243712,-38.913777351379395,yr331itg,no routing aorpo rest_seed = 40
29631,245760,-38.913777351379395,yr331itg,no routing aorpo rest_seed = 40
29749,245760,-38.5362491607666,yr331itg,no routing aorpo rest_seed = 40
29801,247808,-38.5362491607666,yr331itg,no routing aorpo rest_seed = 40
29919,247808,-38.43473148345947,yr331itg,no routing aorpo rest_seed = 40
29971,249856,-38.43473148345947,yr331itg,no routing aorpo rest_seed = 40
30089,249856,-38.43367958068848,yr331itg,no routing aorpo rest_seed = 40
30141,251904,-38.43367958068848,yr331itg,no routing aorpo rest_seed = 40
30259,251904,-38.280513763427734,yr331itg,no routing aorpo rest_seed = 40
30311,253952,-38.280513763427734,yr331itg,no routing aorpo rest_seed = 40
30429,253952,-38.436866760253906,yr331itg,no routing aorpo rest_seed = 40
30481,256000,-38.436866760253906,yr331itg,no routing aorpo rest_seed = 40
30599,256000,-38.484947204589844,yr331itg,no routing aorpo rest_seed = 40
30651,258048,-38.484947204589844,yr331itg,no routing aorpo rest_seed = 40
30769,258048,-38.75745868682861,yr331itg,no routing aorpo rest_seed = 40
30821,260096,-38.75745868682861,yr331itg,no routing aorpo rest_seed = 40
30939,260096,-38.81850242614746,yr331itg,no routing aorpo rest_seed = 40
30991,262144,-38.81850242614746,yr331itg,no routing aorpo rest_seed = 40
31109,262144,-38.47995853424072,yr331itg,no routing aorpo rest_seed = 40
31161,264192,-38.47995853424072,yr331itg,no routing aorpo rest_seed = 40
31279,264192,-38.48752307891846,yr331itg,no routing aorpo rest_seed = 40
31331,266240,-38.48752307891846,yr331itg,no routing aorpo rest_seed = 40
31449,266240,-38.667357444763184,yr331itg,no routing aorpo rest_seed = 40
31501,268288,-38.667357444763184,yr331itg,no routing aorpo rest_seed = 40
31619,268288,-38.93608474731445,yr331itg,no routing aorpo rest_seed = 40
31671,270336,-38.93608474731445,yr331itg,no routing aorpo rest_seed = 40
31789,270336,-38.507774353027344,yr331itg,no routing aorpo rest_seed = 40
31841,272384,-38.507774353027344,yr331itg,no routing aorpo rest_seed = 40
31959,272384,-38.76641082763672,yr331itg,no routing aorpo rest_seed = 40
32011,274432,-38.76641082763672,yr331itg,no routing aorpo rest_seed = 40
32129,274432,-39.228434562683105,yr331itg,no routing aorpo rest_seed = 40
32181,276480,-39.228434562683105,yr331itg,no routing aorpo rest_seed = 40
32299,276480,-38.43591117858887,yr331itg,no routing aorpo rest_seed = 40
32351,278528,-38.43591117858887,yr331itg,no routing aorpo rest_seed = 40
32469,278528,-39.15116310119629,yr331itg,no routing aorpo rest_seed = 40
32521,280576,-39.15116310119629,yr331itg,no routing aorpo rest_seed = 40
32639,280576,-38.650550842285156,yr331itg,no routing aorpo rest_seed = 40
32691,282624,-38.650550842285156,yr331itg,no routing aorpo rest_seed = 40
32809,282624,-38.78872203826904,yr331itg,no routing aorpo rest_seed = 40
32861,284672,-38.78872203826904,yr331itg,no routing aorpo rest_seed = 40
32979,284672,-38.5947790145874,yr331itg,no routing aorpo rest_seed = 40
33031,286720,-38.5947790145874,yr331itg,no routing aorpo rest_seed = 40
33149,286720,-39.117892265319824,yr331itg,no routing aorpo rest_seed = 40
33201,288768,-39.117892265319824,yr331itg,no routing aorpo rest_seed = 40
33319,288768,-39.14213562011719,yr331itg,no routing aorpo rest_seed = 40
33371,290816,-39.14213562011719,yr331itg,no routing aorpo rest_seed = 40
33489,290816,-38.90878200531006,yr331itg,no routing aorpo rest_seed = 40
33541,292864,-38.90878200531006,yr331itg,no routing aorpo rest_seed = 40
33659,292864,-38.67061424255371,yr331itg,no routing aorpo rest_seed = 40
33711,294912,-38.67061424255371,yr331itg,no routing aorpo rest_seed = 40
33829,294912,-39.09389400482178,yr331itg,no routing aorpo rest_seed = 40
33881,296960,-39.09389400482178,yr331itg,no routing aorpo rest_seed = 40
33999,296960,-38.82221698760986,yr331itg,no routing aorpo rest_seed = 40
51,0,,zs5yt6l6,no routing reset_seed = 45
169,0,-37.469550132751465,zs5yt6l6,no routing reset_seed = 45
221,0,-37.469550132751465,zs5yt6l6,no routing reset_seed = 45
339,0,-41.74499034881592,zs5yt6l6,no routing reset_seed = 45
391,0,-41.74499034881592,zs5yt6l6,no routing reset_seed = 45
509,0,-42.84303569793701,zs5yt6l6,no routing reset_seed = 45
561,0,-42.84303569793701,zs5yt6l6,no routing reset_seed = 45
679,0,-43.3504056930542,zs5yt6l6,no routing reset_seed = 45
731,0,-43.3504056930542,zs5yt6l6,no routing reset_seed = 45
849,0,-44.9346399307251,zs5yt6l6,no routing reset_seed = 45
901,0,-44.9346399307251,zs5yt6l6,no routing reset_seed = 45
1019,0,-44.8519983291626,zs5yt6l6,no routing reset_seed = 45
1071,0,-44.8519983291626,zs5yt6l6,no routing reset_seed = 45
1189,0,-44.37990951538086,zs5yt6l6,no routing reset_seed = 45
1241,0,-44.37990951538086,zs5yt6l6,no routing reset_seed = 45
1359,0,-45.100067138671875,zs5yt6l6,no routing reset_seed = 45
1411,0,-45.100067138671875,zs5yt6l6,no routing reset_seed = 45
1529,0,-45.7368688583374,zs5yt6l6,no routing reset_seed = 45
1581,0,-45.7368688583374,zs5yt6l6,no routing reset_seed = 45
1699,0,-44.39668369293213,zs5yt6l6,no routing reset_seed = 45
1751,0,-44.39668369293213,zs5yt6l6,no routing reset_seed = 45
1869,0,-44.85519313812256,zs5yt6l6,no routing reset_seed = 45
1921,0,-44.85519313812256,zs5yt6l6,no routing reset_seed = 45
2039,0,-45.438629150390625,zs5yt6l6,no routing reset_seed = 45
2091,0,-45.438629150390625,zs5yt6l6,no routing reset_seed = 45
2209,0,-45.34500217437744,zs5yt6l6,no routing reset_seed = 45
2261,0,-45.34500217437744,zs5yt6l6,no routing reset_seed = 45
2379,0,-45.69331741333008,zs5yt6l6,no routing reset_seed = 45
2431,0,-45.69331741333008,zs5yt6l6,no routing reset_seed = 45
2549,0,-45.37165641784668,zs5yt6l6,no routing reset_seed = 45
2601,0,-45.37165641784668,zs5yt6l6,no routing reset_seed = 45
2719,0,-45.44758987426758,zs5yt6l6,no routing reset_seed = 45
2771,0,-45.44758987426758,zs5yt6l6,no routing reset_seed = 45
2889,0,-45.753313064575195,zs5yt6l6,no routing reset_seed = 45
2941,0,-45.753313064575195,zs5yt6l6,no routing reset_seed = 45
3059,0,-45.527981758117676,zs5yt6l6,no routing reset_seed = 45
3111,0,-45.527981758117676,zs5yt6l6,no routing reset_seed = 45
3229,0,-46.85023212432861,zs5yt6l6,no routing reset_seed = 45
3281,0,-46.85023212432861,zs5yt6l6,no routing reset_seed = 45
3399,0,-46.50302696228027,zs5yt6l6,no routing reset_seed = 45
3451,0,-46.50302696228027,zs5yt6l6,no routing reset_seed = 45
3569,0,-46.086058616638184,zs5yt6l6,no routing reset_seed = 45
3621,0,-46.086058616638184,zs5yt6l6,no routing reset_seed = 45
3739,0,-46.577518463134766,zs5yt6l6,no routing reset_seed = 45
3791,0,-46.577518463134766,zs5yt6l6,no routing reset_seed = 45
3909,0,-46.00638389587402,zs5yt6l6,no routing reset_seed = 45
3961,1024,-46.00638389587402,zs5yt6l6,no routing reset_seed = 45
4079,1024,-46.46066379547119,zs5yt6l6,no routing reset_seed = 45
4131,2048,-46.46066379547119,zs5yt6l6,no routing reset_seed = 45
4249,2048,-46.45388412475586,zs5yt6l6,no routing reset_seed = 45
4301,3072,-46.45388412475586,zs5yt6l6,no routing reset_seed = 45
4419,3072,-47.56630802154541,zs5yt6l6,no routing reset_seed = 45
4471,4096,-47.56630802154541,zs5yt6l6,no routing reset_seed = 45
4589,4096,-47.898019790649414,zs5yt6l6,no routing reset_seed = 45
4641,5120,-47.898019790649414,zs5yt6l6,no routing reset_seed = 45
4759,5120,-47.63328456878662,zs5yt6l6,no routing reset_seed = 45
4811,6144,-47.63328456878662,zs5yt6l6,no routing reset_seed = 45
4929,6144,-48.34202861785889,zs5yt6l6,no routing reset_seed = 45
4981,7168,-48.34202861785889,zs5yt6l6,no routing reset_seed = 45
5099,7168,-47.98249053955078,zs5yt6l6,no routing reset_seed = 45
5151,8192,-47.98249053955078,zs5yt6l6,no routing reset_seed = 45
5269,8192,-49.22175598144531,zs5yt6l6,no routing reset_seed = 45
5321,9216,-49.22175598144531,zs5yt6l6,no routing reset_seed = 45
5439,9216,-48.22305393218994,zs5yt6l6,no routing reset_seed = 45
5491,10240,-48.22305393218994,zs5yt6l6,no routing reset_seed = 45
5609,10240,-48.54220771789551,zs5yt6l6,no routing reset_seed = 45
5661,11264,-48.54220771789551,zs5yt6l6,no routing reset_seed = 45
5779,11264,-49.10068321228027,zs5yt6l6,no routing reset_seed = 45
5831,12288,-49.10068321228027,zs5yt6l6,no routing reset_seed = 45
5949,12288,-49.51420021057129,zs5yt6l6,no routing reset_seed = 45
6001,13312,-49.51420021057129,zs5yt6l6,no routing reset_seed = 45
6119,13312,-50.02741813659668,zs5yt6l6,no routing reset_seed = 45
6171,14336,-50.02741813659668,zs5yt6l6,no routing reset_seed = 45
6289,14336,-49.92017364501953,zs5yt6l6,no routing reset_seed = 45
6341,15360,-49.92017364501953,zs5yt6l6,no routing reset_seed = 45
6459,15360,-49.03884696960449,zs5yt6l6,no routing reset_seed = 45
6511,16384,-49.03884696960449,zs5yt6l6,no routing reset_seed = 45
6629,16384,-49.6934700012207,zs5yt6l6,no routing reset_seed = 45
6681,17408,-49.6934700012207,zs5yt6l6,no routing reset_seed = 45
6799,17408,-48.514854431152344,zs5yt6l6,no routing reset_seed = 45
6851,18432,-48.514854431152344,zs5yt6l6,no routing reset_seed = 45
6969,18432,-48.05908012390137,zs5yt6l6,no routing reset_seed = 45
7021,19456,-48.05908012390137,zs5yt6l6,no routing reset_seed = 45
7139,19456,-48.03597927093506,zs5yt6l6,no routing reset_seed = 45
7191,20480,-48.03597927093506,zs5yt6l6,no routing reset_seed = 45
7309,20480,-48.742610931396484,zs5yt6l6,no routing reset_seed = 45
7361,21504,-48.742610931396484,zs5yt6l6,no routing reset_seed = 45
7479,21504,-48.87128257751465,zs5yt6l6,no routing reset_seed = 45
7531,22528,-48.87128257751465,zs5yt6l6,no routing reset_seed = 45
7649,22528,-47.94460391998291,zs5yt6l6,no routing reset_seed = 45
7701,23552,-47.94460391998291,zs5yt6l6,no routing reset_seed = 45
7819,23552,-49.38169479370117,zs5yt6l6,no routing reset_seed = 45
7871,24576,-49.38169479370117,zs5yt6l6,no routing reset_seed = 45
7989,24576,-48.937204360961914,zs5yt6l6,no routing reset_seed = 45
8041,25600,-48.937204360961914,zs5yt6l6,no routing reset_seed = 45
8159,25600,-49.141014099121094,zs5yt6l6,no routing reset_seed = 45
8211,26624,-49.141014099121094,zs5yt6l6,no routing reset_seed = 45
8329,26624,-49.42839431762695,zs5yt6l6,no routing reset_seed = 45
8381,27648,-49.42839431762695,zs5yt6l6,no routing reset_seed = 45
8499,27648,-48.76469612121582,zs5yt6l6,no routing reset_seed = 45
8551,28672,-48.76469612121582,zs5yt6l6,no routing reset_seed = 45
8669,28672,-49.72764205932617,zs5yt6l6,no routing reset_seed = 45
8721,29696,-49.72764205932617,zs5yt6l6,no routing reset_seed = 45
8839,29696,-48.63578224182129,zs5yt6l6,no routing reset_seed = 45
8891,30720,-48.63578224182129,zs5yt6l6,no routing reset_seed = 45
9009,30720,-49.286659240722656,zs5yt6l6,no routing reset_seed = 45
9061,31744,-49.286659240722656,zs5yt6l6,no routing reset_seed = 45
9179,31744,-48.78645706176758,zs5yt6l6,no routing reset_seed = 45
9231,32768,-48.78645706176758,zs5yt6l6,no routing reset_seed = 45
9349,32768,-49.128963470458984,zs5yt6l6,no routing reset_seed = 45
9401,33792,-49.128963470458984,zs5yt6l6,no routing reset_seed = 45
9519,33792,-49.985958099365234,zs5yt6l6,no routing reset_seed = 45
9571,34816,-49.985958099365234,zs5yt6l6,no routing reset_seed = 45
9689,34816,-50.19892501831055,zs5yt6l6,no routing reset_seed = 45
9741,35840,-50.19892501831055,zs5yt6l6,no routing reset_seed = 45
9859,35840,-50.10192108154297,zs5yt6l6,no routing reset_seed = 45
9911,36864,-50.10192108154297,zs5yt6l6,no routing reset_seed = 45
10029,36864,-49.5953369140625,zs5yt6l6,no routing reset_seed = 45
10081,37888,-49.5953369140625,zs5yt6l6,no routing reset_seed = 45
10199,37888,-50.13895225524902,zs5yt6l6,no routing reset_seed = 45
10251,38912,-50.13895225524902,zs5yt6l6,no routing reset_seed = 45
10369,38912,-50.349884033203125,zs5yt6l6,no routing reset_seed = 45
10421,39936,-50.349884033203125,zs5yt6l6,no routing reset_seed = 45
10539,39936,-49.165571212768555,zs5yt6l6,no routing reset_seed = 45
10591,40960,-49.165571212768555,zs5yt6l6,no routing reset_seed = 45
10709,40960,-50.35005187988281,zs5yt6l6,no routing reset_seed = 45
10761,41984,-50.35005187988281,zs5yt6l6,no routing reset_seed = 45
10879,41984,-49.69511604309082,zs5yt6l6,no routing reset_seed = 45
10931,43008,-49.69511604309082,zs5yt6l6,no routing reset_seed = 45
11049,43008,-50.00301170349121,zs5yt6l6,no routing reset_seed = 45
11101,44032,-50.00301170349121,zs5yt6l6,no routing reset_seed = 45
11219,44032,-50.97878456115723,zs5yt6l6,no routing reset_seed = 45
11271,45056,-50.97878456115723,zs5yt6l6,no routing reset_seed = 45
11389,45056,-48.003767013549805,zs5yt6l6,no routing reset_seed = 45
11441,46080,-48.003767013549805,zs5yt6l6,no routing reset_seed = 45
11559,46080,-50.05949783325195,zs5yt6l6,no routing reset_seed = 45
11611,47104,-50.05949783325195,zs5yt6l6,no routing reset_seed = 45
11729,47104,-49.98806381225586,zs5yt6l6,no routing reset_seed = 45
11781,48128,-49.98806381225586,zs5yt6l6,no routing reset_seed = 45
11899,48128,-49.55599403381348,zs5yt6l6,no routing reset_seed = 45
11951,49152,-49.55599403381348,zs5yt6l6,no routing reset_seed = 45
12069,49152,-50.0825138092041,zs5yt6l6,no routing reset_seed = 45
12121,50176,-50.0825138092041,zs5yt6l6,no routing reset_seed = 45
12239,50176,-50.42102241516113,zs5yt6l6,no routing reset_seed = 45
12291,51200,-50.42102241516113,zs5yt6l6,no routing reset_seed = 45
12409,51200,-50.040876388549805,zs5yt6l6,no routing reset_seed = 45
12461,52224,-50.040876388549805,zs5yt6l6,no routing reset_seed = 45
12579,52224,-49.37092590332031,zs5yt6l6,no routing reset_seed = 45
12631,53248,-49.37092590332031,zs5yt6l6,no routing reset_seed = 45
12749,53248,-51.00567817687988,zs5yt6l6,no routing reset_seed = 45
12801,54272,-51.00567817687988,zs5yt6l6,no routing reset_seed = 45
12919,54272,-50.58679389953613,zs5yt6l6,no routing reset_seed = 45
12971,55296,-50.58679389953613,zs5yt6l6,no routing reset_seed = 45
13089,55296,-50.70502281188965,zs5yt6l6,no routing reset_seed = 45
13141,56320,-50.70502281188965,zs5yt6l6,no routing reset_seed = 45
13259,56320,-51.30307960510254,zs5yt6l6,no routing reset_seed = 45
13311,57344,-51.30307960510254,zs5yt6l6,no routing reset_seed = 45
13429,57344,-50.510379791259766,zs5yt6l6,no routing reset_seed = 45
13481,58368,-50.510379791259766,zs5yt6l6,no routing reset_seed = 45
13599,58368,-50.6682071685791,zs5yt6l6,no routing reset_seed = 45
13651,59392,-50.6682071685791,zs5yt6l6,no routing reset_seed = 45
13769,59392,-51.764644622802734,zs5yt6l6,no routing reset_seed = 45
13821,60416,-51.764644622802734,zs5yt6l6,no routing reset_seed = 45
13939,60416,-50.73909950256348,zs5yt6l6,no routing reset_seed = 45
13991,61440,-50.73909950256348,zs5yt6l6,no routing reset_seed = 45
14109,61440,-50.84980773925781,zs5yt6l6,no routing reset_seed = 45
14161,62464,-50.84980773925781,zs5yt6l6,no routing reset_seed = 45
14279,62464,-50.716888427734375,zs5yt6l6,no routing reset_seed = 45
14331,63488,-50.716888427734375,zs5yt6l6,no routing reset_seed = 45
14449,63488,-51.40788650512695,zs5yt6l6,no routing reset_seed = 45
14501,64512,-51.40788650512695,zs5yt6l6,no routing reset_seed = 45
14619,64512,-50.68368148803711,zs5yt6l6,no routing reset_seed = 45
14671,65536,-50.68368148803711,zs5yt6l6,no routing reset_seed = 45
14789,65536,-51.40169906616211,zs5yt6l6,no routing reset_seed = 45
14841,66560,-51.40169906616211,zs5yt6l6,no routing reset_seed = 45
14959,66560,-52.390411376953125,zs5yt6l6,no routing reset_seed = 45
15011,67584,-52.390411376953125,zs5yt6l6,no routing reset_seed = 45
15129,67584,-50.465579986572266,zs5yt6l6,no routing reset_seed = 45
15181,68608,-50.465579986572266,zs5yt6l6,no routing reset_seed = 45
15299,68608,-50.96635055541992,zs5yt6l6,no routing reset_seed = 45
15351,69632,-50.96635055541992,zs5yt6l6,no routing reset_seed = 45
15469,69632,-49.83162307739258,zs5yt6l6,no routing reset_seed = 45
15521,70656,-49.83162307739258,zs5yt6l6,no routing reset_seed = 45
15639,70656,-50.1159782409668,zs5yt6l6,no routing reset_seed = 45
15691,71680,-50.1159782409668,zs5yt6l6,no routing reset_seed = 45
15809,71680,-50.887107849121094,zs5yt6l6,no routing reset_seed = 45
15861,72704,-50.887107849121094,zs5yt6l6,no routing reset_seed = 45
15979,72704,-49.81013488769531,zs5yt6l6,no routing reset_seed = 45
16031,73728,-49.81013488769531,zs5yt6l6,no routing reset_seed = 45
16149,73728,-50.1744327545166,zs5yt6l6,no routing reset_seed = 45
16201,74752,-50.1744327545166,zs5yt6l6,no routing reset_seed = 45
16319,74752,-50.33270835876465,zs5yt6l6,no routing reset_seed = 45
16371,75776,-50.33270835876465,zs5yt6l6,no routing reset_seed = 45
16489,75776,-49.45499801635742,zs5yt6l6,no routing reset_seed = 45
16541,76800,-49.45499801635742,zs5yt6l6,no routing reset_seed = 45
16659,76800,-49.60809898376465,zs5yt6l6,no routing reset_seed = 45
16711,77824,-49.60809898376465,zs5yt6l6,no routing reset_seed = 45
16829,77824,-49.62351036071777,zs5yt6l6,no routing reset_seed = 45
16881,78848,-49.62351036071777,zs5yt6l6,no routing reset_seed = 45
16999,78848,-49.94059371948242,zs5yt6l6,no routing reset_seed = 45
17051,79872,-49.94059371948242,zs5yt6l6,no routing reset_seed = 45
17169,79872,-50.254953384399414,zs5yt6l6,no routing reset_seed = 45
17221,80896,-50.254953384399414,zs5yt6l6,no routing reset_seed = 45
17339,80896,-49.98556327819824,zs5yt6l6,no routing reset_seed = 45
17391,81920,-49.98556327819824,zs5yt6l6,no routing reset_seed = 45
17509,81920,-50.4605827331543,zs5yt6l6,no routing reset_seed = 45
17561,82944,-50.4605827331543,zs5yt6l6,no routing reset_seed = 45
17679,82944,-50.1884708404541,zs5yt6l6,no routing reset_seed = 45
17731,83968,-50.1884708404541,zs5yt6l6,no routing reset_seed = 45
17849,83968,-49.121925354003906,zs5yt6l6,no routing reset_seed = 45
17901,84992,-49.121925354003906,zs5yt6l6,no routing reset_seed = 45
18019,84992,-49.496742248535156,zs5yt6l6,no routing reset_seed = 45
18071,86016,-49.496742248535156,zs5yt6l6,no routing reset_seed = 45
18189,86016,-49.93582725524902,zs5yt6l6,no routing reset_seed = 45
18241,87040,-49.93582725524902,zs5yt6l6,no routing reset_seed = 45
18359,87040,-49.315799713134766,zs5yt6l6,no routing reset_seed = 45
18411,88064,-49.315799713134766,zs5yt6l6,no routing reset_seed = 45
18529,88064,-47.62656879425049,zs5yt6l6,no routing reset_seed = 45
18581,89088,-47.62656879425049,zs5yt6l6,no routing reset_seed = 45
18699,89088,-49.166748046875,zs5yt6l6,no routing reset_seed = 45
18751,90112,-49.166748046875,zs5yt6l6,no routing reset_seed = 45
18869,90112,-49.30954551696777,zs5yt6l6,no routing reset_seed = 45
18921,91136,-49.30954551696777,zs5yt6l6,no routing reset_seed = 45
19039,91136,-48.87498664855957,zs5yt6l6,no routing reset_seed = 45
19091,92160,-48.87498664855957,zs5yt6l6,no routing reset_seed = 45
19209,92160,-49.328420639038086,zs5yt6l6,no routing reset_seed = 45
19261,93184,-49.328420639038086,zs5yt6l6,no routing reset_seed = 45
19379,93184,-50.31765174865723,zs5yt6l6,no routing reset_seed = 45
19431,94208,-50.31765174865723,zs5yt6l6,no routing reset_seed = 45
19549,94208,-48.59476947784424,zs5yt6l6,no routing reset_seed = 45
19601,95232,-48.59476947784424,zs5yt6l6,no routing reset_seed = 45
19719,95232,-50.29654884338379,zs5yt6l6,no routing reset_seed = 45
19771,96256,-50.29654884338379,zs5yt6l6,no routing reset_seed = 45
19889,96256,-50.09042930603027,zs5yt6l6,no routing reset_seed = 45
19941,97280,-50.09042930603027,zs5yt6l6,no routing reset_seed = 45
20059,97280,-48.46397590637207,zs5yt6l6,no routing reset_seed = 45
20111,98304,-48.46397590637207,zs5yt6l6,no routing reset_seed = 45
20229,98304,-49.27850914001465,zs5yt6l6,no routing reset_seed = 45
20281,99328,-49.27850914001465,zs5yt6l6,no routing reset_seed = 45
20399,99328,-50.59892272949219,zs5yt6l6,no routing reset_seed = 45
20451,100352,-50.59892272949219,zs5yt6l6,no routing reset_seed = 45
20569,100352,-49.98653030395508,zs5yt6l6,no routing reset_seed = 45
20621,101376,-49.98653030395508,zs5yt6l6,no routing reset_seed = 45
20739,101376,-49.48641395568848,zs5yt6l6,no routing reset_seed = 45
20791,102400,-49.48641395568848,zs5yt6l6,no routing reset_seed = 45
20909,102400,-50.45557403564453,zs5yt6l6,no routing reset_seed = 45
20961,103424,-50.45557403564453,zs5yt6l6,no routing reset_seed = 45
21079,103424,-52.5028018951416,zs5yt6l6,no routing reset_seed = 45
21131,104448,-52.5028018951416,zs5yt6l6,no routing reset_seed = 45
21249,104448,-49.6937370300293,zs5yt6l6,no routing reset_seed = 45
21301,105472,-49.6937370300293,zs5yt6l6,no routing reset_seed = 45
21419,105472,-50.37115478515625,zs5yt6l6,no routing reset_seed = 45
21471,106496,-50.37115478515625,zs5yt6l6,no routing reset_seed = 45
21589,106496,-48.884944915771484,zs5yt6l6,no routing reset_seed = 45
21641,107520,-48.884944915771484,zs5yt6l6,no routing reset_seed = 45
21759,107520,-50.37522888183594,zs5yt6l6,no routing reset_seed = 45
21811,108544,-50.37522888183594,zs5yt6l6,no routing reset_seed = 45
21929,108544,-50.148685455322266,zs5yt6l6,no routing reset_seed = 45
21981,109568,-50.148685455322266,zs5yt6l6,no routing reset_seed = 45
22099,109568,-49.34577560424805,zs5yt6l6,no routing reset_seed = 45
22151,110592,-49.34577560424805,zs5yt6l6,no routing reset_seed = 45
22269,110592,-50.25075912475586,zs5yt6l6,no routing reset_seed = 45
22321,111616,-50.25075912475586,zs5yt6l6,no routing reset_seed = 45
22439,111616,-50.77297401428223,zs5yt6l6,no routing reset_seed = 45
22491,112640,-50.77297401428223,zs5yt6l6,no routing reset_seed = 45
22609,112640,-50.531450271606445,zs5yt6l6,no routing reset_seed = 45
22661,113664,-50.531450271606445,zs5yt6l6,no routing reset_seed = 45
22779,113664,-50.0341682434082,zs5yt6l6,no routing reset_seed = 45
22831,114688,-50.0341682434082,zs5yt6l6,no routing reset_seed = 45
22949,114688,-49.81511878967285,zs5yt6l6,no routing reset_seed = 45
23001,115712,-49.81511878967285,zs5yt6l6,no routing reset_seed = 45
23119,115712,-52.197967529296875,zs5yt6l6,no routing reset_seed = 45
23171,116736,-52.197967529296875,zs5yt6l6,no routing reset_seed = 45
23289,116736,-50.6951789855957,zs5yt6l6,no routing reset_seed = 45
23341,117760,-50.6951789855957,zs5yt6l6,no routing reset_seed = 45
23459,117760,-50.737831115722656,zs5yt6l6,no routing reset_seed = 45
23511,118784,-50.737831115722656,zs5yt6l6,no routing reset_seed = 45
23629,118784,-50.22959518432617,zs5yt6l6,no routing reset_seed = 45
23681,119808,-50.22959518432617,zs5yt6l6,no routing reset_seed = 45
23799,119808,-50.28293037414551,zs5yt6l6,no routing reset_seed = 45
23851,120832,-50.28293037414551,zs5yt6l6,no routing reset_seed = 45
23969,120832,-50.350616455078125,zs5yt6l6,no routing reset_seed = 45
24021,121856,-50.350616455078125,zs5yt6l6,no routing reset_seed = 45
24139,121856,-49.84376907348633,zs5yt6l6,no routing reset_seed = 45
24191,122880,-49.84376907348633,zs5yt6l6,no routing reset_seed = 45
24309,122880,-49.830650329589844,zs5yt6l6,no routing reset_seed = 45
24361,123904,-49.830650329589844,zs5yt6l6,no routing reset_seed = 45
24479,123904,-51.15426254272461,zs5yt6l6,no routing reset_seed = 45
24531,124928,-51.15426254272461,zs5yt6l6,no routing reset_seed = 45
24649,124928,-51.259986877441406,zs5yt6l6,no routing reset_seed = 45
24701,125952,-51.259986877441406,zs5yt6l6,no routing reset_seed = 45
24819,125952,-50.999197006225586,zs5yt6l6,no routing reset_seed = 45
24871,126976,-50.999197006225586,zs5yt6l6,no routing reset_seed = 45
24989,126976,-52.0029239654541,zs5yt6l6,no routing reset_seed = 45
25041,128000,-52.0029239654541,zs5yt6l6,no routing reset_seed = 45
25159,128000,-50.57131767272949,zs5yt6l6,no routing reset_seed = 45
25211,129024,-50.57131767272949,zs5yt6l6,no routing reset_seed = 45
25329,129024,-50.72316932678223,zs5yt6l6,no routing reset_seed = 45
25381,130048,-50.72316932678223,zs5yt6l6,no routing reset_seed = 45
25499,130048,-51.50549125671387,zs5yt6l6,no routing reset_seed = 45
25551,131072,-51.50549125671387,zs5yt6l6,no routing reset_seed = 45
25669,131072,-51.38910484313965,zs5yt6l6,no routing reset_seed = 45
25721,132096,-51.38910484313965,zs5yt6l6,no routing reset_seed = 45
25839,132096,-50.1982536315918,zs5yt6l6,no routing reset_seed = 45
25891,133120,-50.1982536315918,zs5yt6l6,no routing reset_seed = 45
26009,133120,-49.81875991821289,zs5yt6l6,no routing reset_seed = 45
26061,134144,-49.81875991821289,zs5yt6l6,no routing reset_seed = 45
26179,134144,-51.496206283569336,zs5yt6l6,no routing reset_seed = 45
26231,135168,-51.496206283569336,zs5yt6l6,no routing reset_seed = 45
26349,135168,-50.39984703063965,zs5yt6l6,no routing reset_seed = 45
26401,136192,-50.39984703063965,zs5yt6l6,no routing reset_seed = 45
26519,136192,-49.813838958740234,zs5yt6l6,no routing reset_seed = 45
26571,137216,-49.813838958740234,zs5yt6l6,no routing reset_seed = 45
26689,137216,-50.98200798034668,zs5yt6l6,no routing reset_seed = 45
26741,138240,-50.98200798034668,zs5yt6l6,no routing reset_seed = 45
26859,138240,-50.84244918823242,zs5yt6l6,no routing reset_seed = 45
26911,139264,-50.84244918823242,zs5yt6l6,no routing reset_seed = 45
27029,139264,-50.21821594238281,zs5yt6l6,no routing reset_seed = 45
27081,140288,-50.21821594238281,zs5yt6l6,no routing reset_seed = 45
27199,140288,-50.32598876953125,zs5yt6l6,no routing reset_seed = 45
27251,141312,-50.32598876953125,zs5yt6l6,no routing reset_seed = 45
27369,141312,-49.64988708496094,zs5yt6l6,no routing reset_seed = 45
27421,142336,-49.64988708496094,zs5yt6l6,no routing reset_seed = 45
27539,142336,-49.34989356994629,zs5yt6l6,no routing reset_seed = 45
27591,143360,-49.34989356994629,zs5yt6l6,no routing reset_seed = 45
27709,143360,-50.82037353515625,zs5yt6l6,no routing reset_seed = 45
27761,144384,-50.82037353515625,zs5yt6l6,no routing reset_seed = 45
27879,144384,-51.41710662841797,zs5yt6l6,no routing reset_seed = 45
27931,145408,-51.41710662841797,zs5yt6l6,no routing reset_seed = 45
28049,145408,-50.13313865661621,zs5yt6l6,no routing reset_seed = 45
28101,146432,-50.13313865661621,zs5yt6l6,no routing reset_seed = 45
28219,146432,-50.83036804199219,zs5yt6l6,no routing reset_seed = 45
28271,147456,-50.83036804199219,zs5yt6l6,no routing reset_seed = 45
28389,147456,-49.9062614440918,zs5yt6l6,no routing reset_seed = 45
28441,148480,-49.9062614440918,zs5yt6l6,no routing reset_seed = 45
28559,148480,-50.19309043884277,zs5yt6l6,no routing reset_seed = 45
28611,149504,-50.19309043884277,zs5yt6l6,no routing reset_seed = 45
28729,149504,-51.41436004638672,zs5yt6l6,no routing reset_seed = 45
28781,150528,-51.41436004638672,zs5yt6l6,no routing reset_seed = 45
28899,150528,-49.488677978515625,zs5yt6l6,no routing reset_seed = 45
28951,151552,-49.488677978515625,zs5yt6l6,no routing reset_seed = 45
29069,151552,-50.747032165527344,zs5yt6l6,no routing reset_seed = 45
29121,152576,-50.747032165527344,zs5yt6l6,no routing reset_seed = 45
29239,152576,-49.44953155517578,zs5yt6l6,no routing reset_seed = 45
29291,153600,-49.44953155517578,zs5yt6l6,no routing reset_seed = 45
29409,153600,-50.446353912353516,zs5yt6l6,no routing reset_seed = 45
29461,154624,-50.446353912353516,zs5yt6l6,no routing reset_seed = 45
29579,154624,-49.51553726196289,zs5yt6l6,no routing reset_seed = 45
29631,155648,-49.51553726196289,zs5yt6l6,no routing reset_seed = 45
29749,155648,-50.85843849182129,zs5yt6l6,no routing reset_seed = 45
29801,156672,-50.85843849182129,zs5yt6l6,no routing reset_seed = 45
29919,156672,-51.88435173034668,zs5yt6l6,no routing reset_seed = 45
29971,157696,-51.88435173034668,zs5yt6l6,no routing reset_seed = 45
30089,157696,-50.53448295593262,zs5yt6l6,no routing reset_seed = 45
30141,158720,-50.53448295593262,zs5yt6l6,no routing reset_seed = 45
30259,158720,-50.33818435668945,zs5yt6l6,no routing reset_seed = 45
30311,159744,-50.33818435668945,zs5yt6l6,no routing reset_seed = 45
30429,159744,-49.67913818359375,zs5yt6l6,no routing reset_seed = 45
30481,160768,-49.67913818359375,zs5yt6l6,no routing reset_seed = 45
30599,160768,-50.684213638305664,zs5yt6l6,no routing reset_seed = 45
30651,161792,-50.684213638305664,zs5yt6l6,no routing reset_seed = 45
30769,161792,-50.628103256225586,zs5yt6l6,no routing reset_seed = 45
30821,162816,-50.628103256225586,zs5yt6l6,no routing reset_seed = 45
30939,162816,-50.106563568115234,zs5yt6l6,no routing reset_seed = 45
30991,163840,-50.106563568115234,zs5yt6l6,no routing reset_seed = 45
31109,163840,-49.83784484863281,zs5yt6l6,no routing reset_seed = 45
31161,164864,-49.83784484863281,zs5yt6l6,no routing reset_seed = 45
31279,164864,-50.34457015991211,zs5yt6l6,no routing reset_seed = 45
31331,165888,-50.34457015991211,zs5yt6l6,no routing reset_seed = 45
31449,165888,-50.843305587768555,zs5yt6l6,no routing reset_seed = 45
31501,166912,-50.843305587768555,zs5yt6l6,no routing reset_seed = 45
31619,166912,-50.80023384094238,zs5yt6l6,no routing reset_seed = 45
31671,167936,-50.80023384094238,zs5yt6l6,no routing reset_seed = 45
31789,167936,-51.58109664916992,zs5yt6l6,no routing reset_seed = 45
31841,168960,-51.58109664916992,zs5yt6l6,no routing reset_seed = 45
31959,168960,-50.387956619262695,zs5yt6l6,no routing reset_seed = 45
32011,169984,-50.387956619262695,zs5yt6l6,no routing reset_seed = 45
32129,169984,-50.70156288146973,zs5yt6l6,no routing reset_seed = 45
32181,171008,-50.70156288146973,zs5yt6l6,no routing reset_seed = 45
32299,171008,-50.233184814453125,zs5yt6l6,no routing reset_seed = 45
32351,172032,-50.233184814453125,zs5yt6l6,no routing reset_seed = 45
32469,172032,-50.32463073730469,zs5yt6l6,no routing reset_seed = 45
32521,173056,-50.32463073730469,zs5yt6l6,no routing reset_seed = 45
32639,173056,-50.79408264160156,zs5yt6l6,no routing reset_seed = 45
32691,174080,-50.79408264160156,zs5yt6l6,no routing reset_seed = 45
32809,174080,-51.41707420349121,zs5yt6l6,no routing reset_seed = 45
32861,175104,-51.41707420349121,zs5yt6l6,no routing reset_seed = 45
32979,175104,-50.69814491271973,zs5yt6l6,no routing reset_seed = 45
33031,176128,-50.69814491271973,zs5yt6l6,no routing reset_seed = 45
33149,176128,-50.71340370178223,zs5yt6l6,no routing reset_seed = 45
33201,177152,-50.71340370178223,zs5yt6l6,no routing reset_seed = 45
33319,177152,-49.861806869506836,zs5yt6l6,no routing reset_seed = 45
33371,178176,-49.861806869506836,zs5yt6l6,no routing reset_seed = 45
33489,178176,-49.302188873291016,zs5yt6l6,no routing reset_seed = 45
33541,179200,-49.302188873291016,zs5yt6l6,no routing reset_seed = 45
33659,179200,-50.15236282348633,zs5yt6l6,no routing reset_seed = 45
33711,180224,-50.15236282348633,zs5yt6l6,no routing reset_seed = 45
33829,180224,-49.97812080383301,zs5yt6l6,no routing reset_seed = 45
33881,181248,-49.97812080383301,zs5yt6l6,no routing reset_seed = 45
33999,181248,-49.51384353637695,zs5yt6l6,no routing reset_seed = 45
51,0,,8ixhtw37,no routing aorpo reset_seed = 50 k = 6
169,0,-31.962271690368652,8ixhtw37,no routing aorpo reset_seed = 50 k = 6
221,0,-31.962271690368652,8ixhtw37,no routing aorpo reset_seed = 50 k = 6
339,0,-32.60216808319092,8ixhtw37,no routing aorpo reset_seed = 50 k = 6
391,0,-32.60216808319092,8ixhtw37,no routing aorpo reset_seed = 50 k = 6
509,0,-31.491273880004883,8ixhtw37,no routing aorpo reset_seed = 50 k = 6
561,0,-31.491273880004883,8ixhtw37,no routing aorpo reset_seed = 50 k = 6
679,0,-33.803165435791016,8ixhtw37,no routing aorpo reset_seed = 50 k = 6
731,0,-33.803165435791016,8ixhtw37,no routing aorpo reset_seed = 50 k = 6
849,0,-35.257025718688965,8ixhtw37,no routing aorpo reset_seed = 50 k = 6
901,0,-35.257025718688965,8ixhtw37,no routing aorpo reset_seed = 50 k = 6
1019,0,-34.816810607910156,8ixhtw37,no routing aorpo reset_seed = 50 k = 6
1071,0,-34.816810607910156,8ixhtw37,no routing aorpo reset_seed = 50 k = 6
1189,0,-34.62906265258789,8ixhtw37,no routing aorpo reset_seed = 50 k = 6
1241,0,-34.62906265258789,8ixhtw37,no routing aorpo reset_seed = 50 k = 6
1359,0,-33.048828125,8ixhtw37,no routing aorpo reset_seed = 50 k = 6
1411,0,-33.048828125,8ixhtw37,no routing aorpo reset_seed = 50 k = 6
1529,0,-32.482900619506836,8ixhtw37,no routing aorpo reset_seed = 50 k = 6
1581,0,-32.482900619506836,8ixhtw37,no routing aorpo reset_seed = 50 k = 6
1699,0,-31.9648494720459,8ixhtw37,no routing aorpo reset_seed = 50 k = 6
1751,0,-31.9648494720459,8ixhtw37,no routing aorpo reset_seed = 50 k = 6
1869,0,-32.128042221069336,8ixhtw37,no routing aorpo reset_seed = 50 k = 6
1921,0,-32.128042221069336,8ixhtw37,no routing aorpo reset_seed = 50 k = 6
2039,0,-31.691572189331055,8ixhtw37,no routing aorpo reset_seed = 50 k = 6
2091,0,-31.691572189331055,8ixhtw37,no routing aorpo reset_seed = 50 k = 6
2209,0,-33.49492835998535,8ixhtw37,no routing aorpo reset_seed = 50 k = 6
2261,0,-33.49492835998535,8ixhtw37,no routing aorpo reset_seed = 50 k = 6
2379,0,-32.64886283874512,8ixhtw37,no routing aorpo reset_seed = 50 k = 6
2431,0,-32.64886283874512,8ixhtw37,no routing aorpo reset_seed = 50 k = 6
2549,0,-33.95797252655029,8ixhtw37,no routing aorpo reset_seed = 50 k = 6
2601,0,-33.95797252655029,8ixhtw37,no routing aorpo reset_seed = 50 k = 6
2719,0,-34.922956466674805,8ixhtw37,no routing aorpo reset_seed = 50 k = 6
2771,0,-34.922956466674805,8ixhtw37,no routing aorpo reset_seed = 50 k = 6
2889,0,-33.32135772705078,8ixhtw37,no routing aorpo reset_seed = 50 k = 6
2941,0,-33.32135772705078,8ixhtw37,no routing aorpo reset_seed = 50 k = 6
3059,0,-32.79409313201904,8ixhtw37,no routing aorpo reset_seed = 50 k = 6
3111,0,-32.79409313201904,8ixhtw37,no routing aorpo reset_seed = 50 k = 6
3229,0,-32.48227500915527,8ixhtw37,no routing aorpo reset_seed = 50 k = 6
3281,0,-32.48227500915527,8ixhtw37,no routing aorpo reset_seed = 50 k = 6
3399,0,-31.49492645263672,8ixhtw37,no routing aorpo reset_seed = 50 k = 6
3451,0,-31.49492645263672,8ixhtw37,no routing aorpo reset_seed = 50 k = 6
3569,0,-31.57584285736084,8ixhtw37,no routing aorpo reset_seed = 50 k = 6
3621,0,-31.57584285736084,8ixhtw37,no routing aorpo reset_seed = 50 k = 6
3739,0,-33.115145683288574,8ixhtw37,no routing aorpo reset_seed = 50 k = 6
3791,0,-33.115145683288574,8ixhtw37,no routing aorpo reset_seed = 50 k = 6
3909,0,-31.67492389678955,8ixhtw37,no routing aorpo reset_seed = 50 k = 6
3961,1024,-31.67492389678955,8ixhtw37,no routing aorpo reset_seed = 50 k = 6
4079,1024,-31.469099044799805,8ixhtw37,no routing aorpo reset_seed = 50 k = 6
4131,2048,-31.469099044799805,8ixhtw37,no routing aorpo reset_seed = 50 k = 6
4249,2048,-32.422234535217285,8ixhtw37,no routing aorpo reset_seed = 50 k = 6
4301,3072,-32.422234535217285,8ixhtw37,no routing aorpo reset_seed = 50 k = 6
4419,3072,-31.597500801086426,8ixhtw37,no routing aorpo reset_seed = 50 k = 6
4471,4096,-31.597500801086426,8ixhtw37,no routing aorpo reset_seed = 50 k = 6
4589,4096,-31.56120491027832,8ixhtw37,no routing aorpo reset_seed = 50 k = 6
4641,5120,-31.56120491027832,8ixhtw37,no routing aorpo reset_seed = 50 k = 6
4759,5120,-32.0170783996582,8ixhtw37,no routing aorpo reset_seed = 50 k = 6
4811,6144,-32.0170783996582,8ixhtw37,no routing aorpo reset_seed = 50 k = 6
4929,6144,-32.38369941711426,8ixhtw37,no routing aorpo reset_seed = 50 k = 6
4981,7168,-32.38369941711426,8ixhtw37,no routing aorpo reset_seed = 50 k = 6
5099,7168,-30.582963943481445,8ixhtw37,no routing aorpo reset_seed = 50 k = 6
5151,8192,-30.582963943481445,8ixhtw37,no routing aorpo reset_seed = 50 k = 6
5269,8192,-31.249492645263672,8ixhtw37,no routing aorpo reset_seed = 50 k = 6
5321,9216,-31.249492645263672,8ixhtw37,no routing aorpo reset_seed = 50 k = 6
5439,9216,-33.33411121368408,8ixhtw37,no routing aorpo reset_seed = 50 k = 6
5491,10240,-33.33411121368408,8ixhtw37,no routing aorpo reset_seed = 50 k = 6
5609,10240,-31.415559768676758,8ixhtw37,no routing aorpo reset_seed = 50 k = 6
5661,11264,-31.415559768676758,8ixhtw37,no routing aorpo reset_seed = 50 k = 6
5779,11264,-32.117258071899414,8ixhtw37,no routing aorpo reset_seed = 50 k = 6
5831,12288,-32.117258071899414,8ixhtw37,no routing aorpo reset_seed = 50 k = 6
5949,12288,-31.980523109436035,8ixhtw37,no routing aorpo reset_seed = 50 k = 6
6001,13312,-31.980523109436035,8ixhtw37,no routing aorpo reset_seed = 50 k = 6
6119,13312,-32.911598205566406,8ixhtw37,no routing aorpo reset_seed = 50 k = 6
6171,14336,-32.911598205566406,8ixhtw37,no routing aorpo reset_seed = 50 k = 6
6289,14336,-33.19476509094238,8ixhtw37,no routing aorpo reset_seed = 50 k = 6
6341,15360,-33.19476509094238,8ixhtw37,no routing aorpo reset_seed = 50 k = 6
6459,15360,-32.93768310546875,8ixhtw37,no routing aorpo reset_seed = 50 k = 6
6511,16384,-32.93768310546875,8ixhtw37,no routing aorpo reset_seed = 50 k = 6
6629,16384,-32.26621341705322,8ixhtw37,no routing aorpo reset_seed = 50 k = 6
6681,17408,-32.26621341705322,8ixhtw37,no routing aorpo reset_seed = 50 k = 6
6799,17408,-33.62507152557373,8ixhtw37,no routing aorpo reset_seed = 50 k = 6
6851,18432,-33.62507152557373,8ixhtw37,no routing aorpo reset_seed = 50 k = 6
6969,18432,-31.750093460083008,8ixhtw37,no routing aorpo reset_seed = 50 k = 6
7021,19456,-31.750093460083008,8ixhtw37,no routing aorpo reset_seed = 50 k = 6
7139,19456,-31.93694019317627,8ixhtw37,no routing aorpo reset_seed = 50 k = 6
7191,20480,-31.93694019317627,8ixhtw37,no routing aorpo reset_seed = 50 k = 6
7309,20480,-32.22367286682129,8ixhtw37,no routing aorpo reset_seed = 50 k = 6
7361,21504,-32.22367286682129,8ixhtw37,no routing aorpo reset_seed = 50 k = 6
7479,21504,-30.05470848083496,8ixhtw37,no routing aorpo reset_seed = 50 k = 6
7531,22528,-30.05470848083496,8ixhtw37,no routing aorpo reset_seed = 50 k = 6
7649,22528,-31.549307823181152,8ixhtw37,no routing aorpo reset_seed = 50 k = 6
7701,23552,-31.549307823181152,8ixhtw37,no routing aorpo reset_seed = 50 k = 6
7819,23552,-30.82014274597168,8ixhtw37,no routing aorpo reset_seed = 50 k = 6
7871,24576,-30.82014274597168,8ixhtw37,no routing aorpo reset_seed = 50 k = 6
7989,24576,-30.89377212524414,8ixhtw37,no routing aorpo reset_seed = 50 k = 6
8041,25600,-30.89377212524414,8ixhtw37,no routing aorpo reset_seed = 50 k = 6
8159,25600,-29.82377052307129,8ixhtw37,no routing aorpo reset_seed = 50 k = 6
8211,26624,-29.82377052307129,8ixhtw37,no routing aorpo reset_seed = 50 k = 6
8329,26624,-30.466639518737793,8ixhtw37,no routing aorpo reset_seed = 50 k = 6
8381,27648,-30.466639518737793,8ixhtw37,no routing aorpo reset_seed = 50 k = 6
8499,27648,-30.546161651611328,8ixhtw37,no routing aorpo reset_seed = 50 k = 6
8551,28672,-30.546161651611328,8ixhtw37,no routing aorpo reset_seed = 50 k = 6
8669,28672,-30.34488582611084,8ixhtw37,no routing aorpo reset_seed = 50 k = 6
8721,29696,-30.34488582611084,8ixhtw37,no routing aorpo reset_seed = 50 k = 6
8839,29696,-30.79491424560547,8ixhtw37,no routing aorpo reset_seed = 50 k = 6
8891,30720,-30.79491424560547,8ixhtw37,no routing aorpo reset_seed = 50 k = 6
9009,30720,-29.8070011138916,8ixhtw37,no routing aorpo reset_seed = 50 k = 6
9061,31744,-29.8070011138916,8ixhtw37,no routing aorpo reset_seed = 50 k = 6
9179,31744,-29.351280212402344,8ixhtw37,no routing aorpo reset_seed = 50 k = 6
9231,32768,-29.351280212402344,8ixhtw37,no routing aorpo reset_seed = 50 k = 6
9349,32768,-29.870107650756836,8ixhtw37,no routing aorpo reset_seed = 50 k = 6
9401,33792,-29.870107650756836,8ixhtw37,no routing aorpo reset_seed = 50 k = 6
9519,33792,-30.02873706817627,8ixhtw37,no routing aorpo reset_seed = 50 k = 6
9571,34816,-30.02873706817627,8ixhtw37,no routing aorpo reset_seed = 50 k = 6
9689,34816,-30.29755401611328,8ixhtw37,no routing aorpo reset_seed = 50 k = 6
9741,35840,-30.29755401611328,8ixhtw37,no routing aorpo reset_seed = 50 k = 6
9859,35840,-29.299423217773438,8ixhtw37,no routing aorpo reset_seed = 50 k = 6
9911,36864,-29.299423217773438,8ixhtw37,no routing aorpo reset_seed = 50 k = 6
10029,36864,-29.73967170715332,8ixhtw37,no routing aorpo reset_seed = 50 k = 6
10081,37888,-29.73967170715332,8ixhtw37,no routing aorpo reset_seed = 50 k = 6
10199,37888,-29.607521057128906,8ixhtw37,no routing aorpo reset_seed = 50 k = 6
10251,38912,-29.607521057128906,8ixhtw37,no routing aorpo reset_seed = 50 k = 6
10369,38912,-29.455134391784668,8ixhtw37,no routing aorpo reset_seed = 50 k = 6
10421,39936,-29.455134391784668,8ixhtw37,no routing aorpo reset_seed = 50 k = 6
10539,39936,-29.535048484802246,8ixhtw37,no routing aorpo reset_seed = 50 k = 6
10591,40960,-29.535048484802246,8ixhtw37,no routing aorpo reset_seed = 50 k = 6
10709,40960,-30.098692893981934,8ixhtw37,no routing aorpo reset_seed = 50 k = 6
10761,41984,-30.098692893981934,8ixhtw37,no routing aorpo reset_seed = 50 k = 6
10879,41984,-29.873708724975586,8ixhtw37,no routing aorpo reset_seed = 50 k = 6
10931,43008,-29.873708724975586,8ixhtw37,no routing aorpo reset_seed = 50 k = 6
11049,43008,-29.976025581359863,8ixhtw37,no routing aorpo reset_seed = 50 k = 6
11101,44032,-29.976025581359863,8ixhtw37,no routing aorpo reset_seed = 50 k = 6
11219,44032,-30.183773040771484,8ixhtw37,no routing aorpo reset_seed = 50 k = 6
11271,45056,-30.183773040771484,8ixhtw37,no routing aorpo reset_seed = 50 k = 6
11389,45056,-30.01371192932129,8ixhtw37,no routing aorpo reset_seed = 50 k = 6
11441,46080,-30.01371192932129,8ixhtw37,no routing aorpo reset_seed = 50 k = 6
11559,46080,-30.840185165405273,8ixhtw37,no routing aorpo reset_seed = 50 k = 6
11611,47104,-30.840185165405273,8ixhtw37,no routing aorpo reset_seed = 50 k = 6
11729,47104,-30.847987174987793,8ixhtw37,no routing aorpo reset_seed = 50 k = 6
11781,48128,-30.847987174987793,8ixhtw37,no routing aorpo reset_seed = 50 k = 6
11899,48128,-29.985913276672363,8ixhtw37,no routing aorpo reset_seed = 50 k = 6
11951,50176,-29.985913276672363,8ixhtw37,no routing aorpo reset_seed = 50 k = 6
12069,50176,-29.8871431350708,8ixhtw37,no routing aorpo reset_seed = 50 k = 6
12121,51200,-29.8871431350708,8ixhtw37,no routing aorpo reset_seed = 50 k = 6
12239,51200,-30.875011444091797,8ixhtw37,no routing aorpo reset_seed = 50 k = 6
12291,52224,-30.875011444091797,8ixhtw37,no routing aorpo reset_seed = 50 k = 6
12409,52224,-30.25839614868164,8ixhtw37,no routing aorpo reset_seed = 50 k = 6
12461,53248,-30.25839614868164,8ixhtw37,no routing aorpo reset_seed = 50 k = 6
12579,53248,-30.37294101715088,8ixhtw37,no routing aorpo reset_seed = 50 k = 6
12631,55296,-30.37294101715088,8ixhtw37,no routing aorpo reset_seed = 50 k = 6
12749,55296,-30.690900802612305,8ixhtw37,no routing aorpo reset_seed = 50 k = 6
12801,56320,-30.690900802612305,8ixhtw37,no routing aorpo reset_seed = 50 k = 6
12919,56320,-30.7362642288208,8ixhtw37,no routing aorpo reset_seed = 50 k = 6
12971,57344,-30.7362642288208,8ixhtw37,no routing aorpo reset_seed = 50 k = 6
13089,57344,-31.188568115234375,8ixhtw37,no routing aorpo reset_seed = 50 k = 6
13141,59392,-31.188568115234375,8ixhtw37,no routing aorpo reset_seed = 50 k = 6
13259,59392,-30.35477924346924,8ixhtw37,no routing aorpo reset_seed = 50 k = 6
13311,60416,-30.35477924346924,8ixhtw37,no routing aorpo reset_seed = 50 k = 6
13429,60416,-31.272048950195312,8ixhtw37,no routing aorpo reset_seed = 50 k = 6
13481,62464,-31.272048950195312,8ixhtw37,no routing aorpo reset_seed = 50 k = 6
13599,62464,-31.00502586364746,8ixhtw37,no routing aorpo reset_seed = 50 k = 6
13651,63488,-31.00502586364746,8ixhtw37,no routing aorpo reset_seed = 50 k = 6
13769,63488,-31.66184711456299,8ixhtw37,no routing aorpo reset_seed = 50 k = 6
13821,65536,-31.66184711456299,8ixhtw37,no routing aorpo reset_seed = 50 k = 6
13939,65536,-30.40612030029297,8ixhtw37,no routing aorpo reset_seed = 50 k = 6
13991,66560,-30.40612030029297,8ixhtw37,no routing aorpo reset_seed = 50 k = 6
14109,66560,-30.183634757995605,8ixhtw37,no routing aorpo reset_seed = 50 k = 6
14161,68608,-30.183634757995605,8ixhtw37,no routing aorpo reset_seed = 50 k = 6
14279,68608,-31.710264205932617,8ixhtw37,no routing aorpo reset_seed = 50 k = 6
14331,69632,-31.710264205932617,8ixhtw37,no routing aorpo reset_seed = 50 k = 6
14449,69632,-31.96885395050049,8ixhtw37,no routing aorpo reset_seed = 50 k = 6
14501,71680,-31.96885395050049,8ixhtw37,no routing aorpo reset_seed = 50 k = 6
14619,71680,-30.067708015441895,8ixhtw37,no routing aorpo reset_seed = 50 k = 6
14671,73728,-30.067708015441895,8ixhtw37,no routing aorpo reset_seed = 50 k = 6
14789,73728,-30.155858993530273,8ixhtw37,no routing aorpo reset_seed = 50 k = 6
14841,75776,-30.155858993530273,8ixhtw37,no routing aorpo reset_seed = 50 k = 6
14959,75776,-31.510835647583008,8ixhtw37,no routing aorpo reset_seed = 50 k = 6
15011,77824,-31.510835647583008,8ixhtw37,no routing aorpo reset_seed = 50 k = 6
15129,77824,-31.16143226623535,8ixhtw37,no routing aorpo reset_seed = 50 k = 6
15181,79872,-31.16143226623535,8ixhtw37,no routing aorpo reset_seed = 50 k = 6
15299,79872,-31.39046859741211,8ixhtw37,no routing aorpo reset_seed = 50 k = 6
15351,81920,-31.39046859741211,8ixhtw37,no routing aorpo reset_seed = 50 k = 6
15469,81920,-31.519057273864746,8ixhtw37,no routing aorpo reset_seed = 50 k = 6
15521,83968,-31.519057273864746,8ixhtw37,no routing aorpo reset_seed = 50 k = 6
15639,83968,-31.607483863830566,8ixhtw37,no routing aorpo reset_seed = 50 k = 6
15691,86016,-31.607483863830566,8ixhtw37,no routing aorpo reset_seed = 50 k = 6
15809,86016,-30.904845237731934,8ixhtw37,no routing aorpo reset_seed = 50 k = 6
15861,88064,-30.904845237731934,8ixhtw37,no routing aorpo reset_seed = 50 k = 6
15979,88064,-31.661474227905273,8ixhtw37,no routing aorpo reset_seed = 50 k = 6
16031,90112,-31.661474227905273,8ixhtw37,no routing aorpo reset_seed = 50 k = 6
16149,90112,-31.46462059020996,8ixhtw37,no routing aorpo reset_seed = 50 k = 6
16201,91136,-31.46462059020996,8ixhtw37,no routing aorpo reset_seed = 50 k = 6
16319,91136,-31.72004795074463,8ixhtw37,no routing aorpo reset_seed = 50 k = 6
16371,93184,-31.72004795074463,8ixhtw37,no routing aorpo reset_seed = 50 k = 6
16489,93184,-31.90051555633545,8ixhtw37,no routing aorpo reset_seed = 50 k = 6
16541,95232,-31.90051555633545,8ixhtw37,no routing aorpo reset_seed = 50 k = 6
16659,95232,-31.520851135253906,8ixhtw37,no routing aorpo reset_seed = 50 k = 6
16711,96256,-31.520851135253906,8ixhtw37,no routing aorpo reset_seed = 50 k = 6
16829,96256,-31.640789031982422,8ixhtw37,no routing aorpo reset_seed = 50 k = 6
16881,97280,-31.640789031982422,8ixhtw37,no routing aorpo reset_seed = 50 k = 6
16999,97280,-31.321300506591797,8ixhtw37,no routing aorpo reset_seed = 50 k = 6
17051,99328,-31.321300506591797,8ixhtw37,no routing aorpo reset_seed = 50 k = 6
17169,99328,-31.288762092590332,8ixhtw37,no routing aorpo reset_seed = 50 k = 6
17221,100352,-31.288762092590332,8ixhtw37,no routing aorpo reset_seed = 50 k = 6
17339,100352,-31.59031391143799,8ixhtw37,no routing aorpo reset_seed = 50 k = 6
17391,102400,-31.59031391143799,8ixhtw37,no routing aorpo reset_seed = 50 k = 6
17509,102400,-30.75114631652832,8ixhtw37,no routing aorpo reset_seed = 50 k = 6
17561,104448,-30.75114631652832,8ixhtw37,no routing aorpo reset_seed = 50 k = 6
17679,104448,-32.19210720062256,8ixhtw37,no routing aorpo reset_seed = 50 k = 6
17731,106496,-32.19210720062256,8ixhtw37,no routing aorpo reset_seed = 50 k = 6
17849,106496,-32.07946014404297,8ixhtw37,no routing aorpo reset_seed = 50 k = 6
17901,108544,-32.07946014404297,8ixhtw37,no routing aorpo reset_seed = 50 k = 6
18019,108544,-31.782730102539062,8ixhtw37,no routing aorpo reset_seed = 50 k = 6
18071,110592,-31.782730102539062,8ixhtw37,no routing aorpo reset_seed = 50 k = 6
18189,110592,-32.54800796508789,8ixhtw37,no routing aorpo reset_seed = 50 k = 6
18241,112640,-32.54800796508789,8ixhtw37,no routing aorpo reset_seed = 50 k = 6
18359,112640,-31.357611656188965,8ixhtw37,no routing aorpo reset_seed = 50 k = 6
18411,113664,-31.357611656188965,8ixhtw37,no routing aorpo reset_seed = 50 k = 6
18529,113664,-31.658950805664062,8ixhtw37,no routing aorpo reset_seed = 50 k = 6
18581,114688,-31.658950805664062,8ixhtw37,no routing aorpo reset_seed = 50 k = 6
18699,114688,-32.05637073516846,8ixhtw37,no routing aorpo reset_seed = 50 k = 6
18751,116736,-32.05637073516846,8ixhtw37,no routing aorpo reset_seed = 50 k = 6
18869,116736,-32.70939254760742,8ixhtw37,no routing aorpo reset_seed = 50 k = 6
18921,118784,-32.70939254760742,8ixhtw37,no routing aorpo reset_seed = 50 k = 6
19039,118784,-30.88267707824707,8ixhtw37,no routing aorpo reset_seed = 50 k = 6
19091,120832,-30.88267707824707,8ixhtw37,no routing aorpo reset_seed = 50 k = 6
19209,120832,-32.192389488220215,8ixhtw37,no routing aorpo reset_seed = 50 k = 6
19261,122880,-32.192389488220215,8ixhtw37,no routing aorpo reset_seed = 50 k = 6
19379,122880,-31.95011806488037,8ixhtw37,no routing aorpo reset_seed = 50 k = 6
19431,124928,-31.95011806488037,8ixhtw37,no routing aorpo reset_seed = 50 k = 6
19549,124928,-32.556389808654785,8ixhtw37,no routing aorpo reset_seed = 50 k = 6
19601,126976,-32.556389808654785,8ixhtw37,no routing aorpo reset_seed = 50 k = 6
19719,126976,-32.525755882263184,8ixhtw37,no routing aorpo reset_seed = 50 k = 6
19771,129024,-32.525755882263184,8ixhtw37,no routing aorpo reset_seed = 50 k = 6
19889,129024,-32.123995780944824,8ixhtw37,no routing aorpo reset_seed = 50 k = 6
19941,131072,-32.123995780944824,8ixhtw37,no routing aorpo reset_seed = 50 k = 6
20059,131072,-32.33834171295166,8ixhtw37,no routing aorpo reset_seed = 50 k = 6
20111,132096,-32.33834171295166,8ixhtw37,no routing aorpo reset_seed = 50 k = 6
20229,132096,-31.401768684387207,8ixhtw37,no routing aorpo reset_seed = 50 k = 6
20281,134144,-31.401768684387207,8ixhtw37,no routing aorpo reset_seed = 50 k = 6
20399,134144,-32.19340991973877,8ixhtw37,no routing aorpo reset_seed = 50 k = 6
20451,136192,-32.19340991973877,8ixhtw37,no routing aorpo reset_seed = 50 k = 6
20569,136192,-31.45884609222412,8ixhtw37,no routing aorpo reset_seed = 50 k = 6
20621,138240,-31.45884609222412,8ixhtw37,no routing aorpo reset_seed = 50 k = 6
20739,138240,-32.204169273376465,8ixhtw37,no routing aorpo reset_seed = 50 k = 6
20791,140288,-32.204169273376465,8ixhtw37,no routing aorpo reset_seed = 50 k = 6
20909,140288,-32.56266784667969,8ixhtw37,no routing aorpo reset_seed = 50 k = 6
20961,142336,-32.56266784667969,8ixhtw37,no routing aorpo reset_seed = 50 k = 6
21079,142336,-33.03093433380127,8ixhtw37,no routing aorpo reset_seed = 50 k = 6
21131,144384,-33.03093433380127,8ixhtw37,no routing aorpo reset_seed = 50 k = 6
21249,144384,-32.25326728820801,8ixhtw37,no routing aorpo reset_seed = 50 k = 6
21301,146432,-32.25326728820801,8ixhtw37,no routing aorpo reset_seed = 50 k = 6
21419,146432,-33.61343002319336,8ixhtw37,no routing aorpo reset_seed = 50 k = 6
21471,148480,-33.61343002319336,8ixhtw37,no routing aorpo reset_seed = 50 k = 6
21589,148480,-32.96271514892578,8ixhtw37,no routing aorpo reset_seed = 50 k = 6
21641,150528,-32.96271514892578,8ixhtw37,no routing aorpo reset_seed = 50 k = 6
21759,150528,-32.47877788543701,8ixhtw37,no routing aorpo reset_seed = 50 k = 6
21811,152576,-32.47877788543701,8ixhtw37,no routing aorpo reset_seed = 50 k = 6
21929,152576,-34.357192039489746,8ixhtw37,no routing aorpo reset_seed = 50 k = 6
21981,154624,-34.357192039489746,8ixhtw37,no routing aorpo reset_seed = 50 k = 6
22099,154624,-32.38855266571045,8ixhtw37,no routing aorpo reset_seed = 50 k = 6
22151,156672,-32.38855266571045,8ixhtw37,no routing aorpo reset_seed = 50 k = 6
22269,156672,-32.61820316314697,8ixhtw37,no routing aorpo reset_seed = 50 k = 6
22321,158720,-32.61820316314697,8ixhtw37,no routing aorpo reset_seed = 50 k = 6
22439,158720,-33.689642906188965,8ixhtw37,no routing aorpo reset_seed = 50 k = 6
22491,160768,-33.689642906188965,8ixhtw37,no routing aorpo reset_seed = 50 k = 6
22609,160768,-34.3876838684082,8ixhtw37,no routing aorpo reset_seed = 50 k = 6
22661,162816,-34.3876838684082,8ixhtw37,no routing aorpo reset_seed = 50 k = 6
22779,162816,-33.92049789428711,8ixhtw37,no routing aorpo reset_seed = 50 k = 6
22831,164864,-33.92049789428711,8ixhtw37,no routing aorpo reset_seed = 50 k = 6
22949,164864,-33.687283515930176,8ixhtw37,no routing aorpo reset_seed = 50 k = 6
23001,166912,-33.687283515930176,8ixhtw37,no routing aorpo reset_seed = 50 k = 6
23119,166912,-33.582794189453125,8ixhtw37,no routing aorpo reset_seed = 50 k = 6
23171,168960,-33.582794189453125,8ixhtw37,no routing aorpo reset_seed = 50 k = 6
23289,168960,-34.761003494262695,8ixhtw37,no routing aorpo reset_seed = 50 k = 6
23341,171008,-34.761003494262695,8ixhtw37,no routing aorpo reset_seed = 50 k = 6
23459,171008,-33.8810396194458,8ixhtw37,no routing aorpo reset_seed = 50 k = 6
23511,173056,-33.8810396194458,8ixhtw37,no routing aorpo reset_seed = 50 k = 6
23629,173056,-35.3041467666626,8ixhtw37,no routing aorpo reset_seed = 50 k = 6
23681,175104,-35.3041467666626,8ixhtw37,no routing aorpo reset_seed = 50 k = 6
23799,175104,-33.7534236907959,8ixhtw37,no routing aorpo reset_seed = 50 k = 6
23851,177152,-33.7534236907959,8ixhtw37,no routing aorpo reset_seed = 50 k = 6
23969,177152,-35.62436008453369,8ixhtw37,no routing aorpo reset_seed = 50 k = 6
24021,179200,-35.62436008453369,8ixhtw37,no routing aorpo reset_seed = 50 k = 6
24139,179200,-33.1920166015625,8ixhtw37,no routing aorpo reset_seed = 50 k = 6
24191,181248,-33.1920166015625,8ixhtw37,no routing aorpo reset_seed = 50 k = 6
24309,181248,-33.820420265197754,8ixhtw37,no routing aorpo reset_seed = 50 k = 6
24361,183296,-33.820420265197754,8ixhtw37,no routing aorpo reset_seed = 50 k = 6
24479,183296,-33.26318168640137,8ixhtw37,no routing aorpo reset_seed = 50 k = 6
24531,185344,-33.26318168640137,8ixhtw37,no routing aorpo reset_seed = 50 k = 6
24649,185344,-33.73936939239502,8ixhtw37,no routing aorpo reset_seed = 50 k = 6
24701,187392,-33.73936939239502,8ixhtw37,no routing aorpo reset_seed = 50 k = 6
24819,187392,-34.778751373291016,8ixhtw37,no routing aorpo reset_seed = 50 k = 6
24871,189440,-34.778751373291016,8ixhtw37,no routing aorpo reset_seed = 50 k = 6
24989,189440,-34.048505783081055,8ixhtw37,no routing aorpo reset_seed = 50 k = 6
25041,191488,-34.048505783081055,8ixhtw37,no routing aorpo reset_seed = 50 k = 6
25159,191488,-33.23978233337402,8ixhtw37,no routing aorpo reset_seed = 50 k = 6
25211,193536,-33.23978233337402,8ixhtw37,no routing aorpo reset_seed = 50 k = 6
25329,193536,-34.84474754333496,8ixhtw37,no routing aorpo reset_seed = 50 k = 6
25381,195584,-34.84474754333496,8ixhtw37,no routing aorpo reset_seed = 50 k = 6
25499,195584,-33.86654281616211,8ixhtw37,no routing aorpo reset_seed = 50 k = 6
25551,197632,-33.86654281616211,8ixhtw37,no routing aorpo reset_seed = 50 k = 6
25669,197632,-35.32020568847656,8ixhtw37,no routing aorpo reset_seed = 50 k = 6
25721,199680,-35.32020568847656,8ixhtw37,no routing aorpo reset_seed = 50 k = 6
25839,199680,-34.53215217590332,8ixhtw37,no routing aorpo reset_seed = 50 k = 6
25891,201728,-34.53215217590332,8ixhtw37,no routing aorpo reset_seed = 50 k = 6
26009,201728,-34.78224182128906,8ixhtw37,no routing aorpo reset_seed = 50 k = 6
26061,203776,-34.78224182128906,8ixhtw37,no routing aorpo reset_seed = 50 k = 6
26179,203776,-34.851237297058105,8ixhtw37,no routing aorpo reset_seed = 50 k = 6
26231,205824,-34.851237297058105,8ixhtw37,no routing aorpo reset_seed = 50 k = 6
26349,205824,-35.89076328277588,8ixhtw37,no routing aorpo reset_seed = 50 k = 6
26401,207872,-35.89076328277588,8ixhtw37,no routing aorpo reset_seed = 50 k = 6
26519,207872,-35.79434585571289,8ixhtw37,no routing aorpo reset_seed = 50 k = 6
26571,209920,-35.79434585571289,8ixhtw37,no routing aorpo reset_seed = 50 k = 6
26689,209920,-35.682982444763184,8ixhtw37,no routing aorpo reset_seed = 50 k = 6
26741,211968,-35.682982444763184,8ixhtw37,no routing aorpo reset_seed = 50 k = 6
26859,211968,-34.14633750915527,8ixhtw37,no routing aorpo reset_seed = 50 k = 6
26911,214016,-34.14633750915527,8ixhtw37,no routing aorpo reset_seed = 50 k = 6
27029,214016,-35.76790142059326,8ixhtw37,no routing aorpo reset_seed = 50 k = 6
27081,216064,-35.76790142059326,8ixhtw37,no routing aorpo reset_seed = 50 k = 6
27199,216064,-34.75269889831543,8ixhtw37,no routing aorpo reset_seed = 50 k = 6
27251,218112,-34.75269889831543,8ixhtw37,no routing aorpo reset_seed = 50 k = 6
27369,218112,-35.22136688232422,8ixhtw37,no routing aorpo reset_seed = 50 k = 6
27421,220160,-35.22136688232422,8ixhtw37,no routing aorpo reset_seed = 50 k = 6
27539,220160,-35.77514934539795,8ixhtw37,no routing aorpo reset_seed = 50 k = 6
27591,222208,-35.77514934539795,8ixhtw37,no routing aorpo reset_seed = 50 k = 6
27709,222208,-34.69058609008789,8ixhtw37,no routing aorpo reset_seed = 50 k = 6
27761,224256,-34.69058609008789,8ixhtw37,no routing aorpo reset_seed = 50 k = 6
27879,224256,-34.977603912353516,8ixhtw37,no routing aorpo reset_seed = 50 k = 6
27931,226304,-34.977603912353516,8ixhtw37,no routing aorpo reset_seed = 50 k = 6
28049,226304,-34.822471618652344,8ixhtw37,no routing aorpo reset_seed = 50 k = 6
28101,228352,-34.822471618652344,8ixhtw37,no routing aorpo reset_seed = 50 k = 6
28219,228352,-35.469876289367676,8ixhtw37,no routing aorpo reset_seed = 50 k = 6
28271,230400,-35.469876289367676,8ixhtw37,no routing aorpo reset_seed = 50 k = 6
28389,230400,-35.64289569854736,8ixhtw37,no routing aorpo reset_seed = 50 k = 6
28441,232448,-35.64289569854736,8ixhtw37,no routing aorpo reset_seed = 50 k = 6
28559,232448,-36.10985565185547,8ixhtw37,no routing aorpo reset_seed = 50 k = 6
28611,234496,-36.10985565185547,8ixhtw37,no routing aorpo reset_seed = 50 k = 6
28729,234496,-36.06502628326416,8ixhtw37,no routing aorpo reset_seed = 50 k = 6
28781,236544,-36.06502628326416,8ixhtw37,no routing aorpo reset_seed = 50 k = 6
28899,236544,-35.81966686248779,8ixhtw37,no routing aorpo reset_seed = 50 k = 6
28951,238592,-35.81966686248779,8ixhtw37,no routing aorpo reset_seed = 50 k = 6
29069,238592,-34.72393989562988,8ixhtw37,no routing aorpo reset_seed = 50 k = 6
29121,240640,-34.72393989562988,8ixhtw37,no routing aorpo reset_seed = 50 k = 6
29239,240640,-35.2313814163208,8ixhtw37,no routing aorpo reset_seed = 50 k = 6
29291,242688,-35.2313814163208,8ixhtw37,no routing aorpo reset_seed = 50 k = 6
29409,242688,-35.993492126464844,8ixhtw37,no routing aorpo reset_seed = 50 k = 6
29461,244736,-35.993492126464844,8ixhtw37,no routing aorpo reset_seed = 50 k = 6
29579,244736,-35.69543933868408,8ixhtw37,no routing aorpo reset_seed = 50 k = 6
29631,246784,-35.69543933868408,8ixhtw37,no routing aorpo reset_seed = 50 k = 6
29749,246784,-35.76089382171631,8ixhtw37,no routing aorpo reset_seed = 50 k = 6
29801,248832,-35.76089382171631,8ixhtw37,no routing aorpo reset_seed = 50 k = 6
29919,248832,-35.37028217315674,8ixhtw37,no routing aorpo reset_seed = 50 k = 6
29971,250880,-35.37028217315674,8ixhtw37,no routing aorpo reset_seed = 50 k = 6
30089,250880,-34.79799938201904,8ixhtw37,no routing aorpo reset_seed = 50 k = 6
30141,252928,-34.79799938201904,8ixhtw37,no routing aorpo reset_seed = 50 k = 6
30259,252928,-35.468058586120605,8ixhtw37,no routing aorpo reset_seed = 50 k = 6
30311,254976,-35.468058586120605,8ixhtw37,no routing aorpo reset_seed = 50 k = 6
30429,254976,-35.65234184265137,8ixhtw37,no routing aorpo reset_seed = 50 k = 6
30481,257024,-35.65234184265137,8ixhtw37,no routing aorpo reset_seed = 50 k = 6
30599,257024,-35.201040267944336,8ixhtw37,no routing aorpo reset_seed = 50 k = 6
30651,259072,-35.201040267944336,8ixhtw37,no routing aorpo reset_seed = 50 k = 6
30769,259072,-35.75100803375244,8ixhtw37,no routing aorpo reset_seed = 50 k = 6
30821,261120,-35.75100803375244,8ixhtw37,no routing aorpo reset_seed = 50 k = 6
30939,261120,-35.631547927856445,8ixhtw37,no routing aorpo reset_seed = 50 k = 6
30991,263168,-35.631547927856445,8ixhtw37,no routing aorpo reset_seed = 50 k = 6
31109,263168,-35.22502613067627,8ixhtw37,no routing aorpo reset_seed = 50 k = 6
31161,265216,-35.22502613067627,8ixhtw37,no routing aorpo reset_seed = 50 k = 6
31279,265216,-35.723724365234375,8ixhtw37,no routing aorpo reset_seed = 50 k = 6
31331,267264,-35.723724365234375,8ixhtw37,no routing aorpo reset_seed = 50 k = 6
31449,267264,-36.886549949645996,8ixhtw37,no routing aorpo reset_seed = 50 k = 6
31501,269312,-36.886549949645996,8ixhtw37,no routing aorpo reset_seed = 50 k = 6
31619,269312,-36.027649879455566,8ixhtw37,no routing aorpo reset_seed = 50 k = 6
31671,271360,-36.027649879455566,8ixhtw37,no routing aorpo reset_seed = 50 k = 6
31789,271360,-35.718406677246094,8ixhtw37,no routing aorpo reset_seed = 50 k = 6
31841,273408,-35.718406677246094,8ixhtw37,no routing aorpo reset_seed = 50 k = 6
31959,273408,-36.60894012451172,8ixhtw37,no routing aorpo reset_seed = 50 k = 6
32011,275456,-36.60894012451172,8ixhtw37,no routing aorpo reset_seed = 50 k = 6
32129,275456,-35.73451805114746,8ixhtw37,no routing aorpo reset_seed = 50 k = 6
32181,277504,-35.73451805114746,8ixhtw37,no routing aorpo reset_seed = 50 k = 6
32299,277504,-35.57320690155029,8ixhtw37,no routing aorpo reset_seed = 50 k = 6
32351,279552,-35.57320690155029,8ixhtw37,no routing aorpo reset_seed = 50 k = 6
32469,279552,-35.68103885650635,8ixhtw37,no routing aorpo reset_seed = 50 k = 6
32521,281600,-35.68103885650635,8ixhtw37,no routing aorpo reset_seed = 50 k = 6
32639,281600,-35.94868564605713,8ixhtw37,no routing aorpo reset_seed = 50 k = 6
32691,283648,-35.94868564605713,8ixhtw37,no routing aorpo reset_seed = 50 k = 6
32809,283648,-36.56042671203613,8ixhtw37,no routing aorpo reset_seed = 50 k = 6
32861,285696,-36.56042671203613,8ixhtw37,no routing aorpo reset_seed = 50 k = 6
32979,285696,-36.22516059875488,8ixhtw37,no routing aorpo reset_seed = 50 k = 6
33031,287744,-36.22516059875488,8ixhtw37,no routing aorpo reset_seed = 50 k = 6
33149,287744,-36.311800956726074,8ixhtw37,no routing aorpo reset_seed = 50 k = 6
33201,289792,-36.311800956726074,8ixhtw37,no routing aorpo reset_seed = 50 k = 6
33319,289792,-36.04594326019287,8ixhtw37,no routing aorpo reset_seed = 50 k = 6
33371,291840,-36.04594326019287,8ixhtw37,no routing aorpo reset_seed = 50 k = 6
33489,291840,-36.062204360961914,8ixhtw37,no routing aorpo reset_seed = 50 k = 6
33541,293888,-36.062204360961914,8ixhtw37,no routing aorpo reset_seed = 50 k = 6
33659,293888,-35.89439010620117,8ixhtw37,no routing aorpo reset_seed = 50 k = 6
33711,295936,-35.89439010620117,8ixhtw37,no routing aorpo reset_seed = 50 k = 6
33829,295936,-35.66991138458252,8ixhtw37,no routing aorpo reset_seed = 50 k = 6
33881,297984,-35.66991138458252,8ixhtw37,no routing aorpo reset_seed = 50 k = 6
33999,297984,-35.190585136413574,8ixhtw37,no routing aorpo reset_seed = 50 k = 6
51,0,,djvdzln3,no routing reset_seed = 55
169,0,-34.412169456481934,djvdzln3,no routing reset_seed = 55
221,0,-34.412169456481934,djvdzln3,no routing reset_seed = 55
339,0,-35.35334587097168,djvdzln3,no routing reset_seed = 55
391,0,-35.35334587097168,djvdzln3,no routing reset_seed = 55
509,0,-34.30422401428223,djvdzln3,no routing reset_seed = 55
561,0,-34.30422401428223,djvdzln3,no routing reset_seed = 55
679,0,-36.27078151702881,djvdzln3,no routing reset_seed = 55
731,0,-36.27078151702881,djvdzln3,no routing reset_seed = 55
849,0,-37.521263122558594,djvdzln3,no routing reset_seed = 55
901,0,-37.521263122558594,djvdzln3,no routing reset_seed = 55
1019,0,-39.291860580444336,djvdzln3,no routing reset_seed = 55
1071,0,-39.291860580444336,djvdzln3,no routing reset_seed = 55
1189,0,-40.01552486419678,djvdzln3,no routing reset_seed = 55
1241,0,-40.01552486419678,djvdzln3,no routing reset_seed = 55
1359,0,-39.16912651062012,djvdzln3,no routing reset_seed = 55
1411,0,-39.16912651062012,djvdzln3,no routing reset_seed = 55
1529,0,-39.55600357055664,djvdzln3,no routing reset_seed = 55
1581,0,-39.55600357055664,djvdzln3,no routing reset_seed = 55
1699,0,-38.5123348236084,djvdzln3,no routing reset_seed = 55
1751,0,-38.5123348236084,djvdzln3,no routing reset_seed = 55
1869,0,-37.90743446350098,djvdzln3,no routing reset_seed = 55
1921,0,-37.90743446350098,djvdzln3,no routing reset_seed = 55
2039,0,-38.11712455749512,djvdzln3,no routing reset_seed = 55
2091,0,-38.11712455749512,djvdzln3,no routing reset_seed = 55
2209,0,-36.959776878356934,djvdzln3,no routing reset_seed = 55
2261,0,-36.959776878356934,djvdzln3,no routing reset_seed = 55
2379,0,-37.53474807739258,djvdzln3,no routing reset_seed = 55
2431,0,-37.53474807739258,djvdzln3,no routing reset_seed = 55
2549,0,-37.35084342956543,djvdzln3,no routing reset_seed = 55
2601,0,-37.35084342956543,djvdzln3,no routing reset_seed = 55
2719,0,-37.592939376831055,djvdzln3,no routing reset_seed = 55
2771,0,-37.592939376831055,djvdzln3,no routing reset_seed = 55
2889,0,-37.21828651428223,djvdzln3,no routing reset_seed = 55
2941,0,-37.21828651428223,djvdzln3,no routing reset_seed = 55
3059,0,-37.69528102874756,djvdzln3,no routing reset_seed = 55
3111,0,-37.69528102874756,djvdzln3,no routing reset_seed = 55
3229,0,-36.893012046813965,djvdzln3,no routing reset_seed = 55
3281,0,-36.893012046813965,djvdzln3,no routing reset_seed = 55
3399,0,-37.089582443237305,djvdzln3,no routing reset_seed = 55
3451,0,-37.089582443237305,djvdzln3,no routing reset_seed = 55
3569,0,-36.92954158782959,djvdzln3,no routing reset_seed = 55
3621,0,-36.92954158782959,djvdzln3,no routing reset_seed = 55
3739,0,-36.687259674072266,djvdzln3,no routing reset_seed = 55
3791,0,-36.687259674072266,djvdzln3,no routing reset_seed = 55
3909,0,-36.88693046569824,djvdzln3,no routing reset_seed = 55
3961,1024,-36.88693046569824,djvdzln3,no routing reset_seed = 55
4079,1024,-36.62944412231445,djvdzln3,no routing reset_seed = 55
4131,2048,-36.62944412231445,djvdzln3,no routing reset_seed = 55
4249,2048,-36.28390312194824,djvdzln3,no routing reset_seed = 55
4301,3072,-36.28390312194824,djvdzln3,no routing reset_seed = 55
4419,3072,-36.041730880737305,djvdzln3,no routing reset_seed = 55
4471,4096,-36.041730880737305,djvdzln3,no routing reset_seed = 55
4589,4096,-36.08231163024902,djvdzln3,no routing reset_seed = 55
4641,5120,-36.08231163024902,djvdzln3,no routing reset_seed = 55
4759,5120,-36.15516185760498,djvdzln3,no routing reset_seed = 55
4811,6144,-36.15516185760498,djvdzln3,no routing reset_seed = 55
4929,6144,-35.3635311126709,djvdzln3,no routing reset_seed = 55
4981,7168,-35.3635311126709,djvdzln3,no routing reset_seed = 55
5099,7168,-35.00224590301514,djvdzln3,no routing reset_seed = 55
5151,8192,-35.00224590301514,djvdzln3,no routing reset_seed = 55
5269,8192,-33.67232704162598,djvdzln3,no routing reset_seed = 55
5321,9216,-33.67232704162598,djvdzln3,no routing reset_seed = 55
5439,9216,-33.726890563964844,djvdzln3,no routing reset_seed = 55
5491,10240,-33.726890563964844,djvdzln3,no routing reset_seed = 55
5609,10240,-34.552743911743164,djvdzln3,no routing reset_seed = 55
5661,11264,-34.552743911743164,djvdzln3,no routing reset_seed = 55
5779,11264,-33.840331077575684,djvdzln3,no routing reset_seed = 55
5831,12288,-33.840331077575684,djvdzln3,no routing reset_seed = 55
5949,12288,-34.612324714660645,djvdzln3,no routing reset_seed = 55
6001,13312,-34.612324714660645,djvdzln3,no routing reset_seed = 55
6119,13312,-36.081254959106445,djvdzln3,no routing reset_seed = 55
6171,14336,-36.081254959106445,djvdzln3,no routing reset_seed = 55
6289,14336,-34.49433422088623,djvdzln3,no routing reset_seed = 55
6341,15360,-34.49433422088623,djvdzln3,no routing reset_seed = 55
6459,15360,-34.47771739959717,djvdzln3,no routing reset_seed = 55
6511,16384,-34.47771739959717,djvdzln3,no routing reset_seed = 55
6629,16384,-33.219839096069336,djvdzln3,no routing reset_seed = 55
6681,17408,-33.219839096069336,djvdzln3,no routing reset_seed = 55
6799,17408,-33.609853744506836,djvdzln3,no routing reset_seed = 55
6851,18432,-33.609853744506836,djvdzln3,no routing reset_seed = 55
6969,18432,-33.14854621887207,djvdzln3,no routing reset_seed = 55
7021,19456,-33.14854621887207,djvdzln3,no routing reset_seed = 55
7139,19456,-34.1660213470459,djvdzln3,no routing reset_seed = 55
7191,20480,-34.1660213470459,djvdzln3,no routing reset_seed = 55
7309,20480,-31.79775619506836,djvdzln3,no routing reset_seed = 55
7361,21504,-31.79775619506836,djvdzln3,no routing reset_seed = 55
7479,21504,-33.66305351257324,djvdzln3,no routing reset_seed = 55
7531,22528,-33.66305351257324,djvdzln3,no routing reset_seed = 55
7649,22528,-32.44712162017822,djvdzln3,no routing reset_seed = 55
7701,23552,-32.44712162017822,djvdzln3,no routing reset_seed = 55
7819,23552,-33.215797424316406,djvdzln3,no routing reset_seed = 55
7871,24576,-33.215797424316406,djvdzln3,no routing reset_seed = 55
7989,24576,-32.855040550231934,djvdzln3,no routing reset_seed = 55
8041,25600,-32.855040550231934,djvdzln3,no routing reset_seed = 55
8159,25600,-31.716537475585938,djvdzln3,no routing reset_seed = 55
8211,26624,-31.716537475585938,djvdzln3,no routing reset_seed = 55
8329,26624,-31.38716697692871,djvdzln3,no routing reset_seed = 55
8381,27648,-31.38716697692871,djvdzln3,no routing reset_seed = 55
8499,27648,-32.523399353027344,djvdzln3,no routing reset_seed = 55
8551,28672,-32.523399353027344,djvdzln3,no routing reset_seed = 55
8669,28672,-32.765610694885254,djvdzln3,no routing reset_seed = 55
8721,29696,-32.765610694885254,djvdzln3,no routing reset_seed = 55
8839,29696,-32.46799564361572,djvdzln3,no routing reset_seed = 55
8891,30720,-32.46799564361572,djvdzln3,no routing reset_seed = 55
9009,30720,-32.87118911743164,djvdzln3,no routing reset_seed = 55
9061,31744,-32.87118911743164,djvdzln3,no routing reset_seed = 55
9179,31744,-32.12778854370117,djvdzln3,no routing reset_seed = 55
9231,32768,-32.12778854370117,djvdzln3,no routing reset_seed = 55
9349,32768,-31.65464687347412,djvdzln3,no routing reset_seed = 55
9401,33792,-31.65464687347412,djvdzln3,no routing reset_seed = 55
9519,33792,-33.43749523162842,djvdzln3,no routing reset_seed = 55
9571,34816,-33.43749523162842,djvdzln3,no routing reset_seed = 55
9689,34816,-32.31463146209717,djvdzln3,no routing reset_seed = 55
9741,35840,-32.31463146209717,djvdzln3,no routing reset_seed = 55
9859,35840,-33.597737312316895,djvdzln3,no routing reset_seed = 55
9911,36864,-33.597737312316895,djvdzln3,no routing reset_seed = 55
10029,36864,-32.545650482177734,djvdzln3,no routing reset_seed = 55
10081,37888,-32.545650482177734,djvdzln3,no routing reset_seed = 55
10199,37888,-33.63785743713379,djvdzln3,no routing reset_seed = 55
10251,38912,-33.63785743713379,djvdzln3,no routing reset_seed = 55
10369,38912,-31.84282112121582,djvdzln3,no routing reset_seed = 55
10421,39936,-31.84282112121582,djvdzln3,no routing reset_seed = 55
10539,39936,-32.55731678009033,djvdzln3,no routing reset_seed = 55
10591,40960,-32.55731678009033,djvdzln3,no routing reset_seed = 55
10709,40960,-31.39140796661377,djvdzln3,no routing reset_seed = 55
10761,41984,-31.39140796661377,djvdzln3,no routing reset_seed = 55
10879,41984,-31.609929084777832,djvdzln3,no routing reset_seed = 55
10931,43008,-31.609929084777832,djvdzln3,no routing reset_seed = 55
11049,43008,-31.409032821655273,djvdzln3,no routing reset_seed = 55
11101,44032,-31.409032821655273,djvdzln3,no routing reset_seed = 55
11219,44032,-32.10864067077637,djvdzln3,no routing reset_seed = 55
11271,45056,-32.10864067077637,djvdzln3,no routing reset_seed = 55
11389,45056,-32.651713371276855,djvdzln3,no routing reset_seed = 55
11441,46080,-32.651713371276855,djvdzln3,no routing reset_seed = 55
11559,46080,-29.946303367614746,djvdzln3,no routing reset_seed = 55
11611,47104,-29.946303367614746,djvdzln3,no routing reset_seed = 55
11729,47104,-32.28132629394531,djvdzln3,no routing reset_seed = 55
11781,48128,-32.28132629394531,djvdzln3,no routing reset_seed = 55
11899,48128,-31.12003517150879,djvdzln3,no routing reset_seed = 55
11951,49152,-31.12003517150879,djvdzln3,no routing reset_seed = 55
12069,49152,-30.46725845336914,djvdzln3,no routing reset_seed = 55
12121,50176,-30.46725845336914,djvdzln3,no routing reset_seed = 55
12239,50176,-33.3661994934082,djvdzln3,no routing reset_seed = 55
12291,51200,-33.3661994934082,djvdzln3,no routing reset_seed = 55
12409,51200,-32.68508529663086,djvdzln3,no routing reset_seed = 55
12461,52224,-32.68508529663086,djvdzln3,no routing reset_seed = 55
12579,52224,-31.247218132019043,djvdzln3,no routing reset_seed = 55
12631,53248,-31.247218132019043,djvdzln3,no routing reset_seed = 55
12749,53248,-32.20234203338623,djvdzln3,no routing reset_seed = 55
12801,54272,-32.20234203338623,djvdzln3,no routing reset_seed = 55
12919,54272,-32.16455841064453,djvdzln3,no routing reset_seed = 55
12971,55296,-32.16455841064453,djvdzln3,no routing reset_seed = 55
13089,55296,-32.22158336639404,djvdzln3,no routing reset_seed = 55
13141,56320,-32.22158336639404,djvdzln3,no routing reset_seed = 55
13259,56320,-34.40458393096924,djvdzln3,no routing reset_seed = 55
13311,57344,-34.40458393096924,djvdzln3,no routing reset_seed = 55
13429,57344,-33.43246650695801,djvdzln3,no routing reset_seed = 55
13481,58368,-33.43246650695801,djvdzln3,no routing reset_seed = 55
13599,58368,-30.860161781311035,djvdzln3,no routing reset_seed = 55
13651,59392,-30.860161781311035,djvdzln3,no routing reset_seed = 55
13769,59392,-32.256731033325195,djvdzln3,no routing reset_seed = 55
13821,60416,-32.256731033325195,djvdzln3,no routing reset_seed = 55
13939,60416,-33.08424472808838,djvdzln3,no routing reset_seed = 55
13991,61440,-33.08424472808838,djvdzln3,no routing reset_seed = 55
14109,61440,-32.414116859436035,djvdzln3,no routing reset_seed = 55
14161,62464,-32.414116859436035,djvdzln3,no routing reset_seed = 55
14279,62464,-34.60470485687256,djvdzln3,no routing reset_seed = 55
14331,63488,-34.60470485687256,djvdzln3,no routing reset_seed = 55
14449,63488,-32.75957489013672,djvdzln3,no routing reset_seed = 55
14501,64512,-32.75957489013672,djvdzln3,no routing reset_seed = 55
14619,64512,-33.70702266693115,djvdzln3,no routing reset_seed = 55
14671,65536,-33.70702266693115,djvdzln3,no routing reset_seed = 55
14789,65536,-32.182289123535156,djvdzln3,no routing reset_seed = 55
14841,66560,-32.182289123535156,djvdzln3,no routing reset_seed = 55
14959,66560,-33.49837589263916,djvdzln3,no routing reset_seed = 55
15011,67584,-33.49837589263916,djvdzln3,no routing reset_seed = 55
15129,67584,-34.66031837463379,djvdzln3,no routing reset_seed = 55
15181,68608,-34.66031837463379,djvdzln3,no routing reset_seed = 55
15299,68608,-32.23458957672119,djvdzln3,no routing reset_seed = 55
15351,69632,-32.23458957672119,djvdzln3,no routing reset_seed = 55
15469,69632,-32.61777877807617,djvdzln3,no routing reset_seed = 55
15521,70656,-32.61777877807617,djvdzln3,no routing reset_seed = 55
15639,70656,-33.41161823272705,djvdzln3,no routing reset_seed = 55
15691,71680,-33.41161823272705,djvdzln3,no routing reset_seed = 55
15809,71680,-33.28184700012207,djvdzln3,no routing reset_seed = 55
15861,72704,-33.28184700012207,djvdzln3,no routing reset_seed = 55
15979,72704,-32.49009609222412,djvdzln3,no routing reset_seed = 55
16031,73728,-32.49009609222412,djvdzln3,no routing reset_seed = 55
16149,73728,-32.186848640441895,djvdzln3,no routing reset_seed = 55
16201,74752,-32.186848640441895,djvdzln3,no routing reset_seed = 55
16319,74752,-32.57481384277344,djvdzln3,no routing reset_seed = 55
16371,75776,-32.57481384277344,djvdzln3,no routing reset_seed = 55
16489,75776,-33.62912654876709,djvdzln3,no routing reset_seed = 55
16541,76800,-33.62912654876709,djvdzln3,no routing reset_seed = 55
16659,76800,-33.29971408843994,djvdzln3,no routing reset_seed = 55
16711,77824,-33.29971408843994,djvdzln3,no routing reset_seed = 55
16829,77824,-32.69777965545654,djvdzln3,no routing reset_seed = 55
16881,78848,-32.69777965545654,djvdzln3,no routing reset_seed = 55
16999,78848,-32.262484550476074,djvdzln3,no routing reset_seed = 55
17051,79872,-32.262484550476074,djvdzln3,no routing reset_seed = 55
17169,79872,-31.89975357055664,djvdzln3,no routing reset_seed = 55
17221,80896,-31.89975357055664,djvdzln3,no routing reset_seed = 55
17339,80896,-31.96504020690918,djvdzln3,no routing reset_seed = 55
17391,81920,-31.96504020690918,djvdzln3,no routing reset_seed = 55
17509,81920,-32.984225273132324,djvdzln3,no routing reset_seed = 55
17561,82944,-32.984225273132324,djvdzln3,no routing reset_seed = 55
17679,82944,-32.68837547302246,djvdzln3,no routing reset_seed = 55
17731,83968,-32.68837547302246,djvdzln3,no routing reset_seed = 55
17849,83968,-30.817347526550293,djvdzln3,no routing reset_seed = 55
17901,84992,-30.817347526550293,djvdzln3,no routing reset_seed = 55
18019,84992,-31.85122585296631,djvdzln3,no routing reset_seed = 55
18071,86016,-31.85122585296631,djvdzln3,no routing reset_seed = 55
18189,86016,-32.385332107543945,djvdzln3,no routing reset_seed = 55
18241,87040,-32.385332107543945,djvdzln3,no routing reset_seed = 55
18359,87040,-31.000295639038086,djvdzln3,no routing reset_seed = 55
18411,88064,-31.000295639038086,djvdzln3,no routing reset_seed = 55
18529,88064,-30.570947647094727,djvdzln3,no routing reset_seed = 55
18581,89088,-30.570947647094727,djvdzln3,no routing reset_seed = 55
18699,89088,-32.15250301361084,djvdzln3,no routing reset_seed = 55
18751,90112,-32.15250301361084,djvdzln3,no routing reset_seed = 55
18869,90112,-30.754000663757324,djvdzln3,no routing reset_seed = 55
18921,91136,-30.754000663757324,djvdzln3,no routing reset_seed = 55
19039,91136,-30.696388244628906,djvdzln3,no routing reset_seed = 55
19091,92160,-30.696388244628906,djvdzln3,no routing reset_seed = 55
19209,92160,-30.163222312927246,djvdzln3,no routing reset_seed = 55
19261,93184,-30.163222312927246,djvdzln3,no routing reset_seed = 55
19379,93184,-31.016645431518555,djvdzln3,no routing reset_seed = 55
19431,94208,-31.016645431518555,djvdzln3,no routing reset_seed = 55
19549,94208,-29.807096481323242,djvdzln3,no routing reset_seed = 55
19601,95232,-29.807096481323242,djvdzln3,no routing reset_seed = 55
19719,95232,-29.57817840576172,djvdzln3,no routing reset_seed = 55
19771,96256,-29.57817840576172,djvdzln3,no routing reset_seed = 55
19889,96256,-29.134825706481934,djvdzln3,no routing reset_seed = 55
19941,97280,-29.134825706481934,djvdzln3,no routing reset_seed = 55
20059,97280,-29.237550735473633,djvdzln3,no routing reset_seed = 55
20111,98304,-29.237550735473633,djvdzln3,no routing reset_seed = 55
20229,98304,-28.931489944458008,djvdzln3,no routing reset_seed = 55
20281,99328,-28.931489944458008,djvdzln3,no routing reset_seed = 55
20399,99328,-28.582119941711426,djvdzln3,no routing reset_seed = 55
20451,100352,-28.582119941711426,djvdzln3,no routing reset_seed = 55
20569,100352,-28.544564247131348,djvdzln3,no routing reset_seed = 55
20621,101376,-28.544564247131348,djvdzln3,no routing reset_seed = 55
20739,101376,-28.30531120300293,djvdzln3,no routing reset_seed = 55
20791,102400,-28.30531120300293,djvdzln3,no routing reset_seed = 55
20909,102400,-28.153844833374023,djvdzln3,no routing reset_seed = 55
20961,103424,-28.153844833374023,djvdzln3,no routing reset_seed = 55
21079,103424,-28.37262725830078,djvdzln3,no routing reset_seed = 55
21131,105472,-28.37262725830078,djvdzln3,no routing reset_seed = 55
21249,105472,-29.37744903564453,djvdzln3,no routing reset_seed = 55
21301,107520,-29.37744903564453,djvdzln3,no routing reset_seed = 55
21419,107520,-28.45571804046631,djvdzln3,no routing reset_seed = 55
21471,109568,-28.45571804046631,djvdzln3,no routing reset_seed = 55
21589,109568,-28.27741050720215,djvdzln3,no routing reset_seed = 55
21641,110592,-28.27741050720215,djvdzln3,no routing reset_seed = 55
21759,110592,-28.303332328796387,djvdzln3,no routing reset_seed = 55
21811,112640,-28.303332328796387,djvdzln3,no routing reset_seed = 55
21929,112640,-28.472131729125977,djvdzln3,no routing reset_seed = 55
21981,114688,-28.472131729125977,djvdzln3,no routing reset_seed = 55
22099,114688,-28.773852348327637,djvdzln3,no routing reset_seed = 55
22151,115712,-28.773852348327637,djvdzln3,no routing reset_seed = 55
22269,115712,-27.011425971984863,djvdzln3,no routing reset_seed = 55
22321,117760,-27.011425971984863,djvdzln3,no routing reset_seed = 55
22439,117760,-27.66856098175049,djvdzln3,no routing reset_seed = 55
22491,119808,-27.66856098175049,djvdzln3,no routing reset_seed = 55
22609,119808,-27.83207893371582,djvdzln3,no routing reset_seed = 55
22661,121856,-27.83207893371582,djvdzln3,no routing reset_seed = 55
22779,121856,-27.595389366149902,djvdzln3,no routing reset_seed = 55
22831,122880,-27.595389366149902,djvdzln3,no routing reset_seed = 55
22949,122880,-27.488743782043457,djvdzln3,no routing reset_seed = 55
23001,124928,-27.488743782043457,djvdzln3,no routing reset_seed = 55
23119,124928,-27.20185661315918,djvdzln3,no routing reset_seed = 55
23171,126976,-27.20185661315918,djvdzln3,no routing reset_seed = 55
23289,126976,-27.15813636779785,djvdzln3,no routing reset_seed = 55
23341,129024,-27.15813636779785,djvdzln3,no routing reset_seed = 55
23459,129024,-26.852519989013672,djvdzln3,no routing reset_seed = 55
23511,131072,-26.852519989013672,djvdzln3,no routing reset_seed = 55
23629,131072,-27.192551612854004,djvdzln3,no routing reset_seed = 55
23681,133120,-27.192551612854004,djvdzln3,no routing reset_seed = 55
23799,133120,-27.516711235046387,djvdzln3,no routing reset_seed = 55
23851,135168,-27.516711235046387,djvdzln3,no routing reset_seed = 55
23969,135168,-27.442561149597168,djvdzln3,no routing reset_seed = 55
24021,137216,-27.442561149597168,djvdzln3,no routing reset_seed = 55
24139,137216,-26.986903190612793,djvdzln3,no routing reset_seed = 55
24191,139264,-26.986903190612793,djvdzln3,no routing reset_seed = 55
24309,139264,-26.777297019958496,djvdzln3,no routing reset_seed = 55
24361,140288,-26.777297019958496,djvdzln3,no routing reset_seed = 55
24479,140288,-26.966721534729004,djvdzln3,no routing reset_seed = 55
24531,142336,-26.966721534729004,djvdzln3,no routing reset_seed = 55
24649,142336,-26.98753547668457,djvdzln3,no routing reset_seed = 55
24701,144384,-26.98753547668457,djvdzln3,no routing reset_seed = 55
24819,144384,-27.074448585510254,djvdzln3,no routing reset_seed = 55
24871,146432,-27.074448585510254,djvdzln3,no routing reset_seed = 55
24989,146432,-26.4528865814209,djvdzln3,no routing reset_seed = 55
25041,148480,-26.4528865814209,djvdzln3,no routing reset_seed = 55
25159,148480,-27.18277645111084,djvdzln3,no routing reset_seed = 55
25211,150528,-27.18277645111084,djvdzln3,no routing reset_seed = 55
25329,150528,-27.227694511413574,djvdzln3,no routing reset_seed = 55
25381,152576,-27.227694511413574,djvdzln3,no routing reset_seed = 55
25499,152576,-27.024595260620117,djvdzln3,no routing reset_seed = 55
25551,154624,-27.024595260620117,djvdzln3,no routing reset_seed = 55
25669,154624,-27.06854248046875,djvdzln3,no routing reset_seed = 55
25721,156672,-27.06854248046875,djvdzln3,no routing reset_seed = 55
25839,156672,-27.141817092895508,djvdzln3,no routing reset_seed = 55
25891,157696,-27.141817092895508,djvdzln3,no routing reset_seed = 55
26009,157696,-26.35929584503174,djvdzln3,no routing reset_seed = 55
26061,158720,-26.35929584503174,djvdzln3,no routing reset_seed = 55
26179,158720,-27.22721767425537,djvdzln3,no routing reset_seed = 55
26231,160768,-27.22721767425537,djvdzln3,no routing reset_seed = 55
26349,160768,-26.47982120513916,djvdzln3,no routing reset_seed = 55
26401,162816,-26.47982120513916,djvdzln3,no routing reset_seed = 55
26519,162816,-26.81049633026123,djvdzln3,no routing reset_seed = 55
26571,164864,-26.81049633026123,djvdzln3,no routing reset_seed = 55
26689,164864,-26.567198753356934,djvdzln3,no routing reset_seed = 55
26741,166912,-26.567198753356934,djvdzln3,no routing reset_seed = 55
26859,166912,-26.750289916992188,djvdzln3,no routing reset_seed = 55
26911,168960,-26.750289916992188,djvdzln3,no routing reset_seed = 55
27029,168960,-26.90748882293701,djvdzln3,no routing reset_seed = 55
27081,171008,-26.90748882293701,djvdzln3,no routing reset_seed = 55
27199,171008,-26.692167282104492,djvdzln3,no routing reset_seed = 55
27251,173056,-26.692167282104492,djvdzln3,no routing reset_seed = 55
27369,173056,-26.559250831604004,djvdzln3,no routing reset_seed = 55
27421,175104,-26.559250831604004,djvdzln3,no routing reset_seed = 55
27539,175104,-26.841254234313965,djvdzln3,no routing reset_seed = 55
27591,177152,-26.841254234313965,djvdzln3,no routing reset_seed = 55
27709,177152,-26.166215896606445,djvdzln3,no routing reset_seed = 55
27761,179200,-26.166215896606445,djvdzln3,no routing reset_seed = 55
27879,179200,-26.1038761138916,djvdzln3,no routing reset_seed = 55
27931,181248,-26.1038761138916,djvdzln3,no routing reset_seed = 55
28049,181248,-26.408002853393555,djvdzln3,no routing reset_seed = 55
28101,183296,-26.408002853393555,djvdzln3,no routing reset_seed = 55
28219,183296,-27.08970546722412,djvdzln3,no routing reset_seed = 55
28271,185344,-27.08970546722412,djvdzln3,no routing reset_seed = 55
28389,185344,-26.543906211853027,djvdzln3,no routing reset_seed = 55
28441,187392,-26.543906211853027,djvdzln3,no routing reset_seed = 55
28559,187392,-27.158226013183594,djvdzln3,no routing reset_seed = 55
28611,189440,-27.158226013183594,djvdzln3,no routing reset_seed = 55
28729,189440,-25.622507095336914,djvdzln3,no routing reset_seed = 55
28781,191488,-25.622507095336914,djvdzln3,no routing reset_seed = 55
28899,191488,-26.04759120941162,djvdzln3,no routing reset_seed = 55
28951,193536,-26.04759120941162,djvdzln3,no routing reset_seed = 55
29069,193536,-26.369887351989746,djvdzln3,no routing reset_seed = 55
29121,195584,-26.369887351989746,djvdzln3,no routing reset_seed = 55
29239,195584,-26.46084690093994,djvdzln3,no routing reset_seed = 55
29291,197632,-26.46084690093994,djvdzln3,no routing reset_seed = 55
29409,197632,-26.21025276184082,djvdzln3,no routing reset_seed = 55
29461,199680,-26.21025276184082,djvdzln3,no routing reset_seed = 55
29579,199680,-26.04083824157715,djvdzln3,no routing reset_seed = 55
29631,201728,-26.04083824157715,djvdzln3,no routing reset_seed = 55
29749,201728,-26.404547691345215,djvdzln3,no routing reset_seed = 55
29801,203776,-26.404547691345215,djvdzln3,no routing reset_seed = 55
29919,203776,-25.746423721313477,djvdzln3,no routing reset_seed = 55
29971,205824,-25.746423721313477,djvdzln3,no routing reset_seed = 55
30089,205824,-26.337388038635254,djvdzln3,no routing reset_seed = 55
30141,207872,-26.337388038635254,djvdzln3,no routing reset_seed = 55
30259,207872,-26.129380226135254,djvdzln3,no routing reset_seed = 55
30311,209920,-26.129380226135254,djvdzln3,no routing reset_seed = 55
30429,209920,-26.084940910339355,djvdzln3,no routing reset_seed = 55
30481,211968,-26.084940910339355,djvdzln3,no routing reset_seed = 55
30599,211968,-27.098613739013672,djvdzln3,no routing reset_seed = 55
30651,214016,-27.098613739013672,djvdzln3,no routing reset_seed = 55
30769,214016,-25.826068878173828,djvdzln3,no routing reset_seed = 55
30821,216064,-25.826068878173828,djvdzln3,no routing reset_seed = 55
30939,216064,-25.441262245178223,djvdzln3,no routing reset_seed = 55
30991,218112,-25.441262245178223,djvdzln3,no routing reset_seed = 55
31109,218112,-26.004231452941895,djvdzln3,no routing reset_seed = 55
31161,220160,-26.004231452941895,djvdzln3,no routing reset_seed = 55
31279,220160,-25.69137668609619,djvdzln3,no routing reset_seed = 55
31331,222208,-25.69137668609619,djvdzln3,no routing reset_seed = 55
31449,222208,-25.739778518676758,djvdzln3,no routing reset_seed = 55
31501,224256,-25.739778518676758,djvdzln3,no routing reset_seed = 55
31619,224256,-25.694693565368652,djvdzln3,no routing reset_seed = 55
31671,226304,-25.694693565368652,djvdzln3,no routing reset_seed = 55
31789,226304,-25.98270034790039,djvdzln3,no routing reset_seed = 55
31841,228352,-25.98270034790039,djvdzln3,no routing reset_seed = 55
31959,228352,-26.36174488067627,djvdzln3,no routing reset_seed = 55
32011,230400,-26.36174488067627,djvdzln3,no routing reset_seed = 55
32129,230400,-25.883939743041992,djvdzln3,no routing reset_seed = 55
32181,232448,-25.883939743041992,djvdzln3,no routing reset_seed = 55
32299,232448,-25.44924831390381,djvdzln3,no routing reset_seed = 55
32351,234496,-25.44924831390381,djvdzln3,no routing reset_seed = 55
32469,234496,-25.367119789123535,djvdzln3,no routing reset_seed = 55
32521,236544,-25.367119789123535,djvdzln3,no routing reset_seed = 55
32639,236544,-25.949179649353027,djvdzln3,no routing reset_seed = 55
32691,238592,-25.949179649353027,djvdzln3,no routing reset_seed = 55
32809,238592,-26.227275848388672,djvdzln3,no routing reset_seed = 55
32861,240640,-26.227275848388672,djvdzln3,no routing reset_seed = 55
32979,240640,-26.159639358520508,djvdzln3,no routing reset_seed = 55
33031,242688,-26.159639358520508,djvdzln3,no routing reset_seed = 55
33149,242688,-26.206989288330078,djvdzln3,no routing reset_seed = 55
33201,244736,-26.206989288330078,djvdzln3,no routing reset_seed = 55
33319,244736,-26.468669891357422,djvdzln3,no routing reset_seed = 55
33371,246784,-26.468669891357422,djvdzln3,no routing reset_seed = 55
33489,246784,-25.786086082458496,djvdzln3,no routing reset_seed = 55
33541,248832,-25.786086082458496,djvdzln3,no routing reset_seed = 55
33659,248832,-25.551271438598633,djvdzln3,no routing reset_seed = 55
33711,250880,-25.551271438598633,djvdzln3,no routing reset_seed = 55
33829,250880,-25.46074676513672,djvdzln3,no routing reset_seed = 55
33881,252928,-25.46074676513672,djvdzln3,no routing reset_seed = 55
33999,252928,-25.721251487731934,djvdzln3,no routing reset_seed = 55
51,0,,zdcclxwl,no routing reset_seed = 65
169,0,-38.83053779602051,zdcclxwl,no routing reset_seed = 65
221,0,-38.83053779602051,zdcclxwl,no routing reset_seed = 65
339,0,-42.22984981536865,zdcclxwl,no routing reset_seed = 65
391,0,-42.22984981536865,zdcclxwl,no routing reset_seed = 65
509,0,-42.21024799346924,zdcclxwl,no routing reset_seed = 65
561,0,-42.21024799346924,zdcclxwl,no routing reset_seed = 65
679,0,-43.91498851776123,zdcclxwl,no routing reset_seed = 65
731,0,-43.91498851776123,zdcclxwl,no routing reset_seed = 65
849,0,-46.160255432128906,zdcclxwl,no routing reset_seed = 65
901,0,-46.160255432128906,zdcclxwl,no routing reset_seed = 65
1019,0,-46.135783195495605,zdcclxwl,no routing reset_seed = 65
1071,0,-46.135783195495605,zdcclxwl,no routing reset_seed = 65
1189,0,-45.95644664764404,zdcclxwl,no routing reset_seed = 65
1241,0,-45.95644664764404,zdcclxwl,no routing reset_seed = 65
1359,0,-47.27182102203369,zdcclxwl,no routing reset_seed = 65
1411,0,-47.27182102203369,zdcclxwl,no routing reset_seed = 65
1529,0,-48.181756019592285,zdcclxwl,no routing reset_seed = 65
1581,0,-48.181756019592285,zdcclxwl,no routing reset_seed = 65
1699,0,-47.20055675506592,zdcclxwl,no routing reset_seed = 65
1751,0,-47.20055675506592,zdcclxwl,no routing reset_seed = 65
1869,0,-47.83444023132324,zdcclxwl,no routing reset_seed = 65
1921,0,-47.83444023132324,zdcclxwl,no routing reset_seed = 65
2039,0,-48.76955223083496,zdcclxwl,no routing reset_seed = 65
2091,0,-48.76955223083496,zdcclxwl,no routing reset_seed = 65
2209,0,-48.66842269897461,zdcclxwl,no routing reset_seed = 65
2261,0,-48.66842269897461,zdcclxwl,no routing reset_seed = 65
2379,0,-49.81889343261719,zdcclxwl,no routing reset_seed = 65
2431,0,-49.81889343261719,zdcclxwl,no routing reset_seed = 65
2549,0,-49.51434135437012,zdcclxwl,no routing reset_seed = 65
2601,0,-49.51434135437012,zdcclxwl,no routing reset_seed = 65
2719,0,-50.079158782958984,zdcclxwl,no routing reset_seed = 65
2771,0,-50.079158782958984,zdcclxwl,no routing reset_seed = 65
2889,0,-49.90853309631348,zdcclxwl,no routing reset_seed = 65
2941,0,-49.90853309631348,zdcclxwl,no routing reset_seed = 65
3059,0,-50.477766036987305,zdcclxwl,no routing reset_seed = 65
3111,0,-50.477766036987305,zdcclxwl,no routing reset_seed = 65
3229,0,-49.73187828063965,zdcclxwl,no routing reset_seed = 65
3281,0,-49.73187828063965,zdcclxwl,no routing reset_seed = 65
3399,0,-49.354482650756836,zdcclxwl,no routing reset_seed = 65
3451,0,-49.354482650756836,zdcclxwl,no routing reset_seed = 65
3569,0,-49.582969665527344,zdcclxwl,no routing reset_seed = 65
3621,0,-49.582969665527344,zdcclxwl,no routing reset_seed = 65
3739,0,-49.745361328125,zdcclxwl,no routing reset_seed = 65
3791,0,-49.745361328125,zdcclxwl,no routing reset_seed = 65
3909,0,-48.68928527832031,zdcclxwl,no routing reset_seed = 65
3961,1024,-48.68928527832031,zdcclxwl,no routing reset_seed = 65
4079,1024,-49.66689109802246,zdcclxwl,no routing reset_seed = 65
4131,2048,-49.66689109802246,zdcclxwl,no routing reset_seed = 65
4249,2048,-49.7728328704834,zdcclxwl,no routing reset_seed = 65
4301,3072,-49.7728328704834,zdcclxwl,no routing reset_seed = 65
4419,3072,-49.57661056518555,zdcclxwl,no routing reset_seed = 65
4471,4096,-49.57661056518555,zdcclxwl,no routing reset_seed = 65
4589,4096,-49.45795822143555,zdcclxwl,no routing reset_seed = 65
4641,5120,-49.45795822143555,zdcclxwl,no routing reset_seed = 65
4759,5120,-49.4339599609375,zdcclxwl,no routing reset_seed = 65
4811,6144,-49.4339599609375,zdcclxwl,no routing reset_seed = 65
4929,6144,-49.99895477294922,zdcclxwl,no routing reset_seed = 65
4981,7168,-49.99895477294922,zdcclxwl,no routing reset_seed = 65
5099,7168,-48.356202125549316,zdcclxwl,no routing reset_seed = 65
5151,8192,-48.356202125549316,zdcclxwl,no routing reset_seed = 65
5269,8192,-47.96423149108887,zdcclxwl,no routing reset_seed = 65
5321,9216,-47.96423149108887,zdcclxwl,no routing reset_seed = 65
5439,9216,-48.59786415100098,zdcclxwl,no routing reset_seed = 65
5491,10240,-48.59786415100098,zdcclxwl,no routing reset_seed = 65
5609,10240,-50.20749282836914,zdcclxwl,no routing reset_seed = 65
5661,11264,-50.20749282836914,zdcclxwl,no routing reset_seed = 65
5779,11264,-50.15961456298828,zdcclxwl,no routing reset_seed = 65
5831,12288,-50.15961456298828,zdcclxwl,no routing reset_seed = 65
5949,12288,-49.62216377258301,zdcclxwl,no routing reset_seed = 65
6001,13312,-49.62216377258301,zdcclxwl,no routing reset_seed = 65
6119,13312,-50.40169143676758,zdcclxwl,no routing reset_seed = 65
6171,14336,-50.40169143676758,zdcclxwl,no routing reset_seed = 65
6289,14336,-49.630043029785156,zdcclxwl,no routing reset_seed = 65
6341,15360,-49.630043029785156,zdcclxwl,no routing reset_seed = 65
6459,15360,-50.57187461853027,zdcclxwl,no routing reset_seed = 65
6511,16384,-50.57187461853027,zdcclxwl,no routing reset_seed = 65
6629,16384,-51.09417152404785,zdcclxwl,no routing reset_seed = 65
6681,17408,-51.09417152404785,zdcclxwl,no routing reset_seed = 65
6799,17408,-51.57295608520508,zdcclxwl,no routing reset_seed = 65
6851,18432,-51.57295608520508,zdcclxwl,no routing reset_seed = 65
6969,18432,-50.96104621887207,zdcclxwl,no routing reset_seed = 65
7021,19456,-50.96104621887207,zdcclxwl,no routing reset_seed = 65
7139,19456,-51.78483200073242,zdcclxwl,no routing reset_seed = 65
7191,20480,-51.78483200073242,zdcclxwl,no routing reset_seed = 65
7309,20480,-49.87924766540527,zdcclxwl,no routing reset_seed = 65
7361,21504,-49.87924766540527,zdcclxwl,no routing reset_seed = 65
7479,21504,-49.121981620788574,zdcclxwl,no routing reset_seed = 65
7531,22528,-49.121981620788574,zdcclxwl,no routing reset_seed = 65
7649,22528,-50.47976875305176,zdcclxwl,no routing reset_seed = 65
7701,23552,-50.47976875305176,zdcclxwl,no routing reset_seed = 65
7819,23552,-51.18083381652832,zdcclxwl,no routing reset_seed = 65
7871,24576,-51.18083381652832,zdcclxwl,no routing reset_seed = 65
7989,24576,-49.378684997558594,zdcclxwl,no routing reset_seed = 65
8041,25600,-49.378684997558594,zdcclxwl,no routing reset_seed = 65
8159,25600,-50.893442153930664,zdcclxwl,no routing reset_seed = 65
8211,26624,-50.893442153930664,zdcclxwl,no routing reset_seed = 65
8329,26624,-50.4812126159668,zdcclxwl,no routing reset_seed = 65
8381,27648,-50.4812126159668,zdcclxwl,no routing reset_seed = 65
8499,27648,-52.20906448364258,zdcclxwl,no routing reset_seed = 65
8551,28672,-52.20906448364258,zdcclxwl,no routing reset_seed = 65
8669,28672,-50.03808403015137,zdcclxwl,no routing reset_seed = 65
8721,29696,-50.03808403015137,zdcclxwl,no routing reset_seed = 65
8839,29696,-52.002281188964844,zdcclxwl,no routing reset_seed = 65
8891,30720,-52.002281188964844,zdcclxwl,no routing reset_seed = 65
9009,30720,-51.28818321228027,zdcclxwl,no routing reset_seed = 65
9061,31744,-51.28818321228027,zdcclxwl,no routing reset_seed = 65
9179,31744,-51.18866539001465,zdcclxwl,no routing reset_seed = 65
9231,32768,-51.18866539001465,zdcclxwl,no routing reset_seed = 65
9349,32768,-50.72138977050781,zdcclxwl,no routing reset_seed = 65
9401,33792,-50.72138977050781,zdcclxwl,no routing reset_seed = 65
9519,33792,-51.03964042663574,zdcclxwl,no routing reset_seed = 65
9571,34816,-51.03964042663574,zdcclxwl,no routing reset_seed = 65
9689,34816,-51.26632499694824,zdcclxwl,no routing reset_seed = 65
9741,36864,-51.26632499694824,zdcclxwl,no routing reset_seed = 65
9859,36864,-51.43942832946777,zdcclxwl,no routing reset_seed = 65
9911,38912,-51.43942832946777,zdcclxwl,no routing reset_seed = 65
10029,38912,-49.84675979614258,zdcclxwl,no routing reset_seed = 65
10081,40960,-49.84675979614258,zdcclxwl,no routing reset_seed = 65
10199,40960,-52.25389289855957,zdcclxwl,no routing reset_seed = 65
10251,43008,-52.25389289855957,zdcclxwl,no routing reset_seed = 65
10369,43008,-51.02713203430176,zdcclxwl,no routing reset_seed = 65
10421,45056,-51.02713203430176,zdcclxwl,no routing reset_seed = 65
10539,45056,-52.050275802612305,zdcclxwl,no routing reset_seed = 65
10591,47104,-52.050275802612305,zdcclxwl,no routing reset_seed = 65
10709,47104,-50.56104850769043,zdcclxwl,no routing reset_seed = 65
10761,48128,-50.56104850769043,zdcclxwl,no routing reset_seed = 65
10879,48128,-50.87957572937012,zdcclxwl,no routing reset_seed = 65
10931,50176,-50.87957572937012,zdcclxwl,no routing reset_seed = 65
11049,50176,-51.12018585205078,zdcclxwl,no routing reset_seed = 65
11101,52224,-51.12018585205078,zdcclxwl,no routing reset_seed = 65
11219,52224,-51.81666374206543,zdcclxwl,no routing reset_seed = 65
11271,54272,-51.81666374206543,zdcclxwl,no routing reset_seed = 65
11389,54272,-52.58016586303711,zdcclxwl,no routing reset_seed = 65
11441,56320,-52.58016586303711,zdcclxwl,no routing reset_seed = 65
11559,56320,-52.844200134277344,zdcclxwl,no routing reset_seed = 65
11611,58368,-52.844200134277344,zdcclxwl,no routing reset_seed = 65
11729,58368,-52.165510177612305,zdcclxwl,no routing reset_seed = 65
11781,60416,-52.165510177612305,zdcclxwl,no routing reset_seed = 65
11899,60416,-51.269474029541016,zdcclxwl,no routing reset_seed = 65
11951,62464,-51.269474029541016,zdcclxwl,no routing reset_seed = 65
12069,62464,-50.93757247924805,zdcclxwl,no routing reset_seed = 65
12121,64512,-50.93757247924805,zdcclxwl,no routing reset_seed = 65
12239,64512,-50.3843994140625,zdcclxwl,no routing reset_seed = 65
12291,66560,-50.3843994140625,zdcclxwl,no routing reset_seed = 65
12409,66560,-52.45083045959473,zdcclxwl,no routing reset_seed = 65
12461,68608,-52.45083045959473,zdcclxwl,no routing reset_seed = 65
12579,68608,-51.98722457885742,zdcclxwl,no routing reset_seed = 65
12631,70656,-51.98722457885742,zdcclxwl,no routing reset_seed = 65
12749,70656,-52.34212875366211,zdcclxwl,no routing reset_seed = 65
12801,72704,-52.34212875366211,zdcclxwl,no routing reset_seed = 65
12919,72704,-53.92727470397949,zdcclxwl,no routing reset_seed = 65
12971,74752,-53.92727470397949,zdcclxwl,no routing reset_seed = 65
13089,74752,-52.015939712524414,zdcclxwl,no routing reset_seed = 65
13141,76800,-52.015939712524414,zdcclxwl,no routing reset_seed = 65
13259,76800,-52.33280944824219,zdcclxwl,no routing reset_seed = 65
13311,78848,-52.33280944824219,zdcclxwl,no routing reset_seed = 65
13429,78848,-52.862361907958984,zdcclxwl,no routing reset_seed = 65
13481,80896,-52.862361907958984,zdcclxwl,no routing reset_seed = 65
13599,80896,-53.2341423034668,zdcclxwl,no routing reset_seed = 65
13651,82944,-53.2341423034668,zdcclxwl,no routing reset_seed = 65
13769,82944,-54.23002624511719,zdcclxwl,no routing reset_seed = 65
13821,84992,-54.23002624511719,zdcclxwl,no routing reset_seed = 65
13939,84992,-54.03574180603027,zdcclxwl,no routing reset_seed = 65
13991,87040,-54.03574180603027,zdcclxwl,no routing reset_seed = 65
14109,87040,-53.45036506652832,zdcclxwl,no routing reset_seed = 65
14161,89088,-53.45036506652832,zdcclxwl,no routing reset_seed = 65
14279,89088,-53.396026611328125,zdcclxwl,no routing reset_seed = 65
14331,91136,-53.396026611328125,zdcclxwl,no routing reset_seed = 65
14449,91136,-54.486934661865234,zdcclxwl,no routing reset_seed = 65
14501,93184,-54.486934661865234,zdcclxwl,no routing reset_seed = 65
14619,93184,-55.78833198547363,zdcclxwl,no routing reset_seed = 65
14671,95232,-55.78833198547363,zdcclxwl,no routing reset_seed = 65
14789,95232,-55.00309944152832,zdcclxwl,no routing reset_seed = 65
14841,97280,-55.00309944152832,zdcclxwl,no routing reset_seed = 65
14959,97280,-54.30481719970703,zdcclxwl,no routing reset_seed = 65
15011,99328,-54.30481719970703,zdcclxwl,no routing reset_seed = 65
15129,99328,-53.93644332885742,zdcclxwl,no routing reset_seed = 65
15181,101376,-53.93644332885742,zdcclxwl,no routing reset_seed = 65
15299,101376,-54.14570236206055,zdcclxwl,no routing reset_seed = 65
15351,103424,-54.14570236206055,zdcclxwl,no routing reset_seed = 65
15469,103424,-55.497480392456055,zdcclxwl,no routing reset_seed = 65
15521,106496,-55.497480392456055,zdcclxwl,no routing reset_seed = 65
15639,106496,-54.67703437805176,zdcclxwl,no routing reset_seed = 65
15691,108544,-54.67703437805176,zdcclxwl,no routing reset_seed = 65
15809,108544,-55.33174514770508,zdcclxwl,no routing reset_seed = 65
15861,111616,-55.33174514770508,zdcclxwl,no routing reset_seed = 65
15979,111616,-55.17690086364746,zdcclxwl,no routing reset_seed = 65
16031,114688,-55.17690086364746,zdcclxwl,no routing reset_seed = 65
16149,114688,-55.39284324645996,zdcclxwl,no routing reset_seed = 65
16201,117760,-55.39284324645996,zdcclxwl,no routing reset_seed = 65
16319,117760,-54.50504684448242,zdcclxwl,no routing reset_seed = 65
16371,119808,-54.50504684448242,zdcclxwl,no routing reset_seed = 65
16489,119808,-55.87615394592285,zdcclxwl,no routing reset_seed = 65
16541,122880,-55.87615394592285,zdcclxwl,no routing reset_seed = 65
16659,122880,-55.31593322753906,zdcclxwl,no routing reset_seed = 65
16711,125952,-55.31593322753906,zdcclxwl,no routing reset_seed = 65
16829,125952,-54.66232872009277,zdcclxwl,no routing reset_seed = 65
16881,128000,-54.66232872009277,zdcclxwl,no routing reset_seed = 65
16999,128000,-53.78418159484863,zdcclxwl,no routing reset_seed = 65
17051,130048,-53.78418159484863,zdcclxwl,no routing reset_seed = 65
17169,130048,-54.120018005371094,zdcclxwl,no routing reset_seed = 65
17221,132096,-54.120018005371094,zdcclxwl,no routing reset_seed = 65
17339,132096,-54.94239807128906,zdcclxwl,no routing reset_seed = 65
17391,135168,-54.94239807128906,zdcclxwl,no routing reset_seed = 65
17509,135168,-54.69684410095215,zdcclxwl,no routing reset_seed = 65
17561,138240,-54.69684410095215,zdcclxwl,no routing reset_seed = 65
17679,138240,-54.57193183898926,zdcclxwl,no routing reset_seed = 65
17731,140288,-54.57193183898926,zdcclxwl,no routing reset_seed = 65
17849,140288,-54.26789093017578,zdcclxwl,no routing reset_seed = 65
17901,142336,-54.26789093017578,zdcclxwl,no routing reset_seed = 65
18019,142336,-54.73173141479492,zdcclxwl,no routing reset_seed = 65
18071,144384,-54.73173141479492,zdcclxwl,no routing reset_seed = 65
18189,144384,-54.61983108520508,zdcclxwl,no routing reset_seed = 65
18241,146432,-54.61983108520508,zdcclxwl,no routing reset_seed = 65
18359,146432,-54.70860481262207,zdcclxwl,no routing reset_seed = 65
18411,148480,-54.70860481262207,zdcclxwl,no routing reset_seed = 65
18529,148480,-54.09442329406738,zdcclxwl,no routing reset_seed = 65
18581,150528,-54.09442329406738,zdcclxwl,no routing reset_seed = 65
18699,150528,-54.90040397644043,zdcclxwl,no routing reset_seed = 65
18751,153600,-54.90040397644043,zdcclxwl,no routing reset_seed = 65
18869,153600,-54.76231002807617,zdcclxwl,no routing reset_seed = 65
18921,155648,-54.76231002807617,zdcclxwl,no routing reset_seed = 65
19039,155648,-54.240060806274414,zdcclxwl,no routing reset_seed = 65
19091,158720,-54.240060806274414,zdcclxwl,no routing reset_seed = 65
19209,158720,-54.82258987426758,zdcclxwl,no routing reset_seed = 65
19261,161792,-54.82258987426758,zdcclxwl,no routing reset_seed = 65
19379,161792,-53.753767013549805,zdcclxwl,no routing reset_seed = 65
19431,164864,-53.753767013549805,zdcclxwl,no routing reset_seed = 65
19549,164864,-53.22398376464844,zdcclxwl,no routing reset_seed = 65
19601,166912,-53.22398376464844,zdcclxwl,no routing reset_seed = 65
19719,166912,-54.00246620178223,zdcclxwl,no routing reset_seed = 65
19771,168960,-54.00246620178223,zdcclxwl,no routing reset_seed = 65
19889,168960,-53.256425857543945,zdcclxwl,no routing reset_seed = 65
19941,171008,-53.256425857543945,zdcclxwl,no routing reset_seed = 65
20059,171008,-54.50428581237793,zdcclxwl,no routing reset_seed = 65
20111,173056,-54.50428581237793,zdcclxwl,no routing reset_seed = 65
20229,173056,-53.034488677978516,zdcclxwl,no routing reset_seed = 65
20281,175104,-53.034488677978516,zdcclxwl,no routing reset_seed = 65
20399,175104,-53.64887046813965,zdcclxwl,no routing reset_seed = 65
20451,177152,-53.64887046813965,zdcclxwl,no routing reset_seed = 65
20569,177152,-54.311113357543945,zdcclxwl,no routing reset_seed = 65
20621,180224,-54.311113357543945,zdcclxwl,no routing reset_seed = 65
20739,180224,-54.30458450317383,zdcclxwl,no routing reset_seed = 65
20791,182272,-54.30458450317383,zdcclxwl,no routing reset_seed = 65
20909,182272,-53.72305488586426,zdcclxwl,no routing reset_seed = 65
20961,185344,-53.72305488586426,zdcclxwl,no routing reset_seed = 65
21079,185344,-54.53070259094238,zdcclxwl,no routing reset_seed = 65
21131,188416,-54.53070259094238,zdcclxwl,no routing reset_seed = 65
21249,188416,-53.82175827026367,zdcclxwl,no routing reset_seed = 65
21301,190464,-53.82175827026367,zdcclxwl,no routing reset_seed = 65
21419,190464,-54.466814041137695,zdcclxwl,no routing reset_seed = 65
21471,193536,-54.466814041137695,zdcclxwl,no routing reset_seed = 65
21589,193536,-53.3469123840332,zdcclxwl,no routing reset_seed = 65
21641,195584,-53.3469123840332,zdcclxwl,no routing reset_seed = 65
21759,195584,-55.18386268615723,zdcclxwl,no routing reset_seed = 65
21811,198656,-55.18386268615723,zdcclxwl,no routing reset_seed = 65
21929,198656,-54.74666404724121,zdcclxwl,no routing reset_seed = 65
21981,200704,-54.74666404724121,zdcclxwl,no routing reset_seed = 65
22099,200704,-53.34616661071777,zdcclxwl,no routing reset_seed = 65
22151,202752,-53.34616661071777,zdcclxwl,no routing reset_seed = 65
22269,202752,-54.432132720947266,zdcclxwl,no routing reset_seed = 65
22321,204800,-54.432132720947266,zdcclxwl,no routing reset_seed = 65
22439,204800,-53.04897499084473,zdcclxwl,no routing reset_seed = 65
22491,206848,-53.04897499084473,zdcclxwl,no routing reset_seed = 65
22609,206848,-52.96743392944336,zdcclxwl,no routing reset_seed = 65
22661,208896,-52.96743392944336,zdcclxwl,no routing reset_seed = 65
22779,208896,-53.861066818237305,zdcclxwl,no routing reset_seed = 65
22831,210944,-53.861066818237305,zdcclxwl,no routing reset_seed = 65
22949,210944,-53.5684928894043,zdcclxwl,no routing reset_seed = 65
23001,212992,-53.5684928894043,zdcclxwl,no routing reset_seed = 65
23119,212992,-53.4185791015625,zdcclxwl,no routing reset_seed = 65
23171,215040,-53.4185791015625,zdcclxwl,no routing reset_seed = 65
23289,215040,-55.42451095581055,zdcclxwl,no routing reset_seed = 65
23341,217088,-55.42451095581055,zdcclxwl,no routing reset_seed = 65
23459,217088,-54.218631744384766,zdcclxwl,no routing reset_seed = 65
23511,219136,-54.218631744384766,zdcclxwl,no routing reset_seed = 65
23629,219136,-55.4544792175293,zdcclxwl,no routing reset_seed = 65
23681,221184,-55.4544792175293,zdcclxwl,no routing reset_seed = 65
23799,221184,-53.88605308532715,zdcclxwl,no routing reset_seed = 65
23851,223232,-53.88605308532715,zdcclxwl,no routing reset_seed = 65
23969,223232,-53.97069549560547,zdcclxwl,no routing reset_seed = 65
24021,225280,-53.97069549560547,zdcclxwl,no routing reset_seed = 65
24139,225280,-53.681928634643555,zdcclxwl,no routing reset_seed = 65
24191,227328,-53.681928634643555,zdcclxwl,no routing reset_seed = 65
24309,227328,-53.38087272644043,zdcclxwl,no routing reset_seed = 65
24361,229376,-53.38087272644043,zdcclxwl,no routing reset_seed = 65
24479,229376,-53.648406982421875,zdcclxwl,no routing reset_seed = 65
24531,231424,-53.648406982421875,zdcclxwl,no routing reset_seed = 65
24649,231424,-54.835275650024414,zdcclxwl,no routing reset_seed = 65
24701,233472,-54.835275650024414,zdcclxwl,no routing reset_seed = 65
24819,233472,-54.05445861816406,zdcclxwl,no routing reset_seed = 65
24871,235520,-54.05445861816406,zdcclxwl,no routing reset_seed = 65
24989,235520,-53.85822296142578,zdcclxwl,no routing reset_seed = 65
25041,237568,-53.85822296142578,zdcclxwl,no routing reset_seed = 65
25159,237568,-53.993303298950195,zdcclxwl,no routing reset_seed = 65
25211,239616,-53.993303298950195,zdcclxwl,no routing reset_seed = 65
25329,239616,-52.99030685424805,zdcclxwl,no routing reset_seed = 65
25381,241664,-52.99030685424805,zdcclxwl,no routing reset_seed = 65
25499,241664,-54.658071517944336,zdcclxwl,no routing reset_seed = 65
25551,243712,-54.658071517944336,zdcclxwl,no routing reset_seed = 65
25669,243712,-54.190473556518555,zdcclxwl,no routing reset_seed = 65
25721,245760,-54.190473556518555,zdcclxwl,no routing reset_seed = 65
25839,245760,-54.417118072509766,zdcclxwl,no routing reset_seed = 65
25891,247808,-54.417118072509766,zdcclxwl,no routing reset_seed = 65
26009,247808,-53.184640884399414,zdcclxwl,no routing reset_seed = 65
26061,249856,-53.184640884399414,zdcclxwl,no routing reset_seed = 65
26179,249856,-53.50648498535156,zdcclxwl,no routing reset_seed = 65
26231,251904,-53.50648498535156,zdcclxwl,no routing reset_seed = 65
26349,251904,-53.32477378845215,zdcclxwl,no routing reset_seed = 65
26401,252928,-53.32477378845215,zdcclxwl,no routing reset_seed = 65
26519,252928,-54.21421813964844,zdcclxwl,no routing reset_seed = 65
26571,254976,-54.21421813964844,zdcclxwl,no routing reset_seed = 65
26689,254976,-54.617074966430664,zdcclxwl,no routing reset_seed = 65
26741,256000,-54.617074966430664,zdcclxwl,no routing reset_seed = 65
26859,256000,-52.51522254943848,zdcclxwl,no routing reset_seed = 65
26911,257024,-52.51522254943848,zdcclxwl,no routing reset_seed = 65
27029,257024,-52.36994743347168,zdcclxwl,no routing reset_seed = 65
27081,259072,-52.36994743347168,zdcclxwl,no routing reset_seed = 65
27199,259072,-51.98122787475586,zdcclxwl,no routing reset_seed = 65
27251,260096,-51.98122787475586,zdcclxwl,no routing reset_seed = 65
27369,260096,-51.62762641906738,zdcclxwl,no routing reset_seed = 65
27421,261120,-51.62762641906738,zdcclxwl,no routing reset_seed = 65
27539,261120,-54.03970909118652,zdcclxwl,no routing reset_seed = 65
27591,262144,-54.03970909118652,zdcclxwl,no routing reset_seed = 65
27709,262144,-52.73041343688965,zdcclxwl,no routing reset_seed = 65
27761,263168,-52.73041343688965,zdcclxwl,no routing reset_seed = 65
27879,263168,-51.48885917663574,zdcclxwl,no routing reset_seed = 65
27931,264192,-51.48885917663574,zdcclxwl,no routing reset_seed = 65
28049,264192,-51.25992965698242,zdcclxwl,no routing reset_seed = 65
28101,265216,-51.25992965698242,zdcclxwl,no routing reset_seed = 65
28219,265216,-51.67395210266113,zdcclxwl,no routing reset_seed = 65
28271,266240,-51.67395210266113,zdcclxwl,no routing reset_seed = 65
28389,266240,-51.425140380859375,zdcclxwl,no routing reset_seed = 65
28441,267264,-51.425140380859375,zdcclxwl,no routing reset_seed = 65
28559,267264,-52.34893226623535,zdcclxwl,no routing reset_seed = 65
28611,268288,-52.34893226623535,zdcclxwl,no routing reset_seed = 65
28729,268288,-51.93069267272949,zdcclxwl,no routing reset_seed = 65
28781,269312,-51.93069267272949,zdcclxwl,no routing reset_seed = 65
28899,269312,-53.17195701599121,zdcclxwl,no routing reset_seed = 65
28951,270336,-53.17195701599121,zdcclxwl,no routing reset_seed = 65
29069,270336,-52.54116439819336,zdcclxwl,no routing reset_seed = 65
29121,271360,-52.54116439819336,zdcclxwl,no routing reset_seed = 65
29239,271360,-52.094961166381836,zdcclxwl,no routing reset_seed = 65
29291,272384,-52.094961166381836,zdcclxwl,no routing reset_seed = 65
29409,272384,-52.90569877624512,zdcclxwl,no routing reset_seed = 65
29461,273408,-52.90569877624512,zdcclxwl,no routing reset_seed = 65
29579,273408,-52.83250045776367,zdcclxwl,no routing reset_seed = 65
29631,274432,-52.83250045776367,zdcclxwl,no routing reset_seed = 65
29749,274432,-53.80642509460449,zdcclxwl,no routing reset_seed = 65
29801,275456,-53.80642509460449,zdcclxwl,no routing reset_seed = 65
29919,275456,-52.32028770446777,zdcclxwl,no routing reset_seed = 65
29971,276480,-52.32028770446777,zdcclxwl,no routing reset_seed = 65
30089,276480,-52.28103828430176,zdcclxwl,no routing reset_seed = 65
30141,277504,-52.28103828430176,zdcclxwl,no routing reset_seed = 65
30259,277504,-52.48923683166504,zdcclxwl,no routing reset_seed = 65
30311,278528,-52.48923683166504,zdcclxwl,no routing reset_seed = 65
30429,278528,-52.49344825744629,zdcclxwl,no routing reset_seed = 65
30481,279552,-52.49344825744629,zdcclxwl,no routing reset_seed = 65
30599,279552,-52.04388999938965,zdcclxwl,no routing reset_seed = 65
30651,280576,-52.04388999938965,zdcclxwl,no routing reset_seed = 65
30769,280576,-51.72802925109863,zdcclxwl,no routing reset_seed = 65
30821,281600,-51.72802925109863,zdcclxwl,no routing reset_seed = 65
30939,281600,-51.85611152648926,zdcclxwl,no routing reset_seed = 65
30991,282624,-51.85611152648926,zdcclxwl,no routing reset_seed = 65
31109,282624,-51.84138107299805,zdcclxwl,no routing reset_seed = 65
31161,283648,-51.84138107299805,zdcclxwl,no routing reset_seed = 65
31279,283648,-53.275068283081055,zdcclxwl,no routing reset_seed = 65
31331,284672,-53.275068283081055,zdcclxwl,no routing reset_seed = 65
31449,284672,-52.77033805847168,zdcclxwl,no routing reset_seed = 65
31501,285696,-52.77033805847168,zdcclxwl,no routing reset_seed = 65
31619,285696,-52.154497146606445,zdcclxwl,no routing reset_seed = 65
31671,286720,-52.154497146606445,zdcclxwl,no routing reset_seed = 65
31789,286720,-51.61269187927246,zdcclxwl,no routing reset_seed = 65
31841,287744,-51.61269187927246,zdcclxwl,no routing reset_seed = 65
31959,287744,-53.83505058288574,zdcclxwl,no routing reset_seed = 65
32011,288768,-53.83505058288574,zdcclxwl,no routing reset_seed = 65
32129,288768,-52.081159591674805,zdcclxwl,no routing reset_seed = 65
32181,289792,-52.081159591674805,zdcclxwl,no routing reset_seed = 65
32299,289792,-54.35569190979004,zdcclxwl,no routing reset_seed = 65
32351,290816,-54.35569190979004,zdcclxwl,no routing reset_seed = 65
32469,290816,-52.47866249084473,zdcclxwl,no routing reset_seed = 65
32521,291840,-52.47866249084473,zdcclxwl,no routing reset_seed = 65
32639,291840,-52.54583930969238,zdcclxwl,no routing reset_seed = 65
32691,292864,-52.54583930969238,zdcclxwl,no routing reset_seed = 65
32809,292864,-51.79838943481445,zdcclxwl,no routing reset_seed = 65
32861,293888,-51.79838943481445,zdcclxwl,no routing reset_seed = 65
32979,293888,-51.9930419921875,zdcclxwl,no routing reset_seed = 65
33031,294912,-51.9930419921875,zdcclxwl,no routing reset_seed = 65
33149,294912,-51.42155456542969,zdcclxwl,no routing reset_seed = 65
33201,295936,-51.42155456542969,zdcclxwl,no routing reset_seed = 65
33319,295936,-52.31409454345703,zdcclxwl,no routing reset_seed = 65
33371,296960,-52.31409454345703,zdcclxwl,no routing reset_seed = 65
33489,296960,-51.496551513671875,zdcclxwl,no routing reset_seed = 65
33541,297984,-51.496551513671875,zdcclxwl,no routing reset_seed = 65
33659,297984,-51.88483810424805,zdcclxwl,no routing reset_seed = 65
33711,299008,-51.88483810424805,zdcclxwl,no routing reset_seed = 65
33829,299008,-52.16816711425781,zdcclxwl,no routing reset_seed = 65
33881,300032,-52.16816711425781,zdcclxwl,no routing reset_seed = 65
33999,300032,-51.37669372558594,zdcclxwl,no routing reset_seed = 65
51,249,,k217xrqp,routing reset_seed = 30 k = 6 policy lr = 0.01
169,249,-39.04259490966797,k217xrqp,routing reset_seed = 30 k = 6 policy lr = 0.01
221,557,-39.04259490966797,k217xrqp,routing reset_seed = 30 k = 6 policy lr = 0.01
339,557,-37.430480003356934,k217xrqp,routing reset_seed = 30 k = 6 policy lr = 0.01
391,783,-37.430480003356934,k217xrqp,routing reset_seed = 30 k = 6 policy lr = 0.01
509,783,-38.06428909301758,k217xrqp,routing reset_seed = 30 k = 6 policy lr = 0.01
561,979,-38.06428909301758,k217xrqp,routing reset_seed = 30 k = 6 policy lr = 0.01
679,979,-36.86280822753906,k217xrqp,routing reset_seed = 30 k = 6 policy lr = 0.01
731,1233,-36.86280822753906,k217xrqp,routing reset_seed = 30 k = 6 policy lr = 0.01
849,1233,-38.1414098739624,k217xrqp,routing reset_seed = 30 k = 6 policy lr = 0.01
901,1459,-38.1414098739624,k217xrqp,routing reset_seed = 30 k = 6 policy lr = 0.01
1019,1459,-36.07390308380127,k217xrqp,routing reset_seed = 30 k = 6 policy lr = 0.01
1071,1712,-36.07390308380127,k217xrqp,routing reset_seed = 30 k = 6 policy lr = 0.01
1189,1712,-33.50374221801758,k217xrqp,routing reset_seed = 30 k = 6 policy lr = 0.01
1241,1905,-33.50374221801758,k217xrqp,routing reset_seed = 30 k = 6 policy lr = 0.01
1359,1905,-34.29236602783203,k217xrqp,routing reset_seed = 30 k = 6 policy lr = 0.01
1411,3223,-34.29236602783203,k217xrqp,routing reset_seed = 30 k = 6 policy lr = 0.01
1529,3223,-30.88620662689209,k217xrqp,routing reset_seed = 30 k = 6 policy lr = 0.01
1581,4408,-30.88620662689209,k217xrqp,routing reset_seed = 30 k = 6 policy lr = 0.01
1699,4408,-29.553887367248535,k217xrqp,routing reset_seed = 30 k = 6 policy lr = 0.01
1751,6486,-29.553887367248535,k217xrqp,routing reset_seed = 30 k = 6 policy lr = 0.01
1869,6486,-30.514497756958008,k217xrqp,routing reset_seed = 30 k = 6 policy lr = 0.01
1921,7796,-30.514497756958008,k217xrqp,routing reset_seed = 30 k = 6 policy lr = 0.01
2039,7796,-29.950003623962402,k217xrqp,routing reset_seed = 30 k = 6 policy lr = 0.01
2091,9664,-29.950003623962402,k217xrqp,routing reset_seed = 30 k = 6 policy lr = 0.01
2209,9664,-30.42781162261963,k217xrqp,routing reset_seed = 30 k = 6 policy lr = 0.01
2261,11059,-30.42781162261963,k217xrqp,routing reset_seed = 30 k = 6 policy lr = 0.01
2379,11059,-29.020604133605957,k217xrqp,routing reset_seed = 30 k = 6 policy lr = 0.01
2431,12511,-29.020604133605957,k217xrqp,routing reset_seed = 30 k = 6 policy lr = 0.01
2549,12511,-29.4335880279541,k217xrqp,routing reset_seed = 30 k = 6 policy lr = 0.01
2601,13731,-29.4335880279541,k217xrqp,routing reset_seed = 30 k = 6 policy lr = 0.01
2719,13731,-29.115731239318848,k217xrqp,routing reset_seed = 30 k = 6 policy lr = 0.01
2771,15347,-29.115731239318848,k217xrqp,routing reset_seed = 30 k = 6 policy lr = 0.01
2889,15347,-29.832548141479492,k217xrqp,routing reset_seed = 30 k = 6 policy lr = 0.01
2941,16555,-29.832548141479492,k217xrqp,routing reset_seed = 30 k = 6 policy lr = 0.01
3059,16555,-29.888300895690918,k217xrqp,routing reset_seed = 30 k = 6 policy lr = 0.01
3111,17820,-29.888300895690918,k217xrqp,routing reset_seed = 30 k = 6 policy lr = 0.01
3229,17820,-30.136345863342285,k217xrqp,routing reset_seed = 30 k = 6 policy lr = 0.01
3281,19254,-30.136345863342285,k217xrqp,routing reset_seed = 30 k = 6 policy lr = 0.01
3399,19254,-30.32773494720459,k217xrqp,routing reset_seed = 30 k = 6 policy lr = 0.01
3451,20708,-30.32773494720459,k217xrqp,routing reset_seed = 30 k = 6 policy lr = 0.01
3569,20708,-32.762210845947266,k217xrqp,routing reset_seed = 30 k = 6 policy lr = 0.01
3621,22397,-32.762210845947266,k217xrqp,routing reset_seed = 30 k = 6 policy lr = 0.01
3739,22397,-29.1658935546875,k217xrqp,routing reset_seed = 30 k = 6 policy lr = 0.01
3791,24037,-29.1658935546875,k217xrqp,routing reset_seed = 30 k = 6 policy lr = 0.01
3909,24037,-31.15380573272705,k217xrqp,routing reset_seed = 30 k = 6 policy lr = 0.01
3961,25670,-31.15380573272705,k217xrqp,routing reset_seed = 30 k = 6 policy lr = 0.01
4079,25670,-31.06628704071045,k217xrqp,routing reset_seed = 30 k = 6 policy lr = 0.01
4131,27388,-31.06628704071045,k217xrqp,routing reset_seed = 30 k = 6 policy lr = 0.01
4249,27388,-30.079739570617676,k217xrqp,routing reset_seed = 30 k = 6 policy lr = 0.01
4301,28798,-30.079739570617676,k217xrqp,routing reset_seed = 30 k = 6 policy lr = 0.01
4419,28798,-32.09364032745361,k217xrqp,routing reset_seed = 30 k = 6 policy lr = 0.01
4471,30375,-32.09364032745361,k217xrqp,routing reset_seed = 30 k = 6 policy lr = 0.01
4589,30375,-30.8609037399292,k217xrqp,routing reset_seed = 30 k = 6 policy lr = 0.01
4641,31910,-30.8609037399292,k217xrqp,routing reset_seed = 30 k = 6 policy lr = 0.01
4759,31910,-31.463406562805176,k217xrqp,routing reset_seed = 30 k = 6 policy lr = 0.01
4811,33398,-31.463406562805176,k217xrqp,routing reset_seed = 30 k = 6 policy lr = 0.01
4929,33398,-33.235063552856445,k217xrqp,routing reset_seed = 30 k = 6 policy lr = 0.01
4981,35074,-33.235063552856445,k217xrqp,routing reset_seed = 30 k = 6 policy lr = 0.01
5099,35074,-31.95706081390381,k217xrqp,routing reset_seed = 30 k = 6 policy lr = 0.01
5151,36811,-31.95706081390381,k217xrqp,routing reset_seed = 30 k = 6 policy lr = 0.01
5269,36811,-32.55647563934326,k217xrqp,routing reset_seed = 30 k = 6 policy lr = 0.01
5321,38495,-32.55647563934326,k217xrqp,routing reset_seed = 30 k = 6 policy lr = 0.01
5439,38495,-29.76879119873047,k217xrqp,routing reset_seed = 30 k = 6 policy lr = 0.01
5491,39743,-29.76879119873047,k217xrqp,routing reset_seed = 30 k = 6 policy lr = 0.01
5609,39743,-30.680221557617188,k217xrqp,routing reset_seed = 30 k = 6 policy lr = 0.01
5661,41120,-30.680221557617188,k217xrqp,routing reset_seed = 30 k = 6 policy lr = 0.01
5779,41120,-30.127861976623535,k217xrqp,routing reset_seed = 30 k = 6 policy lr = 0.01
5831,42185,-30.127861976623535,k217xrqp,routing reset_seed = 30 k = 6 policy lr = 0.01
5949,42185,-29.693561553955078,k217xrqp,routing reset_seed = 30 k = 6 policy lr = 0.01
6001,43322,-29.693561553955078,k217xrqp,routing reset_seed = 30 k = 6 policy lr = 0.01
6119,43322,-29.892752647399902,k217xrqp,routing reset_seed = 30 k = 6 policy lr = 0.01
6171,44768,-29.892752647399902,k217xrqp,routing reset_seed = 30 k = 6 policy lr = 0.01
6289,44768,-27.266451835632324,k217xrqp,routing reset_seed = 30 k = 6 policy lr = 0.01
6341,45804,-27.266451835632324,k217xrqp,routing reset_seed = 30 k = 6 policy lr = 0.01
6459,45804,-26.997995376586914,k217xrqp,routing reset_seed = 30 k = 6 policy lr = 0.01
6511,46774,-26.997995376586914,k217xrqp,routing reset_seed = 30 k = 6 policy lr = 0.01
6629,46774,-25.199844360351562,k217xrqp,routing reset_seed = 30 k = 6 policy lr = 0.01
6681,47794,-25.199844360351562,k217xrqp,routing reset_seed = 30 k = 6 policy lr = 0.01
6799,47794,-22.57966184616089,k217xrqp,routing reset_seed = 30 k = 6 policy lr = 0.01
6851,48518,-22.57966184616089,k217xrqp,routing reset_seed = 30 k = 6 policy lr = 0.01
6969,48518,-23.06756067276001,k217xrqp,routing reset_seed = 30 k = 6 policy lr = 0.01
7021,49379,-23.06756067276001,k217xrqp,routing reset_seed = 30 k = 6 policy lr = 0.01
7139,49379,-21.567514419555664,k217xrqp,routing reset_seed = 30 k = 6 policy lr = 0.01
7191,50456,-21.567514419555664,k217xrqp,routing reset_seed = 30 k = 6 policy lr = 0.01
7309,50456,-22.07457399368286,k217xrqp,routing reset_seed = 30 k = 6 policy lr = 0.01
7361,51564,-22.07457399368286,k217xrqp,routing reset_seed = 30 k = 6 policy lr = 0.01
7479,51564,-21.851296424865723,k217xrqp,routing reset_seed = 30 k = 6 policy lr = 0.01
7531,52319,-21.851296424865723,k217xrqp,routing reset_seed = 30 k = 6 policy lr = 0.01
7649,52319,-22.60359811782837,k217xrqp,routing reset_seed = 30 k = 6 policy lr = 0.01
7701,53211,-22.60359811782837,k217xrqp,routing reset_seed = 30 k = 6 policy lr = 0.01
7819,53211,-21.39876365661621,k217xrqp,routing reset_seed = 30 k = 6 policy lr = 0.01
7871,54221,-21.39876365661621,k217xrqp,routing reset_seed = 30 k = 6 policy lr = 0.01
7989,54221,-21.56088352203369,k217xrqp,routing reset_seed = 30 k = 6 policy lr = 0.01
8041,55172,-21.56088352203369,k217xrqp,routing reset_seed = 30 k = 6 policy lr = 0.01
8159,55172,-21.920196056365967,k217xrqp,routing reset_seed = 30 k = 6 policy lr = 0.01
8211,56010,-21.920196056365967,k217xrqp,routing reset_seed = 30 k = 6 policy lr = 0.01
8329,56010,-20.369484424591064,k217xrqp,routing reset_seed = 30 k = 6 policy lr = 0.01
8381,56930,-20.369484424591064,k217xrqp,routing reset_seed = 30 k = 6 policy lr = 0.01
8499,56930,-21.78733205795288,k217xrqp,routing reset_seed = 30 k = 6 policy lr = 0.01
8551,57832,-21.78733205795288,k217xrqp,routing reset_seed = 30 k = 6 policy lr = 0.01
8669,57832,-21.322347164154053,k217xrqp,routing reset_seed = 30 k = 6 policy lr = 0.01
8721,58330,-21.322347164154053,k217xrqp,routing reset_seed = 30 k = 6 policy lr = 0.01
8839,58330,-20.633951663970947,k217xrqp,routing reset_seed = 30 k = 6 policy lr = 0.01
8891,58838,-20.633951663970947,k217xrqp,routing reset_seed = 30 k = 6 policy lr = 0.01
9009,58838,-21.396601676940918,k217xrqp,routing reset_seed = 30 k = 6 policy lr = 0.01
9061,59467,-21.396601676940918,k217xrqp,routing reset_seed = 30 k = 6 policy lr = 0.01
9179,59467,-20.944442749023438,k217xrqp,routing reset_seed = 30 k = 6 policy lr = 0.01
9231,60109,-20.944442749023438,k217xrqp,routing reset_seed = 30 k = 6 policy lr = 0.01
9349,60109,-20.368340015411377,k217xrqp,routing reset_seed = 30 k = 6 policy lr = 0.01
9401,60652,-20.368340015411377,k217xrqp,routing reset_seed = 30 k = 6 policy lr = 0.01
9519,60652,-21.044437885284424,k217xrqp,routing reset_seed = 30 k = 6 policy lr = 0.01
9571,61357,-21.044437885284424,k217xrqp,routing reset_seed = 30 k = 6 policy lr = 0.01
9689,61357,-20.670872688293457,k217xrqp,routing reset_seed = 30 k = 6 policy lr = 0.01
9741,61921,-20.670872688293457,k217xrqp,routing reset_seed = 30 k = 6 policy lr = 0.01
9859,61921,-21.110440254211426,k217xrqp,routing reset_seed = 30 k = 6 policy lr = 0.01
9911,62561,-21.110440254211426,k217xrqp,routing reset_seed = 30 k = 6 policy lr = 0.01
10029,62561,-20.784642219543457,k217xrqp,routing reset_seed = 30 k = 6 policy lr = 0.01
10081,63468,-20.784642219543457,k217xrqp,routing reset_seed = 30 k = 6 policy lr = 0.01
10199,63468,-21.504780292510986,k217xrqp,routing reset_seed = 30 k = 6 policy lr = 0.01
10251,64171,-21.504780292510986,k217xrqp,routing reset_seed = 30 k = 6 policy lr = 0.01
10369,64171,-21.684558868408203,k217xrqp,routing reset_seed = 30 k = 6 policy lr = 0.01
10421,64899,-21.684558868408203,k217xrqp,routing reset_seed = 30 k = 6 policy lr = 0.01
10539,64899,-20.901116847991943,k217xrqp,routing reset_seed = 30 k = 6 policy lr = 0.01
10591,65385,-20.901116847991943,k217xrqp,routing reset_seed = 30 k = 6 policy lr = 0.01
10709,65385,-21.01590919494629,k217xrqp,routing reset_seed = 30 k = 6 policy lr = 0.01
10761,65813,-21.01590919494629,k217xrqp,routing reset_seed = 30 k = 6 policy lr = 0.01
10879,65813,-20.535783290863037,k217xrqp,routing reset_seed = 30 k = 6 policy lr = 0.01
10931,66342,-20.535783290863037,k217xrqp,routing reset_seed = 30 k = 6 policy lr = 0.01
11049,66342,-20.899468898773193,k217xrqp,routing reset_seed = 30 k = 6 policy lr = 0.01
11101,67049,-20.899468898773193,k217xrqp,routing reset_seed = 30 k = 6 policy lr = 0.01
11219,67049,-20.73920488357544,k217xrqp,routing reset_seed = 30 k = 6 policy lr = 0.01
11271,67531,-20.73920488357544,k217xrqp,routing reset_seed = 30 k = 6 policy lr = 0.01
11389,67531,-20.309420585632324,k217xrqp,routing reset_seed = 30 k = 6 policy lr = 0.01
11441,68208,-20.309420585632324,k217xrqp,routing reset_seed = 30 k = 6 policy lr = 0.01
11559,68208,-19.80567169189453,k217xrqp,routing reset_seed = 30 k = 6 policy lr = 0.01
11611,68871,-19.80567169189453,k217xrqp,routing reset_seed = 30 k = 6 policy lr = 0.01
11729,68871,-19.916381359100342,k217xrqp,routing reset_seed = 30 k = 6 policy lr = 0.01
11781,69294,-19.916381359100342,k217xrqp,routing reset_seed = 30 k = 6 policy lr = 0.01
11899,69294,-19.136088848114014,k217xrqp,routing reset_seed = 30 k = 6 policy lr = 0.01
11951,69751,-19.136088848114014,k217xrqp,routing reset_seed = 30 k = 6 policy lr = 0.01
12069,69751,-20.58135414123535,k217xrqp,routing reset_seed = 30 k = 6 policy lr = 0.01
12121,70085,-20.58135414123535,k217xrqp,routing reset_seed = 30 k = 6 policy lr = 0.01
12239,70085,-20.150110721588135,k217xrqp,routing reset_seed = 30 k = 6 policy lr = 0.01
12291,70596,-20.150110721588135,k217xrqp,routing reset_seed = 30 k = 6 policy lr = 0.01
12409,70596,-21.102733612060547,k217xrqp,routing reset_seed = 30 k = 6 policy lr = 0.01
12461,71326,-21.102733612060547,k217xrqp,routing reset_seed = 30 k = 6 policy lr = 0.01
12579,71326,-19.752604484558105,k217xrqp,routing reset_seed = 30 k = 6 policy lr = 0.01
12631,72167,-19.752604484558105,k217xrqp,routing reset_seed = 30 k = 6 policy lr = 0.01
12749,72167,-19.736225128173828,k217xrqp,routing reset_seed = 30 k = 6 policy lr = 0.01
12801,72644,-19.736225128173828,k217xrqp,routing reset_seed = 30 k = 6 policy lr = 0.01
12919,72644,-19.440285205841064,k217xrqp,routing reset_seed = 30 k = 6 policy lr = 0.01
12971,73194,-19.440285205841064,k217xrqp,routing reset_seed = 30 k = 6 policy lr = 0.01
13089,73194,-18.73974847793579,k217xrqp,routing reset_seed = 30 k = 6 policy lr = 0.01
13141,73740,-18.73974847793579,k217xrqp,routing reset_seed = 30 k = 6 policy lr = 0.01
13259,73740,-19.37744140625,k217xrqp,routing reset_seed = 30 k = 6 policy lr = 0.01
13311,74373,-19.37744140625,k217xrqp,routing reset_seed = 30 k = 6 policy lr = 0.01
13429,74373,-18.7730975151062,k217xrqp,routing reset_seed = 30 k = 6 policy lr = 0.01
13481,74925,-18.7730975151062,k217xrqp,routing reset_seed = 30 k = 6 policy lr = 0.01
13599,74925,-18.28189992904663,k217xrqp,routing reset_seed = 30 k = 6 policy lr = 0.01
13651,75275,-18.28189992904663,k217xrqp,routing reset_seed = 30 k = 6 policy lr = 0.01
13769,75275,-19.135611057281494,k217xrqp,routing reset_seed = 30 k = 6 policy lr = 0.01
13821,75723,-19.135611057281494,k217xrqp,routing reset_seed = 30 k = 6 policy lr = 0.01
13939,75723,-19.441414833068848,k217xrqp,routing reset_seed = 30 k = 6 policy lr = 0.01
13991,76312,-19.441414833068848,k217xrqp,routing reset_seed = 30 k = 6 policy lr = 0.01
14109,76312,-19.329060554504395,k217xrqp,routing reset_seed = 30 k = 6 policy lr = 0.01
14161,76838,-19.329060554504395,k217xrqp,routing reset_seed = 30 k = 6 policy lr = 0.01
14279,76838,-19.108829498291016,k217xrqp,routing reset_seed = 30 k = 6 policy lr = 0.01
14331,77485,-19.108829498291016,k217xrqp,routing reset_seed = 30 k = 6 policy lr = 0.01
14449,77485,-19.534924507141113,k217xrqp,routing reset_seed = 30 k = 6 policy lr = 0.01
14501,77888,-19.534924507141113,k217xrqp,routing reset_seed = 30 k = 6 policy lr = 0.01
14619,77888,-19.167521476745605,k217xrqp,routing reset_seed = 30 k = 6 policy lr = 0.01
14671,78324,-19.167521476745605,k217xrqp,routing reset_seed = 30 k = 6 policy lr = 0.01
14789,78324,-18.67709970474243,k217xrqp,routing reset_seed = 30 k = 6 policy lr = 0.01
14841,78781,-18.67709970474243,k217xrqp,routing reset_seed = 30 k = 6 policy lr = 0.01
14959,78781,-19.045774459838867,k217xrqp,routing reset_seed = 30 k = 6 policy lr = 0.01
15011,79530,-19.045774459838867,k217xrqp,routing reset_seed = 30 k = 6 policy lr = 0.01
15129,79530,-18.563942432403564,k217xrqp,routing reset_seed = 30 k = 6 policy lr = 0.01
15181,79896,-18.563942432403564,k217xrqp,routing reset_seed = 30 k = 6 policy lr = 0.01
15299,79896,-18.02058219909668,k217xrqp,routing reset_seed = 30 k = 6 policy lr = 0.01
15351,80312,-18.02058219909668,k217xrqp,routing reset_seed = 30 k = 6 policy lr = 0.01
15469,80312,-18.723217964172363,k217xrqp,routing reset_seed = 30 k = 6 policy lr = 0.01
15521,80763,-18.723217964172363,k217xrqp,routing reset_seed = 30 k = 6 policy lr = 0.01
15639,80763,-19.244405269622803,k217xrqp,routing reset_seed = 30 k = 6 policy lr = 0.01
15691,81044,-19.244405269622803,k217xrqp,routing reset_seed = 30 k = 6 policy lr = 0.01
15809,81044,-17.805834770202637,k217xrqp,routing reset_seed = 30 k = 6 policy lr = 0.01
15861,81600,-17.805834770202637,k217xrqp,routing reset_seed = 30 k = 6 policy lr = 0.01
15979,81600,-18.541759490966797,k217xrqp,routing reset_seed = 30 k = 6 policy lr = 0.01
16031,82072,-18.541759490966797,k217xrqp,routing reset_seed = 30 k = 6 policy lr = 0.01
16149,82072,-18.259646892547607,k217xrqp,routing reset_seed = 30 k = 6 policy lr = 0.01
16201,82522,-18.259646892547607,k217xrqp,routing reset_seed = 30 k = 6 policy lr = 0.01
16319,82522,-17.834794998168945,k217xrqp,routing reset_seed = 30 k = 6 policy lr = 0.01
16371,83119,-17.834794998168945,k217xrqp,routing reset_seed = 30 k = 6 policy lr = 0.01
16489,83119,-18.519569873809814,k217xrqp,routing reset_seed = 30 k = 6 policy lr = 0.01
16541,83816,-18.519569873809814,k217xrqp,routing reset_seed = 30 k = 6 policy lr = 0.01
16659,83816,-17.63615369796753,k217xrqp,routing reset_seed = 30 k = 6 policy lr = 0.01
16711,84180,-17.63615369796753,k217xrqp,routing reset_seed = 30 k = 6 policy lr = 0.01
16829,84180,-17.359705448150635,k217xrqp,routing reset_seed = 30 k = 6 policy lr = 0.01
16881,84756,-17.359705448150635,k217xrqp,routing reset_seed = 30 k = 6 policy lr = 0.01
16999,84756,-18.244379997253418,k217xrqp,routing reset_seed = 30 k = 6 policy lr = 0.01
17051,85295,-18.244379997253418,k217xrqp,routing reset_seed = 30 k = 6 policy lr = 0.01
17169,85295,-17.674283981323242,k217xrqp,routing reset_seed = 30 k = 6 policy lr = 0.01
17221,85803,-17.674283981323242,k217xrqp,routing reset_seed = 30 k = 6 policy lr = 0.01
17339,85803,-17.12074613571167,k217xrqp,routing reset_seed = 30 k = 6 policy lr = 0.01
17391,86149,-17.12074613571167,k217xrqp,routing reset_seed = 30 k = 6 policy lr = 0.01
17509,86149,-17.713998794555664,k217xrqp,routing reset_seed = 30 k = 6 policy lr = 0.01
17561,86705,-17.713998794555664,k217xrqp,routing reset_seed = 30 k = 6 policy lr = 0.01
17679,86705,-17.237940788269043,k217xrqp,routing reset_seed = 30 k = 6 policy lr = 0.01
17731,87359,-17.237940788269043,k217xrqp,routing reset_seed = 30 k = 6 policy lr = 0.01
17849,87359,-16.808515548706055,k217xrqp,routing reset_seed = 30 k = 6 policy lr = 0.01
17901,87945,-16.808515548706055,k217xrqp,routing reset_seed = 30 k = 6 policy lr = 0.01
18019,87945,-17.724112510681152,k217xrqp,routing reset_seed = 30 k = 6 policy lr = 0.01
18071,88279,-17.724112510681152,k217xrqp,routing reset_seed = 30 k = 6 policy lr = 0.01
18189,88279,-16.98155641555786,k217xrqp,routing reset_seed = 30 k = 6 policy lr = 0.01
18241,88712,-16.98155641555786,k217xrqp,routing reset_seed = 30 k = 6 policy lr = 0.01
18359,88712,-16.86722230911255,k217xrqp,routing reset_seed = 30 k = 6 policy lr = 0.01
18411,89144,-16.86722230911255,k217xrqp,routing reset_seed = 30 k = 6 policy lr = 0.01
18529,89144,-17.216729164123535,k217xrqp,routing reset_seed = 30 k = 6 policy lr = 0.01
18581,89593,-17.216729164123535,k217xrqp,routing reset_seed = 30 k = 6 policy lr = 0.01
18699,89593,-17.30530595779419,k217xrqp,routing reset_seed = 30 k = 6 policy lr = 0.01
18751,90100,-17.30530595779419,k217xrqp,routing reset_seed = 30 k = 6 policy lr = 0.01
18869,90100,-17.318798065185547,k217xrqp,routing reset_seed = 30 k = 6 policy lr = 0.01
18921,90411,-17.318798065185547,k217xrqp,routing reset_seed = 30 k = 6 policy lr = 0.01
19039,90411,-17.3360276222229,k217xrqp,routing reset_seed = 30 k = 6 policy lr = 0.01
19091,90906,-17.3360276222229,k217xrqp,routing reset_seed = 30 k = 6 policy lr = 0.01
19209,90906,-17.02591323852539,k217xrqp,routing reset_seed = 30 k = 6 policy lr = 0.01
19261,91352,-17.02591323852539,k217xrqp,routing reset_seed = 30 k = 6 policy lr = 0.01
19379,91352,-16.600584030151367,k217xrqp,routing reset_seed = 30 k = 6 policy lr = 0.01
19431,91801,-16.600584030151367,k217xrqp,routing reset_seed = 30 k = 6 policy lr = 0.01
19549,91801,-16.424696445465088,k217xrqp,routing reset_seed = 30 k = 6 policy lr = 0.01
19601,92272,-16.424696445465088,k217xrqp,routing reset_seed = 30 k = 6 policy lr = 0.01
19719,92272,-16.486703395843506,k217xrqp,routing reset_seed = 30 k = 6 policy lr = 0.01
19771,92666,-16.486703395843506,k217xrqp,routing reset_seed = 30 k = 6 policy lr = 0.01
19889,92666,-17.21028995513916,k217xrqp,routing reset_seed = 30 k = 6 policy lr = 0.01
19941,93313,-17.21028995513916,k217xrqp,routing reset_seed = 30 k = 6 policy lr = 0.01
20059,93313,-16.366493701934814,k217xrqp,routing reset_seed = 30 k = 6 policy lr = 0.01
20111,93802,-16.366493701934814,k217xrqp,routing reset_seed = 30 k = 6 policy lr = 0.01
20229,93802,-16.19638729095459,k217xrqp,routing reset_seed = 30 k = 6 policy lr = 0.01
20281,94405,-16.19638729095459,k217xrqp,routing reset_seed = 30 k = 6 policy lr = 0.01
20399,94405,-16.53404140472412,k217xrqp,routing reset_seed = 30 k = 6 policy lr = 0.01
20451,94847,-16.53404140472412,k217xrqp,routing reset_seed = 30 k = 6 policy lr = 0.01
20569,94847,-16.87059211730957,k217xrqp,routing reset_seed = 30 k = 6 policy lr = 0.01
20621,95322,-16.87059211730957,k217xrqp,routing reset_seed = 30 k = 6 policy lr = 0.01
20739,95322,-16.40449333190918,k217xrqp,routing reset_seed = 30 k = 6 policy lr = 0.01
20791,95639,-16.40449333190918,k217xrqp,routing reset_seed = 30 k = 6 policy lr = 0.01
20909,95639,-16.967417240142822,k217xrqp,routing reset_seed = 30 k = 6 policy lr = 0.01
20961,95961,-16.967417240142822,k217xrqp,routing reset_seed = 30 k = 6 policy lr = 0.01
21079,95961,-16.688519954681396,k217xrqp,routing reset_seed = 30 k = 6 policy lr = 0.01
21131,96460,-16.688519954681396,k217xrqp,routing reset_seed = 30 k = 6 policy lr = 0.01
21249,96460,-16.81161880493164,k217xrqp,routing reset_seed = 30 k = 6 policy lr = 0.01
21301,97105,-16.81161880493164,k217xrqp,routing reset_seed = 30 k = 6 policy lr = 0.01
21419,97105,-17.166682720184326,k217xrqp,routing reset_seed = 30 k = 6 policy lr = 0.01
21471,97533,-17.166682720184326,k217xrqp,routing reset_seed = 30 k = 6 policy lr = 0.01
21589,97533,-16.721993923187256,k217xrqp,routing reset_seed = 30 k = 6 policy lr = 0.01
21641,98107,-16.721993923187256,k217xrqp,routing reset_seed = 30 k = 6 policy lr = 0.01
21759,98107,-16.18268871307373,k217xrqp,routing reset_seed = 30 k = 6 policy lr = 0.01
21811,98781,-16.18268871307373,k217xrqp,routing reset_seed = 30 k = 6 policy lr = 0.01
21929,98781,-16.700331211090088,k217xrqp,routing reset_seed = 30 k = 6 policy lr = 0.01
21981,99086,-16.700331211090088,k217xrqp,routing reset_seed = 30 k = 6 policy lr = 0.01
22099,99086,-16.258098125457764,k217xrqp,routing reset_seed = 30 k = 6 policy lr = 0.01
22151,99464,-16.258098125457764,k217xrqp,routing reset_seed = 30 k = 6 policy lr = 0.01
22269,99464,-16.003568172454834,k217xrqp,routing reset_seed = 30 k = 6 policy lr = 0.01
22321,100022,-16.003568172454834,k217xrqp,routing reset_seed = 30 k = 6 policy lr = 0.01
22439,100022,-16.833914756774902,k217xrqp,routing reset_seed = 30 k = 6 policy lr = 0.01
22491,100549,-16.833914756774902,k217xrqp,routing reset_seed = 30 k = 6 policy lr = 0.01
22609,100549,-16.50985288619995,k217xrqp,routing reset_seed = 30 k = 6 policy lr = 0.01
22661,100934,-16.50985288619995,k217xrqp,routing reset_seed = 30 k = 6 policy lr = 0.01
22779,100934,-16.072938442230225,k217xrqp,routing reset_seed = 30 k = 6 policy lr = 0.01
22831,101231,-16.072938442230225,k217xrqp,routing reset_seed = 30 k = 6 policy lr = 0.01
22949,101231,-16.321863174438477,k217xrqp,routing reset_seed = 30 k = 6 policy lr = 0.01
23001,101646,-16.321863174438477,k217xrqp,routing reset_seed = 30 k = 6 policy lr = 0.01
23119,101646,-16.488532066345215,k217xrqp,routing reset_seed = 30 k = 6 policy lr = 0.01
23171,102014,-16.488532066345215,k217xrqp,routing reset_seed = 30 k = 6 policy lr = 0.01
23289,102014,-16.55614709854126,k217xrqp,routing reset_seed = 30 k = 6 policy lr = 0.01
23341,102492,-16.55614709854126,k217xrqp,routing reset_seed = 30 k = 6 policy lr = 0.01
23459,102492,-15.911643981933594,k217xrqp,routing reset_seed = 30 k = 6 policy lr = 0.01
23511,103263,-15.911643981933594,k217xrqp,routing reset_seed = 30 k = 6 policy lr = 0.01
23629,103263,-15.972232818603516,k217xrqp,routing reset_seed = 30 k = 6 policy lr = 0.01
23681,103806,-15.972232818603516,k217xrqp,routing reset_seed = 30 k = 6 policy lr = 0.01
23799,103806,-16.456202507019043,k217xrqp,routing reset_seed = 30 k = 6 policy lr = 0.01
23851,104330,-16.456202507019043,k217xrqp,routing reset_seed = 30 k = 6 policy lr = 0.01
23969,104330,-15.547946453094482,k217xrqp,routing reset_seed = 30 k = 6 policy lr = 0.01
24021,104783,-15.547946453094482,k217xrqp,routing reset_seed = 30 k = 6 policy lr = 0.01
24139,104783,-15.85265827178955,k217xrqp,routing reset_seed = 30 k = 6 policy lr = 0.01
24191,105354,-15.85265827178955,k217xrqp,routing reset_seed = 30 k = 6 policy lr = 0.01
24309,105354,-15.665272235870361,k217xrqp,routing reset_seed = 30 k = 6 policy lr = 0.01
24361,105907,-15.665272235870361,k217xrqp,routing reset_seed = 30 k = 6 policy lr = 0.01
24479,105907,-16.17751169204712,k217xrqp,routing reset_seed = 30 k = 6 policy lr = 0.01
24531,106306,-16.17751169204712,k217xrqp,routing reset_seed = 30 k = 6 policy lr = 0.01
24649,106306,-16.092575073242188,k217xrqp,routing reset_seed = 30 k = 6 policy lr = 0.01
24701,106649,-16.092575073242188,k217xrqp,routing reset_seed = 30 k = 6 policy lr = 0.01
24819,106649,-16.044978141784668,k217xrqp,routing reset_seed = 30 k = 6 policy lr = 0.01
24871,107233,-16.044978141784668,k217xrqp,routing reset_seed = 30 k = 6 policy lr = 0.01
24989,107233,-15.903464317321777,k217xrqp,routing reset_seed = 30 k = 6 policy lr = 0.01
25041,107752,-15.903464317321777,k217xrqp,routing reset_seed = 30 k = 6 policy lr = 0.01
25159,107752,-15.835543632507324,k217xrqp,routing reset_seed = 30 k = 6 policy lr = 0.01
25211,108262,-15.835543632507324,k217xrqp,routing reset_seed = 30 k = 6 policy lr = 0.01
25329,108262,-15.438409805297852,k217xrqp,routing reset_seed = 30 k = 6 policy lr = 0.01
25381,108931,-15.438409805297852,k217xrqp,routing reset_seed = 30 k = 6 policy lr = 0.01
25499,108931,-15.651602268218994,k217xrqp,routing reset_seed = 30 k = 6 policy lr = 0.01
25551,109325,-15.651602268218994,k217xrqp,routing reset_seed = 30 k = 6 policy lr = 0.01
25669,109325,-15.984524726867676,k217xrqp,routing reset_seed = 30 k = 6 policy lr = 0.01
25721,110119,-15.984524726867676,k217xrqp,routing reset_seed = 30 k = 6 policy lr = 0.01
25839,110119,-15.592945098876953,k217xrqp,routing reset_seed = 30 k = 6 policy lr = 0.01
25891,110590,-15.592945098876953,k217xrqp,routing reset_seed = 30 k = 6 policy lr = 0.01
26009,110590,-16.07128143310547,k217xrqp,routing reset_seed = 30 k = 6 policy lr = 0.01
26061,111099,-16.07128143310547,k217xrqp,routing reset_seed = 30 k = 6 policy lr = 0.01
26179,111099,-15.59044599533081,k217xrqp,routing reset_seed = 30 k = 6 policy lr = 0.01
26231,111610,-15.59044599533081,k217xrqp,routing reset_seed = 30 k = 6 policy lr = 0.01
26349,111610,-16.03400754928589,k217xrqp,routing reset_seed = 30 k = 6 policy lr = 0.01
26401,112173,-16.03400754928589,k217xrqp,routing reset_seed = 30 k = 6 policy lr = 0.01
26519,112173,-15.5651216506958,k217xrqp,routing reset_seed = 30 k = 6 policy lr = 0.01
26571,112577,-15.5651216506958,k217xrqp,routing reset_seed = 30 k = 6 policy lr = 0.01
26689,112577,-16.141599655151367,k217xrqp,routing reset_seed = 30 k = 6 policy lr = 0.01
26741,113111,-16.141599655151367,k217xrqp,routing reset_seed = 30 k = 6 policy lr = 0.01
26859,113111,-15.877432823181152,k217xrqp,routing reset_seed = 30 k = 6 policy lr = 0.01
26911,113642,-15.877432823181152,k217xrqp,routing reset_seed = 30 k = 6 policy lr = 0.01
27029,113642,-15.697688579559326,k217xrqp,routing reset_seed = 30 k = 6 policy lr = 0.01
27081,114231,-15.697688579559326,k217xrqp,routing reset_seed = 30 k = 6 policy lr = 0.01
27199,114231,-15.522834300994873,k217xrqp,routing reset_seed = 30 k = 6 policy lr = 0.01
27251,114809,-15.522834300994873,k217xrqp,routing reset_seed = 30 k = 6 policy lr = 0.01
27369,114809,-15.80489444732666,k217xrqp,routing reset_seed = 30 k = 6 policy lr = 0.01
27421,115373,-15.80489444732666,k217xrqp,routing reset_seed = 30 k = 6 policy lr = 0.01
27539,115373,-15.867169857025146,k217xrqp,routing reset_seed = 30 k = 6 policy lr = 0.01
27591,115868,-15.867169857025146,k217xrqp,routing reset_seed = 30 k = 6 policy lr = 0.01
27709,115868,-15.048705101013184,k217xrqp,routing reset_seed = 30 k = 6 policy lr = 0.01
27761,116341,-15.048705101013184,k217xrqp,routing reset_seed = 30 k = 6 policy lr = 0.01
27879,116341,-15.310808658599854,k217xrqp,routing reset_seed = 30 k = 6 policy lr = 0.01
27931,116736,-15.310808658599854,k217xrqp,routing reset_seed = 30 k = 6 policy lr = 0.01
28049,116736,-15.369885444641113,k217xrqp,routing reset_seed = 30 k = 6 policy lr = 0.01
28101,117308,-15.369885444641113,k217xrqp,routing reset_seed = 30 k = 6 policy lr = 0.01
28219,117308,-15.470897197723389,k217xrqp,routing reset_seed = 30 k = 6 policy lr = 0.01
28271,117702,-15.470897197723389,k217xrqp,routing reset_seed = 30 k = 6 policy lr = 0.01
28389,117702,-15.005871772766113,k217xrqp,routing reset_seed = 30 k = 6 policy lr = 0.01
28441,118018,-15.005871772766113,k217xrqp,routing reset_seed = 30 k = 6 policy lr = 0.01
28559,118018,-15.833049297332764,k217xrqp,routing reset_seed = 30 k = 6 policy lr = 0.01
28611,118298,-15.833049297332764,k217xrqp,routing reset_seed = 30 k = 6 policy lr = 0.01
28729,118298,-15.515267848968506,k217xrqp,routing reset_seed = 30 k = 6 policy lr = 0.01
28781,118652,-15.515267848968506,k217xrqp,routing reset_seed = 30 k = 6 policy lr = 0.01
28899,118652,-15.454960346221924,k217xrqp,routing reset_seed = 30 k = 6 policy lr = 0.01
28951,118999,-15.454960346221924,k217xrqp,routing reset_seed = 30 k = 6 policy lr = 0.01
29069,118999,-15.554401874542236,k217xrqp,routing reset_seed = 30 k = 6 policy lr = 0.01
29121,119235,-15.554401874542236,k217xrqp,routing reset_seed = 30 k = 6 policy lr = 0.01
29239,119235,-15.312118530273438,k217xrqp,routing reset_seed = 30 k = 6 policy lr = 0.01
29291,119600,-15.312118530273438,k217xrqp,routing reset_seed = 30 k = 6 policy lr = 0.01
29409,119600,-15.68566370010376,k217xrqp,routing reset_seed = 30 k = 6 policy lr = 0.01
29461,120079,-15.68566370010376,k217xrqp,routing reset_seed = 30 k = 6 policy lr = 0.01
29579,120079,-15.211810111999512,k217xrqp,routing reset_seed = 30 k = 6 policy lr = 0.01
29631,120723,-15.211810111999512,k217xrqp,routing reset_seed = 30 k = 6 policy lr = 0.01
29749,120723,-15.920422077178955,k217xrqp,routing reset_seed = 30 k = 6 policy lr = 0.01
29801,121362,-15.920422077178955,k217xrqp,routing reset_seed = 30 k = 6 policy lr = 0.01
29919,121362,-15.475704669952393,k217xrqp,routing reset_seed = 30 k = 6 policy lr = 0.01
29971,121942,-15.475704669952393,k217xrqp,routing reset_seed = 30 k = 6 policy lr = 0.01
30089,121942,-15.404346942901611,k217xrqp,routing reset_seed = 30 k = 6 policy lr = 0.01
30141,122449,-15.404346942901611,k217xrqp,routing reset_seed = 30 k = 6 policy lr = 0.01
30259,122449,-15.329666137695312,k217xrqp,routing reset_seed = 30 k = 6 policy lr = 0.01
30311,122956,-15.329666137695312,k217xrqp,routing reset_seed = 30 k = 6 policy lr = 0.01
30429,122956,-15.532777786254883,k217xrqp,routing reset_seed = 30 k = 6 policy lr = 0.01
30481,123532,-15.532777786254883,k217xrqp,routing reset_seed = 30 k = 6 policy lr = 0.01
30599,123532,-15.28603458404541,k217xrqp,routing reset_seed = 30 k = 6 policy lr = 0.01
30651,124217,-15.28603458404541,k217xrqp,routing reset_seed = 30 k = 6 policy lr = 0.01
30769,124217,-15.50130033493042,k217xrqp,routing reset_seed = 30 k = 6 policy lr = 0.01
30821,124910,-15.50130033493042,k217xrqp,routing reset_seed = 30 k = 6 policy lr = 0.01
30939,124910,-15.267058849334717,k217xrqp,routing reset_seed = 30 k = 6 policy lr = 0.01
30991,125468,-15.267058849334717,k217xrqp,routing reset_seed = 30 k = 6 policy lr = 0.01
31109,125468,-15.354791164398193,k217xrqp,routing reset_seed = 30 k = 6 policy lr = 0.01
31161,125965,-15.354791164398193,k217xrqp,routing reset_seed = 30 k = 6 policy lr = 0.01
31279,125965,-15.422051906585693,k217xrqp,routing reset_seed = 30 k = 6 policy lr = 0.01
31331,126533,-15.422051906585693,k217xrqp,routing reset_seed = 30 k = 6 policy lr = 0.01
31449,126533,-15.44069528579712,k217xrqp,routing reset_seed = 30 k = 6 policy lr = 0.01
31501,127060,-15.44069528579712,k217xrqp,routing reset_seed = 30 k = 6 policy lr = 0.01
31619,127060,-15.54532527923584,k217xrqp,routing reset_seed = 30 k = 6 policy lr = 0.01
31671,127802,-15.54532527923584,k217xrqp,routing reset_seed = 30 k = 6 policy lr = 0.01
31789,127802,-14.782537460327148,k217xrqp,routing reset_seed = 30 k = 6 policy lr = 0.01
31841,128446,-14.782537460327148,k217xrqp,routing reset_seed = 30 k = 6 policy lr = 0.01
31959,128446,-15.334364891052246,k217xrqp,routing reset_seed = 30 k = 6 policy lr = 0.01
32011,129094,-15.334364891052246,k217xrqp,routing reset_seed = 30 k = 6 policy lr = 0.01
32129,129094,-15.739695072174072,k217xrqp,routing reset_seed = 30 k = 6 policy lr = 0.01
32181,129978,-15.739695072174072,k217xrqp,routing reset_seed = 30 k = 6 policy lr = 0.01
32299,129978,-15.020938873291016,k217xrqp,routing reset_seed = 30 k = 6 policy lr = 0.01
32351,130752,-15.020938873291016,k217xrqp,routing reset_seed = 30 k = 6 policy lr = 0.01
32469,130752,-14.806718349456787,k217xrqp,routing reset_seed = 30 k = 6 policy lr = 0.01
32521,131615,-14.806718349456787,k217xrqp,routing reset_seed = 30 k = 6 policy lr = 0.01
32639,131615,-15.03817892074585,k217xrqp,routing reset_seed = 30 k = 6 policy lr = 0.01
32691,132460,-15.03817892074585,k217xrqp,routing reset_seed = 30 k = 6 policy lr = 0.01
32809,132460,-15.043965816497803,k217xrqp,routing reset_seed = 30 k = 6 policy lr = 0.01
32861,133532,-15.043965816497803,k217xrqp,routing reset_seed = 30 k = 6 policy lr = 0.01
32979,133532,-15.473331928253174,k217xrqp,routing reset_seed = 30 k = 6 policy lr = 0.01
33031,134514,-15.473331928253174,k217xrqp,routing reset_seed = 30 k = 6 policy lr = 0.01
33149,134514,-15.508684158325195,k217xrqp,routing reset_seed = 30 k = 6 policy lr = 0.01
33201,135330,-15.508684158325195,k217xrqp,routing reset_seed = 30 k = 6 policy lr = 0.01
33319,135330,-15.488417625427246,k217xrqp,routing reset_seed = 30 k = 6 policy lr = 0.01
33371,136269,-15.488417625427246,k217xrqp,routing reset_seed = 30 k = 6 policy lr = 0.01
33489,136269,-15.286530017852783,k217xrqp,routing reset_seed = 30 k = 6 policy lr = 0.01
33541,137310,-15.286530017852783,k217xrqp,routing reset_seed = 30 k = 6 policy lr = 0.01
33659,137310,-15.307671070098877,k217xrqp,routing reset_seed = 30 k = 6 policy lr = 0.01
33711,138208,-15.307671070098877,k217xrqp,routing reset_seed = 30 k = 6 policy lr = 0.01
33829,138208,-15.672369003295898,k217xrqp,routing reset_seed = 30 k = 6 policy lr = 0.01
33881,139239,-15.672369003295898,k217xrqp,routing reset_seed = 30 k = 6 policy lr = 0.01
33999,139239,-15.107923984527588,k217xrqp,routing reset_seed = 30 k = 6 policy lr = 0.01
51,196,,axoh0q85,routing reset_seed = 40 k = 6
169,196,-61.33333206176758,axoh0q85,routing reset_seed = 40 k = 6
221,471,-61.33333206176758,axoh0q85,routing reset_seed = 40 k = 6
339,471,-49.821006774902344,axoh0q85,routing reset_seed = 40 k = 6
391,732,-49.821006774902344,axoh0q85,routing reset_seed = 40 k = 6
509,732,-49.656578063964844,axoh0q85,routing reset_seed = 40 k = 6
561,887,-49.656578063964844,axoh0q85,routing reset_seed = 40 k = 6
679,887,-47.28129005432129,axoh0q85,routing reset_seed = 40 k = 6
731,1138,-47.28129005432129,axoh0q85,routing reset_seed = 40 k = 6
849,1138,-42.33502006530762,axoh0q85,routing reset_seed = 40 k = 6
901,1668,-42.33502006530762,axoh0q85,routing reset_seed = 40 k = 6
1019,1668,-44.93522357940674,axoh0q85,routing reset_seed = 40 k = 6
1071,2229,-44.93522357940674,axoh0q85,routing reset_seed = 40 k = 6
1189,2229,-43.509602546691895,axoh0q85,routing reset_seed = 40 k = 6
1241,3557,-43.509602546691895,axoh0q85,routing reset_seed = 40 k = 6
1359,3557,-44.450432777404785,axoh0q85,routing reset_seed = 40 k = 6
1411,4520,-44.450432777404785,axoh0q85,routing reset_seed = 40 k = 6
1529,4520,-46.065778732299805,axoh0q85,routing reset_seed = 40 k = 6
1581,5628,-46.065778732299805,axoh0q85,routing reset_seed = 40 k = 6
1699,5628,-47.26565361022949,axoh0q85,routing reset_seed = 40 k = 6
1751,7150,-47.26565361022949,axoh0q85,routing reset_seed = 40 k = 6
1869,7150,-46.31526184082031,axoh0q85,routing reset_seed = 40 k = 6
1921,8209,-46.31526184082031,axoh0q85,routing reset_seed = 40 k = 6
2039,8209,-51.05931282043457,axoh0q85,routing reset_seed = 40 k = 6
2091,9599,-51.05931282043457,axoh0q85,routing reset_seed = 40 k = 6
2209,9599,-50.816457748413086,axoh0q85,routing reset_seed = 40 k = 6
2261,10717,-50.816457748413086,axoh0q85,routing reset_seed = 40 k = 6
2379,10717,-53.25763511657715,axoh0q85,routing reset_seed = 40 k = 6
2431,11713,-53.25763511657715,axoh0q85,routing reset_seed = 40 k = 6
2549,11713,-61.01949691772461,axoh0q85,routing reset_seed = 40 k = 6
2601,13066,-61.01949691772461,axoh0q85,routing reset_seed = 40 k = 6
2719,13066,-55.34035873413086,axoh0q85,routing reset_seed = 40 k = 6
2771,14500,-55.34035873413086,axoh0q85,routing reset_seed = 40 k = 6
2889,14500,-56.9033260345459,axoh0q85,routing reset_seed = 40 k = 6
2941,15492,-56.9033260345459,axoh0q85,routing reset_seed = 40 k = 6
3059,15492,-57.1634464263916,axoh0q85,routing reset_seed = 40 k = 6
3111,16585,-57.1634464263916,axoh0q85,routing reset_seed = 40 k = 6
3229,16585,-57.688568115234375,axoh0q85,routing reset_seed = 40 k = 6
3281,17590,-57.688568115234375,axoh0q85,routing reset_seed = 40 k = 6
3399,17590,-56.50275993347168,axoh0q85,routing reset_seed = 40 k = 6
3451,18838,-56.50275993347168,axoh0q85,routing reset_seed = 40 k = 6
3569,18838,-56.725364685058594,axoh0q85,routing reset_seed = 40 k = 6
3621,19903,-56.725364685058594,axoh0q85,routing reset_seed = 40 k = 6
3739,19903,-55.69426345825195,axoh0q85,routing reset_seed = 40 k = 6
3791,21308,-55.69426345825195,axoh0q85,routing reset_seed = 40 k = 6
3909,21308,-52.419921875,axoh0q85,routing reset_seed = 40 k = 6
3961,22588,-52.419921875,axoh0q85,routing reset_seed = 40 k = 6
4079,22588,-50.88555335998535,axoh0q85,routing reset_seed = 40 k = 6
4131,24317,-50.88555335998535,axoh0q85,routing reset_seed = 40 k = 6
4249,24317,-48.51993942260742,axoh0q85,routing reset_seed = 40 k = 6
4301,25591,-48.51993942260742,axoh0q85,routing reset_seed = 40 k = 6
4419,25591,-47.786871910095215,axoh0q85,routing reset_seed = 40 k = 6
4471,26543,-47.786871910095215,axoh0q85,routing reset_seed = 40 k = 6
4589,26543,-43.11158561706543,axoh0q85,routing reset_seed = 40 k = 6
4641,28011,-43.11158561706543,axoh0q85,routing reset_seed = 40 k = 6
4759,28011,-42.704233169555664,axoh0q85,routing reset_seed = 40 k = 6
4811,28920,-42.704233169555664,axoh0q85,routing reset_seed = 40 k = 6
4929,28920,-41.381516456604004,axoh0q85,routing reset_seed = 40 k = 6
4981,30092,-41.381516456604004,axoh0q85,routing reset_seed = 40 k = 6
5099,30092,-41.17555809020996,axoh0q85,routing reset_seed = 40 k = 6
5151,31191,-41.17555809020996,axoh0q85,routing reset_seed = 40 k = 6
5269,31191,-39.76308727264404,axoh0q85,routing reset_seed = 40 k = 6
5321,32134,-39.76308727264404,axoh0q85,routing reset_seed = 40 k = 6
5439,32134,-39.436476707458496,axoh0q85,routing reset_seed = 40 k = 6
5491,33296,-39.436476707458496,axoh0q85,routing reset_seed = 40 k = 6
5609,33296,-38.19459342956543,axoh0q85,routing reset_seed = 40 k = 6
5661,34556,-38.19459342956543,axoh0q85,routing reset_seed = 40 k = 6
5779,34556,-38.61836051940918,axoh0q85,routing reset_seed = 40 k = 6
5831,35427,-38.61836051940918,axoh0q85,routing reset_seed = 40 k = 6
5949,35427,-38.45824432373047,axoh0q85,routing reset_seed = 40 k = 6
6001,36504,-38.45824432373047,axoh0q85,routing reset_seed = 40 k = 6
6119,36504,-36.67487049102783,axoh0q85,routing reset_seed = 40 k = 6
6171,37719,-36.67487049102783,axoh0q85,routing reset_seed = 40 k = 6
6289,37719,-37.08615303039551,axoh0q85,routing reset_seed = 40 k = 6
6341,39015,-37.08615303039551,axoh0q85,routing reset_seed = 40 k = 6
6459,39015,-36.885884284973145,axoh0q85,routing reset_seed = 40 k = 6
6511,40209,-36.885884284973145,axoh0q85,routing reset_seed = 40 k = 6
6629,40209,-35.99820041656494,axoh0q85,routing reset_seed = 40 k = 6
6681,41445,-35.99820041656494,axoh0q85,routing reset_seed = 40 k = 6
6799,41445,-37.24660110473633,axoh0q85,routing reset_seed = 40 k = 6
6851,42504,-37.24660110473633,axoh0q85,routing reset_seed = 40 k = 6
6969,42504,-35.95130920410156,axoh0q85,routing reset_seed = 40 k = 6
7021,43435,-35.95130920410156,axoh0q85,routing reset_seed = 40 k = 6
7139,43435,-36.52919101715088,axoh0q85,routing reset_seed = 40 k = 6
7191,44540,-36.52919101715088,axoh0q85,routing reset_seed = 40 k = 6
7309,44540,-35.83430862426758,axoh0q85,routing reset_seed = 40 k = 6
7361,45653,-35.83430862426758,axoh0q85,routing reset_seed = 40 k = 6
7479,45653,-36.24642086029053,axoh0q85,routing reset_seed = 40 k = 6
7531,46848,-36.24642086029053,axoh0q85,routing reset_seed = 40 k = 6
7649,46848,-35.569854736328125,axoh0q85,routing reset_seed = 40 k = 6
7701,47932,-35.569854736328125,axoh0q85,routing reset_seed = 40 k = 6
7819,47932,-35.08246421813965,axoh0q85,routing reset_seed = 40 k = 6
7871,49044,-35.08246421813965,axoh0q85,routing reset_seed = 40 k = 6
7989,49044,-35.085984230041504,axoh0q85,routing reset_seed = 40 k = 6
8041,50028,-35.085984230041504,axoh0q85,routing reset_seed = 40 k = 6
8159,50028,-34.693020820617676,axoh0q85,routing reset_seed = 40 k = 6
8211,50948,-34.693020820617676,axoh0q85,routing reset_seed = 40 k = 6
8329,50948,-34.473731994628906,axoh0q85,routing reset_seed = 40 k = 6
8381,52172,-34.473731994628906,axoh0q85,routing reset_seed = 40 k = 6
8499,52172,-34.322630882263184,axoh0q85,routing reset_seed = 40 k = 6
8551,53493,-34.322630882263184,axoh0q85,routing reset_seed = 40 k = 6
8669,53493,-34.16379261016846,axoh0q85,routing reset_seed = 40 k = 6
8721,54745,-34.16379261016846,axoh0q85,routing reset_seed = 40 k = 6
8839,54745,-33.712748527526855,axoh0q85,routing reset_seed = 40 k = 6
8891,55951,-33.712748527526855,axoh0q85,routing reset_seed = 40 k = 6
9009,55951,-33.97695446014404,axoh0q85,routing reset_seed = 40 k = 6
9061,56595,-33.97695446014404,axoh0q85,routing reset_seed = 40 k = 6
9179,56595,-32.285268783569336,axoh0q85,routing reset_seed = 40 k = 6
9231,57701,-32.285268783569336,axoh0q85,routing reset_seed = 40 k = 6
9349,57701,-32.66284465789795,axoh0q85,routing reset_seed = 40 k = 6
9401,58466,-32.66284465789795,axoh0q85,routing reset_seed = 40 k = 6
9519,58466,-32.6010217666626,axoh0q85,routing reset_seed = 40 k = 6
9571,59337,-32.6010217666626,axoh0q85,routing reset_seed = 40 k = 6
9689,59337,-32.693281173706055,axoh0q85,routing reset_seed = 40 k = 6
9741,60260,-32.693281173706055,axoh0q85,routing reset_seed = 40 k = 6
9859,60260,-33.015740394592285,axoh0q85,routing reset_seed = 40 k = 6
9911,60961,-33.015740394592285,axoh0q85,routing reset_seed = 40 k = 6
10029,60961,-32.33561897277832,axoh0q85,routing reset_seed = 40 k = 6
10081,61908,-32.33561897277832,axoh0q85,routing reset_seed = 40 k = 6
10199,61908,-32.69332695007324,axoh0q85,routing reset_seed = 40 k = 6
10251,63046,-32.69332695007324,axoh0q85,routing reset_seed = 40 k = 6
10369,63046,-31.692362785339355,axoh0q85,routing reset_seed = 40 k = 6
10421,63810,-31.692362785339355,axoh0q85,routing reset_seed = 40 k = 6
10539,63810,-31.8331241607666,axoh0q85,routing reset_seed = 40 k = 6
10591,64736,-31.8331241607666,axoh0q85,routing reset_seed = 40 k = 6
10709,64736,-32.424720764160156,axoh0q85,routing reset_seed = 40 k = 6
10761,65590,-32.424720764160156,axoh0q85,routing reset_seed = 40 k = 6
10879,65590,-32.451897621154785,axoh0q85,routing reset_seed = 40 k = 6
10931,66327,-32.451897621154785,axoh0q85,routing reset_seed = 40 k = 6
11049,66327,-31.631386756896973,axoh0q85,routing reset_seed = 40 k = 6
11101,67038,-31.631386756896973,axoh0q85,routing reset_seed = 40 k = 6
11219,67038,-31.091936111450195,axoh0q85,routing reset_seed = 40 k = 6
11271,68145,-31.091936111450195,axoh0q85,routing reset_seed = 40 k = 6
11389,68145,-31.276039123535156,axoh0q85,routing reset_seed = 40 k = 6
11441,69400,-31.276039123535156,axoh0q85,routing reset_seed = 40 k = 6
11559,69400,-30.90578556060791,axoh0q85,routing reset_seed = 40 k = 6
11611,69978,-30.90578556060791,axoh0q85,routing reset_seed = 40 k = 6
11729,69978,-30.470311164855957,axoh0q85,routing reset_seed = 40 k = 6
11781,70748,-30.470311164855957,axoh0q85,routing reset_seed = 40 k = 6
11899,70748,-30.308698654174805,axoh0q85,routing reset_seed = 40 k = 6
11951,71572,-30.308698654174805,axoh0q85,routing reset_seed = 40 k = 6
12069,71572,-30.449313163757324,axoh0q85,routing reset_seed = 40 k = 6
12121,72347,-30.449313163757324,axoh0q85,routing reset_seed = 40 k = 6
12239,72347,-31.175704956054688,axoh0q85,routing reset_seed = 40 k = 6
12291,73218,-31.175704956054688,axoh0q85,routing reset_seed = 40 k = 6
12409,73218,-31.023377418518066,axoh0q85,routing reset_seed = 40 k = 6
12461,73941,-31.023377418518066,axoh0q85,routing reset_seed = 40 k = 6
12579,73941,-29.4832124710083,axoh0q85,routing reset_seed = 40 k = 6
12631,74911,-29.4832124710083,axoh0q85,routing reset_seed = 40 k = 6
12749,74911,-30.6151123046875,axoh0q85,routing reset_seed = 40 k = 6
12801,75830,-30.6151123046875,axoh0q85,routing reset_seed = 40 k = 6
12919,75830,-29.913628578186035,axoh0q85,routing reset_seed = 40 k = 6
12971,76685,-29.913628578186035,axoh0q85,routing reset_seed = 40 k = 6
13089,76685,-29.492660522460938,axoh0q85,routing reset_seed = 40 k = 6
13141,77657,-29.492660522460938,axoh0q85,routing reset_seed = 40 k = 6
13259,77657,-29.395472526550293,axoh0q85,routing reset_seed = 40 k = 6
13311,78588,-29.395472526550293,axoh0q85,routing reset_seed = 40 k = 6
13429,78588,-29.959704399108887,axoh0q85,routing reset_seed = 40 k = 6
13481,79659,-29.959704399108887,axoh0q85,routing reset_seed = 40 k = 6
13599,79659,-29.58132266998291,axoh0q85,routing reset_seed = 40 k = 6
13651,80323,-29.58132266998291,axoh0q85,routing reset_seed = 40 k = 6
13769,80323,-29.422263145446777,axoh0q85,routing reset_seed = 40 k = 6
13821,81291,-29.422263145446777,axoh0q85,routing reset_seed = 40 k = 6
13939,81291,-29.51656150817871,axoh0q85,routing reset_seed = 40 k = 6
13991,82395,-29.51656150817871,axoh0q85,routing reset_seed = 40 k = 6
14109,82395,-29.457091331481934,axoh0q85,routing reset_seed = 40 k = 6
14161,83145,-29.457091331481934,axoh0q85,routing reset_seed = 40 k = 6
14279,83145,-29.55568027496338,axoh0q85,routing reset_seed = 40 k = 6
14331,83886,-29.55568027496338,axoh0q85,routing reset_seed = 40 k = 6
14449,83886,-28.714576721191406,axoh0q85,routing reset_seed = 40 k = 6
14501,84897,-28.714576721191406,axoh0q85,routing reset_seed = 40 k = 6
14619,84897,-29.363335609436035,axoh0q85,routing reset_seed = 40 k = 6
14671,85470,-29.363335609436035,axoh0q85,routing reset_seed = 40 k = 6
14789,85470,-28.541050910949707,axoh0q85,routing reset_seed = 40 k = 6
14841,86223,-28.541050910949707,axoh0q85,routing reset_seed = 40 k = 6
14959,86223,-29.108922958374023,axoh0q85,routing reset_seed = 40 k = 6
15011,87231,-29.108922958374023,axoh0q85,routing reset_seed = 40 k = 6
15129,87231,-28.906455039978027,axoh0q85,routing reset_seed = 40 k = 6
15181,87901,-28.906455039978027,axoh0q85,routing reset_seed = 40 k = 6
15299,87901,-28.769824981689453,axoh0q85,routing reset_seed = 40 k = 6
15351,88520,-28.769824981689453,axoh0q85,routing reset_seed = 40 k = 6
15469,88520,-28.324337005615234,axoh0q85,routing reset_seed = 40 k = 6
15521,89230,-28.324337005615234,axoh0q85,routing reset_seed = 40 k = 6
15639,89230,-29.729938507080078,axoh0q85,routing reset_seed = 40 k = 6
15691,89866,-29.729938507080078,axoh0q85,routing reset_seed = 40 k = 6
15809,89866,-28.962685585021973,axoh0q85,routing reset_seed = 40 k = 6
15861,90571,-28.962685585021973,axoh0q85,routing reset_seed = 40 k = 6
15979,90571,-29.25104808807373,axoh0q85,routing reset_seed = 40 k = 6
16031,91285,-29.25104808807373,axoh0q85,routing reset_seed = 40 k = 6
16149,91285,-28.619945526123047,axoh0q85,routing reset_seed = 40 k = 6
16201,91737,-28.619945526123047,axoh0q85,routing reset_seed = 40 k = 6
16319,91737,-29.574376106262207,axoh0q85,routing reset_seed = 40 k = 6
16371,92496,-29.574376106262207,axoh0q85,routing reset_seed = 40 k = 6
16489,92496,-28.43838405609131,axoh0q85,routing reset_seed = 40 k = 6
16541,93259,-28.43838405609131,axoh0q85,routing reset_seed = 40 k = 6
16659,93259,-27.779685974121094,axoh0q85,routing reset_seed = 40 k = 6
16711,93858,-27.779685974121094,axoh0q85,routing reset_seed = 40 k = 6
16829,93858,-29.391470909118652,axoh0q85,routing reset_seed = 40 k = 6
16881,94386,-29.391470909118652,axoh0q85,routing reset_seed = 40 k = 6
16999,94386,-28.2529878616333,axoh0q85,routing reset_seed = 40 k = 6
17051,94841,-28.2529878616333,axoh0q85,routing reset_seed = 40 k = 6
17169,94841,-27.27950096130371,axoh0q85,routing reset_seed = 40 k = 6
17221,95436,-27.27950096130371,axoh0q85,routing reset_seed = 40 k = 6
17339,95436,-28.630603790283203,axoh0q85,routing reset_seed = 40 k = 6
17391,96148,-28.630603790283203,axoh0q85,routing reset_seed = 40 k = 6
17509,96148,-27.437539100646973,axoh0q85,routing reset_seed = 40 k = 6
17561,96727,-27.437539100646973,axoh0q85,routing reset_seed = 40 k = 6
17679,96727,-27.964435577392578,axoh0q85,routing reset_seed = 40 k = 6
17731,97258,-27.964435577392578,axoh0q85,routing reset_seed = 40 k = 6
17849,97258,-28.195137977600098,axoh0q85,routing reset_seed = 40 k = 6
17901,98028,-28.195137977600098,axoh0q85,routing reset_seed = 40 k = 6
18019,98028,-26.929414749145508,axoh0q85,routing reset_seed = 40 k = 6
18071,98764,-26.929414749145508,axoh0q85,routing reset_seed = 40 k = 6
18189,98764,-28.48013210296631,axoh0q85,routing reset_seed = 40 k = 6
18241,99342,-28.48013210296631,axoh0q85,routing reset_seed = 40 k = 6
18359,99342,-27.06270122528076,axoh0q85,routing reset_seed = 40 k = 6
18411,100165,-27.06270122528076,axoh0q85,routing reset_seed = 40 k = 6
18529,100165,-27.146937370300293,axoh0q85,routing reset_seed = 40 k = 6
18581,100860,-27.146937370300293,axoh0q85,routing reset_seed = 40 k = 6
18699,100860,-27.38279438018799,axoh0q85,routing reset_seed = 40 k = 6
18751,101436,-27.38279438018799,axoh0q85,routing reset_seed = 40 k = 6
18869,101436,-27.9312744140625,axoh0q85,routing reset_seed = 40 k = 6
18921,102493,-27.9312744140625,axoh0q85,routing reset_seed = 40 k = 6
19039,102493,-27.5347261428833,axoh0q85,routing reset_seed = 40 k = 6
19091,103244,-27.5347261428833,axoh0q85,routing reset_seed = 40 k = 6
19209,103244,-27.41188907623291,axoh0q85,routing reset_seed = 40 k = 6
19261,103856,-27.41188907623291,axoh0q85,routing reset_seed = 40 k = 6
19379,103856,-26.903857231140137,axoh0q85,routing reset_seed = 40 k = 6
19431,104555,-26.903857231140137,axoh0q85,routing reset_seed = 40 k = 6
19549,104555,-27.014023780822754,axoh0q85,routing reset_seed = 40 k = 6
19601,105160,-27.014023780822754,axoh0q85,routing reset_seed = 40 k = 6
19719,105160,-27.23142147064209,axoh0q85,routing reset_seed = 40 k = 6
19771,105628,-27.23142147064209,axoh0q85,routing reset_seed = 40 k = 6
19889,105628,-27.09130096435547,axoh0q85,routing reset_seed = 40 k = 6
19941,106228,-27.09130096435547,axoh0q85,routing reset_seed = 40 k = 6
20059,106228,-26.258639335632324,axoh0q85,routing reset_seed = 40 k = 6
20111,106724,-26.258639335632324,axoh0q85,routing reset_seed = 40 k = 6
20229,106724,-25.77039909362793,axoh0q85,routing reset_seed = 40 k = 6
20281,107409,-25.77039909362793,axoh0q85,routing reset_seed = 40 k = 6
20399,107409,-26.87729835510254,axoh0q85,routing reset_seed = 40 k = 6
20451,108032,-26.87729835510254,axoh0q85,routing reset_seed = 40 k = 6
20569,108032,-27.30772590637207,axoh0q85,routing reset_seed = 40 k = 6
20621,108797,-27.30772590637207,axoh0q85,routing reset_seed = 40 k = 6
20739,108797,-26.361332893371582,axoh0q85,routing reset_seed = 40 k = 6
20791,109543,-26.361332893371582,axoh0q85,routing reset_seed = 40 k = 6
20909,109543,-26.486003875732422,axoh0q85,routing reset_seed = 40 k = 6
20961,110037,-26.486003875732422,axoh0q85,routing reset_seed = 40 k = 6
21079,110037,-26.00432586669922,axoh0q85,routing reset_seed = 40 k = 6
21131,110532,-26.00432586669922,axoh0q85,routing reset_seed = 40 k = 6
21249,110532,-26.86927318572998,axoh0q85,routing reset_seed = 40 k = 6
21301,111123,-26.86927318572998,axoh0q85,routing reset_seed = 40 k = 6
21419,111123,-25.862773895263672,axoh0q85,routing reset_seed = 40 k = 6
21471,111532,-25.862773895263672,axoh0q85,routing reset_seed = 40 k = 6
21589,111532,-25.82058334350586,axoh0q85,routing reset_seed = 40 k = 6
21641,112041,-25.82058334350586,axoh0q85,routing reset_seed = 40 k = 6
21759,112041,-25.93917465209961,axoh0q85,routing reset_seed = 40 k = 6
21811,112430,-25.93917465209961,axoh0q85,routing reset_seed = 40 k = 6
21929,112430,-26.42773723602295,axoh0q85,routing reset_seed = 40 k = 6
21981,112861,-26.42773723602295,axoh0q85,routing reset_seed = 40 k = 6
22099,112861,-24.778773307800293,axoh0q85,routing reset_seed = 40 k = 6
22151,113318,-24.778773307800293,axoh0q85,routing reset_seed = 40 k = 6
22269,113318,-26.175944328308105,axoh0q85,routing reset_seed = 40 k = 6
22321,114024,-26.175944328308105,axoh0q85,routing reset_seed = 40 k = 6
22439,114024,-26.181394577026367,axoh0q85,routing reset_seed = 40 k = 6
22491,114621,-26.181394577026367,axoh0q85,routing reset_seed = 40 k = 6
22609,114621,-25.50649642944336,axoh0q85,routing reset_seed = 40 k = 6
22661,115279,-25.50649642944336,axoh0q85,routing reset_seed = 40 k = 6
22779,115279,-25.774968147277832,axoh0q85,routing reset_seed = 40 k = 6
22831,115605,-25.774968147277832,axoh0q85,routing reset_seed = 40 k = 6
22949,115605,-25.770180702209473,axoh0q85,routing reset_seed = 40 k = 6
23001,116223,-25.770180702209473,axoh0q85,routing reset_seed = 40 k = 6
23119,116223,-25.635974884033203,axoh0q85,routing reset_seed = 40 k = 6
23171,116671,-25.635974884033203,axoh0q85,routing reset_seed = 40 k = 6
23289,116671,-25.745615005493164,axoh0q85,routing reset_seed = 40 k = 6
23341,117015,-25.745615005493164,axoh0q85,routing reset_seed = 40 k = 6
23459,117015,-25.432215690612793,axoh0q85,routing reset_seed = 40 k = 6
23511,117583,-25.432215690612793,axoh0q85,routing reset_seed = 40 k = 6
23629,117583,-24.807251930236816,axoh0q85,routing reset_seed = 40 k = 6
23681,118095,-24.807251930236816,axoh0q85,routing reset_seed = 40 k = 6
23799,118095,-25.27152729034424,axoh0q85,routing reset_seed = 40 k = 6
23851,118699,-25.27152729034424,axoh0q85,routing reset_seed = 40 k = 6
23969,118699,-25.411559104919434,axoh0q85,routing reset_seed = 40 k = 6
24021,119393,-25.411559104919434,axoh0q85,routing reset_seed = 40 k = 6
24139,119393,-24.95791244506836,axoh0q85,routing reset_seed = 40 k = 6
24191,120066,-24.95791244506836,axoh0q85,routing reset_seed = 40 k = 6
24309,120066,-25.142196655273438,axoh0q85,routing reset_seed = 40 k = 6
24361,120555,-25.142196655273438,axoh0q85,routing reset_seed = 40 k = 6
24479,120555,-25.35250949859619,axoh0q85,routing reset_seed = 40 k = 6
24531,121375,-25.35250949859619,axoh0q85,routing reset_seed = 40 k = 6
24649,121375,-25.149770736694336,axoh0q85,routing reset_seed = 40 k = 6
24701,121702,-25.149770736694336,axoh0q85,routing reset_seed = 40 k = 6
24819,121702,-24.587093353271484,axoh0q85,routing reset_seed = 40 k = 6
24871,122068,-24.587093353271484,axoh0q85,routing reset_seed = 40 k = 6
24989,122068,-24.947587966918945,axoh0q85,routing reset_seed = 40 k = 6
25041,122809,-24.947587966918945,axoh0q85,routing reset_seed = 40 k = 6
25159,122809,-24.958603858947754,axoh0q85,routing reset_seed = 40 k = 6
25211,123375,-24.958603858947754,axoh0q85,routing reset_seed = 40 k = 6
25329,123375,-25.265974044799805,axoh0q85,routing reset_seed = 40 k = 6
25381,123944,-25.265974044799805,axoh0q85,routing reset_seed = 40 k = 6
25499,123944,-24.73641872406006,axoh0q85,routing reset_seed = 40 k = 6
25551,124444,-24.73641872406006,axoh0q85,routing reset_seed = 40 k = 6
25669,124444,-24.82709312438965,axoh0q85,routing reset_seed = 40 k = 6
25721,125202,-24.82709312438965,axoh0q85,routing reset_seed = 40 k = 6
25839,125202,-24.896130561828613,axoh0q85,routing reset_seed = 40 k = 6
25891,125708,-24.896130561828613,axoh0q85,routing reset_seed = 40 k = 6
26009,125708,-24.5215482711792,axoh0q85,routing reset_seed = 40 k = 6
26061,126174,-24.5215482711792,axoh0q85,routing reset_seed = 40 k = 6
26179,126174,-24.76884174346924,axoh0q85,routing reset_seed = 40 k = 6
26231,126656,-24.76884174346924,axoh0q85,routing reset_seed = 40 k = 6
26349,126656,-24.382205963134766,axoh0q85,routing reset_seed = 40 k = 6
26401,127234,-24.382205963134766,axoh0q85,routing reset_seed = 40 k = 6
26519,127234,-24.311772346496582,axoh0q85,routing reset_seed = 40 k = 6
26571,127545,-24.311772346496582,axoh0q85,routing reset_seed = 40 k = 6
26689,127545,-24.71620750427246,axoh0q85,routing reset_seed = 40 k = 6
26741,128148,-24.71620750427246,axoh0q85,routing reset_seed = 40 k = 6
26859,128148,-24.989437103271484,axoh0q85,routing reset_seed = 40 k = 6
26911,128617,-24.989437103271484,axoh0q85,routing reset_seed = 40 k = 6
27029,128617,-24.72646427154541,axoh0q85,routing reset_seed = 40 k = 6
27081,129272,-24.72646427154541,axoh0q85,routing reset_seed = 40 k = 6
27199,129272,-25.10540771484375,axoh0q85,routing reset_seed = 40 k = 6
27251,130008,-25.10540771484375,axoh0q85,routing reset_seed = 40 k = 6
27369,130008,-24.63303852081299,axoh0q85,routing reset_seed = 40 k = 6
27421,130517,-24.63303852081299,axoh0q85,routing reset_seed = 40 k = 6
27539,130517,-24.824148178100586,axoh0q85,routing reset_seed = 40 k = 6
27591,131067,-24.824148178100586,axoh0q85,routing reset_seed = 40 k = 6
27709,131067,-24.740196228027344,axoh0q85,routing reset_seed = 40 k = 6
27761,131884,-24.740196228027344,axoh0q85,routing reset_seed = 40 k = 6
27879,131884,-24.604912757873535,axoh0q85,routing reset_seed = 40 k = 6
27931,132264,-24.604912757873535,axoh0q85,routing reset_seed = 40 k = 6
28049,132264,-24.65071678161621,axoh0q85,routing reset_seed = 40 k = 6
28101,132842,-24.65071678161621,axoh0q85,routing reset_seed = 40 k = 6
28219,132842,-24.80660057067871,axoh0q85,routing reset_seed = 40 k = 6
28271,133235,-24.80660057067871,axoh0q85,routing reset_seed = 40 k = 6
28389,133235,-24.518990516662598,axoh0q85,routing reset_seed = 40 k = 6
28441,133752,-24.518990516662598,axoh0q85,routing reset_seed = 40 k = 6
28559,133752,-24.30235481262207,axoh0q85,routing reset_seed = 40 k = 6
28611,134190,-24.30235481262207,axoh0q85,routing reset_seed = 40 k = 6
28729,134190,-24.426976203918457,axoh0q85,routing reset_seed = 40 k = 6
28781,134636,-24.426976203918457,axoh0q85,routing reset_seed = 40 k = 6
28899,134636,-23.894988536834717,axoh0q85,routing reset_seed = 40 k = 6
28951,135199,-23.894988536834717,axoh0q85,routing reset_seed = 40 k = 6
29069,135199,-24.461889266967773,axoh0q85,routing reset_seed = 40 k = 6
29121,135568,-24.461889266967773,axoh0q85,routing reset_seed = 40 k = 6
29239,135568,-24.52086067199707,axoh0q85,routing reset_seed = 40 k = 6
29291,135968,-24.52086067199707,axoh0q85,routing reset_seed = 40 k = 6
29409,135968,-24.52312469482422,axoh0q85,routing reset_seed = 40 k = 6
29461,136435,-24.52312469482422,axoh0q85,routing reset_seed = 40 k = 6
29579,136435,-24.04268455505371,axoh0q85,routing reset_seed = 40 k = 6
29631,136986,-24.04268455505371,axoh0q85,routing reset_seed = 40 k = 6
29749,136986,-24.716437339782715,axoh0q85,routing reset_seed = 40 k = 6
29801,137647,-24.716437339782715,axoh0q85,routing reset_seed = 40 k = 6
29919,137647,-24.51997184753418,axoh0q85,routing reset_seed = 40 k = 6
29971,138103,-24.51997184753418,axoh0q85,routing reset_seed = 40 k = 6
30089,138103,-24.7175350189209,axoh0q85,routing reset_seed = 40 k = 6
30141,138708,-24.7175350189209,axoh0q85,routing reset_seed = 40 k = 6
30259,138708,-24.71109676361084,axoh0q85,routing reset_seed = 40 k = 6
30311,139246,-24.71109676361084,axoh0q85,routing reset_seed = 40 k = 6
30429,139246,-24.316265106201172,axoh0q85,routing reset_seed = 40 k = 6
30481,139794,-24.316265106201172,axoh0q85,routing reset_seed = 40 k = 6
30599,139794,-23.893842697143555,axoh0q85,routing reset_seed = 40 k = 6
30651,140655,-23.893842697143555,axoh0q85,routing reset_seed = 40 k = 6
30769,140655,-24.386345863342285,axoh0q85,routing reset_seed = 40 k = 6
30821,141431,-24.386345863342285,axoh0q85,routing reset_seed = 40 k = 6
30939,141431,-24.541282653808594,axoh0q85,routing reset_seed = 40 k = 6
30991,142131,-24.541282653808594,axoh0q85,routing reset_seed = 40 k = 6
31109,142131,-24.460537910461426,axoh0q85,routing reset_seed = 40 k = 6
31161,142627,-24.460537910461426,axoh0q85,routing reset_seed = 40 k = 6
31279,142627,-24.348334312438965,axoh0q85,routing reset_seed = 40 k = 6
31331,143310,-24.348334312438965,axoh0q85,routing reset_seed = 40 k = 6
31449,143310,-24.054247856140137,axoh0q85,routing reset_seed = 40 k = 6
31501,143917,-24.054247856140137,axoh0q85,routing reset_seed = 40 k = 6
31619,143917,-24.513090133666992,axoh0q85,routing reset_seed = 40 k = 6
31671,144735,-24.513090133666992,axoh0q85,routing reset_seed = 40 k = 6
31789,144735,-24.229178428649902,axoh0q85,routing reset_seed = 40 k = 6
31841,145632,-24.229178428649902,axoh0q85,routing reset_seed = 40 k = 6
31959,145632,-23.988747596740723,axoh0q85,routing reset_seed = 40 k = 6
32011,146525,-23.988747596740723,axoh0q85,routing reset_seed = 40 k = 6
32129,146525,-24.287797927856445,axoh0q85,routing reset_seed = 40 k = 6
32181,147218,-24.287797927856445,axoh0q85,routing reset_seed = 40 k = 6
32299,147218,-24.034321784973145,axoh0q85,routing reset_seed = 40 k = 6
32351,147979,-24.034321784973145,axoh0q85,routing reset_seed = 40 k = 6
32469,147979,-24.49264430999756,axoh0q85,routing reset_seed = 40 k = 6
32521,148864,-24.49264430999756,axoh0q85,routing reset_seed = 40 k = 6
32639,148864,-24.02743434906006,axoh0q85,routing reset_seed = 40 k = 6
32691,149663,-24.02743434906006,axoh0q85,routing reset_seed = 40 k = 6
32809,149663,-24.36467742919922,axoh0q85,routing reset_seed = 40 k = 6
32861,150574,-24.36467742919922,axoh0q85,routing reset_seed = 40 k = 6
32979,150574,-23.560219287872314,axoh0q85,routing reset_seed = 40 k = 6
33031,151462,-23.560219287872314,axoh0q85,routing reset_seed = 40 k = 6
33149,151462,-24.01462745666504,axoh0q85,routing reset_seed = 40 k = 6
33201,152217,-24.01462745666504,axoh0q85,routing reset_seed = 40 k = 6
33319,152217,-23.840550899505615,axoh0q85,routing reset_seed = 40 k = 6
33371,152809,-23.840550899505615,axoh0q85,routing reset_seed = 40 k = 6
33489,152809,-24.048885345458984,axoh0q85,routing reset_seed = 40 k = 6
33541,153445,-24.048885345458984,axoh0q85,routing reset_seed = 40 k = 6
33659,153445,-24.368855476379395,axoh0q85,routing reset_seed = 40 k = 6
33711,154154,-24.368855476379395,axoh0q85,routing reset_seed = 40 k = 6
33829,154154,-24.06218719482422,axoh0q85,routing reset_seed = 40 k = 6
33881,154938,-24.06218719482422,axoh0q85,routing reset_seed = 40 k = 6
33999,154938,-23.648578643798828,axoh0q85,routing reset_seed = 40 k = 6
51,226,,zcvrnrpi,routing reset_seed = 45 k=6
169,226,-45.41441535949707,zcvrnrpi,routing reset_seed = 45 k=6
221,764,-45.41441535949707,zcvrnrpi,routing reset_seed = 45 k=6
339,764,-51.304338455200195,zcvrnrpi,routing reset_seed = 45 k=6
391,1016,-51.304338455200195,zcvrnrpi,routing reset_seed = 45 k=6
509,1016,-50.985342025756836,zcvrnrpi,routing reset_seed = 45 k=6
561,1150,-50.985342025756836,zcvrnrpi,routing reset_seed = 45 k=6
679,1150,-44.32156562805176,zcvrnrpi,routing reset_seed = 45 k=6
731,1589,-44.32156562805176,zcvrnrpi,routing reset_seed = 45 k=6
849,1589,-40.626383781433105,zcvrnrpi,routing reset_seed = 45 k=6
901,2171,-40.626383781433105,zcvrnrpi,routing reset_seed = 45 k=6
1019,2171,-41.30798149108887,zcvrnrpi,routing reset_seed = 45 k=6
1071,2533,-41.30798149108887,zcvrnrpi,routing reset_seed = 45 k=6
1189,2533,-38.46644115447998,zcvrnrpi,routing reset_seed = 45 k=6
1241,3089,-38.46644115447998,zcvrnrpi,routing reset_seed = 45 k=6
1359,3089,-39.229350090026855,zcvrnrpi,routing reset_seed = 45 k=6
1411,3620,-39.229350090026855,zcvrnrpi,routing reset_seed = 45 k=6
1529,3620,-36.25629997253418,zcvrnrpi,routing reset_seed = 45 k=6
1581,4255,-36.25629997253418,zcvrnrpi,routing reset_seed = 45 k=6
1699,4255,-37.73415565490723,zcvrnrpi,routing reset_seed = 45 k=6
1751,4775,-37.73415565490723,zcvrnrpi,routing reset_seed = 45 k=6
1869,4775,-36.350266456604004,zcvrnrpi,routing reset_seed = 45 k=6
1921,5147,-36.350266456604004,zcvrnrpi,routing reset_seed = 45 k=6
2039,5147,-37.10424613952637,zcvrnrpi,routing reset_seed = 45 k=6
2091,5684,-37.10424613952637,zcvrnrpi,routing reset_seed = 45 k=6
2209,5684,-36.55386543273926,zcvrnrpi,routing reset_seed = 45 k=6
2261,6272,-36.55386543273926,zcvrnrpi,routing reset_seed = 45 k=6
2379,6272,-36.56234359741211,zcvrnrpi,routing reset_seed = 45 k=6
2431,6755,-36.56234359741211,zcvrnrpi,routing reset_seed = 45 k=6
2549,6755,-36.81122970581055,zcvrnrpi,routing reset_seed = 45 k=6
2601,7126,-36.81122970581055,zcvrnrpi,routing reset_seed = 45 k=6
2719,7126,-36.711575508117676,zcvrnrpi,routing reset_seed = 45 k=6
2771,7885,-36.711575508117676,zcvrnrpi,routing reset_seed = 45 k=6
2889,7885,-36.177491188049316,zcvrnrpi,routing reset_seed = 45 k=6
2941,8718,-36.177491188049316,zcvrnrpi,routing reset_seed = 45 k=6
3059,8718,-36.04034614562988,zcvrnrpi,routing reset_seed = 45 k=6
3111,9144,-36.04034614562988,zcvrnrpi,routing reset_seed = 45 k=6
3229,9144,-36.89122295379639,zcvrnrpi,routing reset_seed = 45 k=6
3281,9639,-36.89122295379639,zcvrnrpi,routing reset_seed = 45 k=6
3399,9639,-35.8848762512207,zcvrnrpi,routing reset_seed = 45 k=6
3451,10736,-35.8848762512207,zcvrnrpi,routing reset_seed = 45 k=6
3569,10736,-36.15247631072998,zcvrnrpi,routing reset_seed = 45 k=6
3621,11094,-36.15247631072998,zcvrnrpi,routing reset_seed = 45 k=6
3739,11094,-34.87145709991455,zcvrnrpi,routing reset_seed = 45 k=6
3791,11809,-34.87145709991455,zcvrnrpi,routing reset_seed = 45 k=6
3909,11809,-35.106008529663086,zcvrnrpi,routing reset_seed = 45 k=6
3961,12396,-35.106008529663086,zcvrnrpi,routing reset_seed = 45 k=6
4079,12396,-35.43324279785156,zcvrnrpi,routing reset_seed = 45 k=6
4131,13030,-35.43324279785156,zcvrnrpi,routing reset_seed = 45 k=6
4249,13030,-35.8524169921875,zcvrnrpi,routing reset_seed = 45 k=6
4301,13437,-35.8524169921875,zcvrnrpi,routing reset_seed = 45 k=6
4419,13437,-34.43654155731201,zcvrnrpi,routing reset_seed = 45 k=6
4471,13772,-34.43654155731201,zcvrnrpi,routing reset_seed = 45 k=6
4589,13772,-34.087889671325684,zcvrnrpi,routing reset_seed = 45 k=6
4641,14375,-34.087889671325684,zcvrnrpi,routing reset_seed = 45 k=6
4759,14375,-34.61166477203369,zcvrnrpi,routing reset_seed = 45 k=6
4811,14999,-34.61166477203369,zcvrnrpi,routing reset_seed = 45 k=6
4929,14999,-32.92192077636719,zcvrnrpi,routing reset_seed = 45 k=6
4981,15894,-32.92192077636719,zcvrnrpi,routing reset_seed = 45 k=6
5099,15894,-34.82784938812256,zcvrnrpi,routing reset_seed = 45 k=6
5151,16363,-34.82784938812256,zcvrnrpi,routing reset_seed = 45 k=6
5269,16363,-34.38005828857422,zcvrnrpi,routing reset_seed = 45 k=6
5321,17255,-34.38005828857422,zcvrnrpi,routing reset_seed = 45 k=6
5439,17255,-33.739593505859375,zcvrnrpi,routing reset_seed = 45 k=6
5491,18515,-33.739593505859375,zcvrnrpi,routing reset_seed = 45 k=6
5609,18515,-33.40902137756348,zcvrnrpi,routing reset_seed = 45 k=6
5661,19214,-33.40902137756348,zcvrnrpi,routing reset_seed = 45 k=6
5779,19214,-32.69051265716553,zcvrnrpi,routing reset_seed = 45 k=6
5831,19583,-32.69051265716553,zcvrnrpi,routing reset_seed = 45 k=6
5949,19583,-32.86263179779053,zcvrnrpi,routing reset_seed = 45 k=6
6001,20308,-32.86263179779053,zcvrnrpi,routing reset_seed = 45 k=6
6119,20308,-33.49103546142578,zcvrnrpi,routing reset_seed = 45 k=6
6171,20777,-33.49103546142578,zcvrnrpi,routing reset_seed = 45 k=6
6289,20777,-32.28364944458008,zcvrnrpi,routing reset_seed = 45 k=6
6341,21271,-32.28364944458008,zcvrnrpi,routing reset_seed = 45 k=6
6459,21271,-33.06534767150879,zcvrnrpi,routing reset_seed = 45 k=6
6511,21939,-33.06534767150879,zcvrnrpi,routing reset_seed = 45 k=6
6629,21939,-32.79183578491211,zcvrnrpi,routing reset_seed = 45 k=6
6681,22663,-32.79183578491211,zcvrnrpi,routing reset_seed = 45 k=6
6799,22663,-32.026527404785156,zcvrnrpi,routing reset_seed = 45 k=6
6851,23193,-32.026527404785156,zcvrnrpi,routing reset_seed = 45 k=6
6969,23193,-33.61419868469238,zcvrnrpi,routing reset_seed = 45 k=6
7021,23736,-33.61419868469238,zcvrnrpi,routing reset_seed = 45 k=6
7139,23736,-31.79457664489746,zcvrnrpi,routing reset_seed = 45 k=6
7191,24591,-31.79457664489746,zcvrnrpi,routing reset_seed = 45 k=6
7309,24591,-32.200069427490234,zcvrnrpi,routing reset_seed = 45 k=6
7361,25307,-32.200069427490234,zcvrnrpi,routing reset_seed = 45 k=6
7479,25307,-32.62182331085205,zcvrnrpi,routing reset_seed = 45 k=6
7531,26069,-32.62182331085205,zcvrnrpi,routing reset_seed = 45 k=6
7649,26069,-32.575056076049805,zcvrnrpi,routing reset_seed = 45 k=6
7701,26649,-32.575056076049805,zcvrnrpi,routing reset_seed = 45 k=6
7819,26649,-32.96311950683594,zcvrnrpi,routing reset_seed = 45 k=6
7871,27312,-32.96311950683594,zcvrnrpi,routing reset_seed = 45 k=6
7989,27312,-32.900136947631836,zcvrnrpi,routing reset_seed = 45 k=6
8041,27768,-32.900136947631836,zcvrnrpi,routing reset_seed = 45 k=6
8159,27768,-32.71219825744629,zcvrnrpi,routing reset_seed = 45 k=6
8211,28584,-32.71219825744629,zcvrnrpi,routing reset_seed = 45 k=6
8329,28584,-33.277159690856934,zcvrnrpi,routing reset_seed = 45 k=6
8381,29208,-33.277159690856934,zcvrnrpi,routing reset_seed = 45 k=6
8499,29208,-33.77385425567627,zcvrnrpi,routing reset_seed = 45 k=6
8551,30080,-33.77385425567627,zcvrnrpi,routing reset_seed = 45 k=6
8669,30080,-32.39462757110596,zcvrnrpi,routing reset_seed = 45 k=6
8721,30645,-32.39462757110596,zcvrnrpi,routing reset_seed = 45 k=6
8839,30645,-33.12668228149414,zcvrnrpi,routing reset_seed = 45 k=6
8891,31350,-33.12668228149414,zcvrnrpi,routing reset_seed = 45 k=6
9009,31350,-33.78974533081055,zcvrnrpi,routing reset_seed = 45 k=6
9061,31968,-33.78974533081055,zcvrnrpi,routing reset_seed = 45 k=6
9179,31968,-32.9100456237793,zcvrnrpi,routing reset_seed = 45 k=6
9231,32812,-32.9100456237793,zcvrnrpi,routing reset_seed = 45 k=6
9349,32812,-32.24560260772705,zcvrnrpi,routing reset_seed = 45 k=6
9401,33338,-32.24560260772705,zcvrnrpi,routing reset_seed = 45 k=6
9519,33338,-32.43209648132324,zcvrnrpi,routing reset_seed = 45 k=6
9571,34115,-32.43209648132324,zcvrnrpi,routing reset_seed = 45 k=6
9689,34115,-34.76508140563965,zcvrnrpi,routing reset_seed = 45 k=6
9741,34824,-34.76508140563965,zcvrnrpi,routing reset_seed = 45 k=6
9859,34824,-34.19217300415039,zcvrnrpi,routing reset_seed = 45 k=6
9911,35352,-34.19217300415039,zcvrnrpi,routing reset_seed = 45 k=6
10029,35352,-33.640374183654785,zcvrnrpi,routing reset_seed = 45 k=6
10081,35756,-33.640374183654785,zcvrnrpi,routing reset_seed = 45 k=6
10199,35756,-33.82071018218994,zcvrnrpi,routing reset_seed = 45 k=6
10251,36319,-33.82071018218994,zcvrnrpi,routing reset_seed = 45 k=6
10369,36319,-32.70402812957764,zcvrnrpi,routing reset_seed = 45 k=6
10421,36964,-32.70402812957764,zcvrnrpi,routing reset_seed = 45 k=6
10539,36964,-34.23890209197998,zcvrnrpi,routing reset_seed = 45 k=6
10591,37520,-34.23890209197998,zcvrnrpi,routing reset_seed = 45 k=6
10709,37520,-32.87344837188721,zcvrnrpi,routing reset_seed = 45 k=6
10761,38072,-32.87344837188721,zcvrnrpi,routing reset_seed = 45 k=6
10879,38072,-33.24529266357422,zcvrnrpi,routing reset_seed = 45 k=6
10931,38831,-33.24529266357422,zcvrnrpi,routing reset_seed = 45 k=6
11049,38831,-31.156169891357422,zcvrnrpi,routing reset_seed = 45 k=6
11101,39239,-31.156169891357422,zcvrnrpi,routing reset_seed = 45 k=6
11219,39239,-30.8828182220459,zcvrnrpi,routing reset_seed = 45 k=6
11271,39736,-30.8828182220459,zcvrnrpi,routing reset_seed = 45 k=6
11389,39736,-30.636510848999023,zcvrnrpi,routing reset_seed = 45 k=6
11441,40299,-30.636510848999023,zcvrnrpi,routing reset_seed = 45 k=6
11559,40299,-32.62548065185547,zcvrnrpi,routing reset_seed = 45 k=6
11611,40624,-32.62548065185547,zcvrnrpi,routing reset_seed = 45 k=6
11729,40624,-31.498746871948242,zcvrnrpi,routing reset_seed = 45 k=6
11781,40995,-31.498746871948242,zcvrnrpi,routing reset_seed = 45 k=6
11899,40995,-30.786874771118164,zcvrnrpi,routing reset_seed = 45 k=6
11951,41541,-30.786874771118164,zcvrnrpi,routing reset_seed = 45 k=6
12069,41541,-31.01515007019043,zcvrnrpi,routing reset_seed = 45 k=6
12121,41893,-31.01515007019043,zcvrnrpi,routing reset_seed = 45 k=6
12239,41893,-30.909186363220215,zcvrnrpi,routing reset_seed = 45 k=6
12291,42476,-30.909186363220215,zcvrnrpi,routing reset_seed = 45 k=6
12409,42476,-31.39696216583252,zcvrnrpi,routing reset_seed = 45 k=6
12461,43110,-31.39696216583252,zcvrnrpi,routing reset_seed = 45 k=6
12579,43110,-31.449000358581543,zcvrnrpi,routing reset_seed = 45 k=6
12631,43793,-31.449000358581543,zcvrnrpi,routing reset_seed = 45 k=6
12749,43793,-30.189964294433594,zcvrnrpi,routing reset_seed = 45 k=6
12801,44306,-30.189964294433594,zcvrnrpi,routing reset_seed = 45 k=6
12919,44306,-30.392671585083008,zcvrnrpi,routing reset_seed = 45 k=6
12971,44849,-30.392671585083008,zcvrnrpi,routing reset_seed = 45 k=6
13089,44849,-31.31462287902832,zcvrnrpi,routing reset_seed = 45 k=6
13141,45214,-31.31462287902832,zcvrnrpi,routing reset_seed = 45 k=6
13259,45214,-31.153329849243164,zcvrnrpi,routing reset_seed = 45 k=6
13311,45848,-31.153329849243164,zcvrnrpi,routing reset_seed = 45 k=6
13429,45848,-30.6459903717041,zcvrnrpi,routing reset_seed = 45 k=6
13481,46473,-30.6459903717041,zcvrnrpi,routing reset_seed = 45 k=6
13599,46473,-30.411707878112793,zcvrnrpi,routing reset_seed = 45 k=6
13651,47081,-30.411707878112793,zcvrnrpi,routing reset_seed = 45 k=6
13769,47081,-29.803751945495605,zcvrnrpi,routing reset_seed = 45 k=6
13821,47465,-29.803751945495605,zcvrnrpi,routing reset_seed = 45 k=6
13939,47465,-31.202242851257324,zcvrnrpi,routing reset_seed = 45 k=6
13991,47933,-31.202242851257324,zcvrnrpi,routing reset_seed = 45 k=6
14109,47933,-30.288315773010254,zcvrnrpi,routing reset_seed = 45 k=6
14161,48428,-30.288315773010254,zcvrnrpi,routing reset_seed = 45 k=6
14279,48428,-30.281814575195312,zcvrnrpi,routing reset_seed = 45 k=6
14331,49019,-30.281814575195312,zcvrnrpi,routing reset_seed = 45 k=6
14449,49019,-29.932674407958984,zcvrnrpi,routing reset_seed = 45 k=6
14501,49603,-29.932674407958984,zcvrnrpi,routing reset_seed = 45 k=6
14619,49603,-29.70968246459961,zcvrnrpi,routing reset_seed = 45 k=6
14671,50045,-29.70968246459961,zcvrnrpi,routing reset_seed = 45 k=6
14789,50045,-30.85946559906006,zcvrnrpi,routing reset_seed = 45 k=6
14841,50516,-30.85946559906006,zcvrnrpi,routing reset_seed = 45 k=6
14959,50516,-29.397258758544922,zcvrnrpi,routing reset_seed = 45 k=6
15011,51086,-29.397258758544922,zcvrnrpi,routing reset_seed = 45 k=6
15129,51086,-30.264307975769043,zcvrnrpi,routing reset_seed = 45 k=6
15181,51570,-30.264307975769043,zcvrnrpi,routing reset_seed = 45 k=6
15299,51570,-28.6481351852417,zcvrnrpi,routing reset_seed = 45 k=6
15351,52061,-28.6481351852417,zcvrnrpi,routing reset_seed = 45 k=6
15469,52061,-29.104328155517578,zcvrnrpi,routing reset_seed = 45 k=6
15521,52603,-29.104328155517578,zcvrnrpi,routing reset_seed = 45 k=6
15639,52603,-29.163991928100586,zcvrnrpi,routing reset_seed = 45 k=6
15691,52844,-29.163991928100586,zcvrnrpi,routing reset_seed = 45 k=6
15809,52844,-29.78082847595215,zcvrnrpi,routing reset_seed = 45 k=6
15861,53248,-29.78082847595215,zcvrnrpi,routing reset_seed = 45 k=6
15979,53248,-29.748441696166992,zcvrnrpi,routing reset_seed = 45 k=6
16031,53729,-29.748441696166992,zcvrnrpi,routing reset_seed = 45 k=6
16149,53729,-29.058714866638184,zcvrnrpi,routing reset_seed = 45 k=6
16201,54106,-29.058714866638184,zcvrnrpi,routing reset_seed = 45 k=6
16319,54106,-29.12497615814209,zcvrnrpi,routing reset_seed = 45 k=6
16371,54472,-29.12497615814209,zcvrnrpi,routing reset_seed = 45 k=6
16489,54472,-28.972479820251465,zcvrnrpi,routing reset_seed = 45 k=6
16541,54999,-28.972479820251465,zcvrnrpi,routing reset_seed = 45 k=6
16659,54999,-28.36249828338623,zcvrnrpi,routing reset_seed = 45 k=6
16711,55430,-28.36249828338623,zcvrnrpi,routing reset_seed = 45 k=6
16829,55430,-28.501243591308594,zcvrnrpi,routing reset_seed = 45 k=6
16881,55613,-28.501243591308594,zcvrnrpi,routing reset_seed = 45 k=6
16999,55613,-29.03899574279785,zcvrnrpi,routing reset_seed = 45 k=6
17051,55991,-29.03899574279785,zcvrnrpi,routing reset_seed = 45 k=6
17169,55991,-28.48465061187744,zcvrnrpi,routing reset_seed = 45 k=6
17221,56452,-28.48465061187744,zcvrnrpi,routing reset_seed = 45 k=6
17339,56452,-28.745201110839844,zcvrnrpi,routing reset_seed = 45 k=6
17391,56796,-28.745201110839844,zcvrnrpi,routing reset_seed = 45 k=6
17509,56796,-29.33835792541504,zcvrnrpi,routing reset_seed = 45 k=6
17561,57176,-29.33835792541504,zcvrnrpi,routing reset_seed = 45 k=6
17679,57176,-29.01282501220703,zcvrnrpi,routing reset_seed = 45 k=6
17731,57465,-29.01282501220703,zcvrnrpi,routing reset_seed = 45 k=6
17849,57465,-28.854873657226562,zcvrnrpi,routing reset_seed = 45 k=6
17901,57899,-28.854873657226562,zcvrnrpi,routing reset_seed = 45 k=6
18019,57899,-29.040624618530273,zcvrnrpi,routing reset_seed = 45 k=6
18071,58267,-29.040624618530273,zcvrnrpi,routing reset_seed = 45 k=6
18189,58267,-28.840778350830078,zcvrnrpi,routing reset_seed = 45 k=6
18241,58671,-28.840778350830078,zcvrnrpi,routing reset_seed = 45 k=6
18359,58671,-28.616137504577637,zcvrnrpi,routing reset_seed = 45 k=6
18411,59041,-28.616137504577637,zcvrnrpi,routing reset_seed = 45 k=6
18529,59041,-28.392586708068848,zcvrnrpi,routing reset_seed = 45 k=6
18581,59470,-28.392586708068848,zcvrnrpi,routing reset_seed = 45 k=6
18699,59470,-28.26418685913086,zcvrnrpi,routing reset_seed = 45 k=6
18751,60166,-28.26418685913086,zcvrnrpi,routing reset_seed = 45 k=6
18869,60166,-28.468565940856934,zcvrnrpi,routing reset_seed = 45 k=6
18921,60530,-28.468565940856934,zcvrnrpi,routing reset_seed = 45 k=6
19039,60530,-28.140411376953125,zcvrnrpi,routing reset_seed = 45 k=6
19091,61006,-28.140411376953125,zcvrnrpi,routing reset_seed = 45 k=6
19209,61006,-28.141244888305664,zcvrnrpi,routing reset_seed = 45 k=6
19261,61299,-28.141244888305664,zcvrnrpi,routing reset_seed = 45 k=6
19379,61299,-28.736945152282715,zcvrnrpi,routing reset_seed = 45 k=6
19431,61707,-28.736945152282715,zcvrnrpi,routing reset_seed = 45 k=6
19549,61707,-28.246275901794434,zcvrnrpi,routing reset_seed = 45 k=6
19601,62165,-28.246275901794434,zcvrnrpi,routing reset_seed = 45 k=6
19719,62165,-28.727795600891113,zcvrnrpi,routing reset_seed = 45 k=6
19771,62498,-28.727795600891113,zcvrnrpi,routing reset_seed = 45 k=6
19889,62498,-28.440150260925293,zcvrnrpi,routing reset_seed = 45 k=6
19941,62788,-28.440150260925293,zcvrnrpi,routing reset_seed = 45 k=6
20059,62788,-28.35930347442627,zcvrnrpi,routing reset_seed = 45 k=6
20111,63071,-28.35930347442627,zcvrnrpi,routing reset_seed = 45 k=6
20229,63071,-28.097121238708496,zcvrnrpi,routing reset_seed = 45 k=6
20281,63487,-28.097121238708496,zcvrnrpi,routing reset_seed = 45 k=6
20399,63487,-27.596930503845215,zcvrnrpi,routing reset_seed = 45 k=6
20451,63953,-27.596930503845215,zcvrnrpi,routing reset_seed = 45 k=6
20569,63953,-28.48157787322998,zcvrnrpi,routing reset_seed = 45 k=6
20621,64361,-28.48157787322998,zcvrnrpi,routing reset_seed = 45 k=6
20739,64361,-27.827967643737793,zcvrnrpi,routing reset_seed = 45 k=6
20791,64787,-27.827967643737793,zcvrnrpi,routing reset_seed = 45 k=6
20909,64787,-28.041576385498047,zcvrnrpi,routing reset_seed = 45 k=6
20961,65107,-28.041576385498047,zcvrnrpi,routing reset_seed = 45 k=6
21079,65107,-28.09902000427246,zcvrnrpi,routing reset_seed = 45 k=6
21131,65663,-28.09902000427246,zcvrnrpi,routing reset_seed = 45 k=6
21249,65663,-28.07598304748535,zcvrnrpi,routing reset_seed = 45 k=6
21301,66072,-28.07598304748535,zcvrnrpi,routing reset_seed = 45 k=6
21419,66072,-27.4996280670166,zcvrnrpi,routing reset_seed = 45 k=6
21471,66332,-27.4996280670166,zcvrnrpi,routing reset_seed = 45 k=6
21589,66332,-27.63469123840332,zcvrnrpi,routing reset_seed = 45 k=6
21641,66637,-27.63469123840332,zcvrnrpi,routing reset_seed = 45 k=6
21759,66637,-28.425284385681152,zcvrnrpi,routing reset_seed = 45 k=6
21811,67044,-28.425284385681152,zcvrnrpi,routing reset_seed = 45 k=6
21929,67044,-28.154732704162598,zcvrnrpi,routing reset_seed = 45 k=6
21981,67406,-28.154732704162598,zcvrnrpi,routing reset_seed = 45 k=6
22099,67406,-27.6864070892334,zcvrnrpi,routing reset_seed = 45 k=6
22151,68080,-27.6864070892334,zcvrnrpi,routing reset_seed = 45 k=6
22269,68080,-27.528820991516113,zcvrnrpi,routing reset_seed = 45 k=6
22321,68590,-27.528820991516113,zcvrnrpi,routing reset_seed = 45 k=6
22439,68590,-27.22321605682373,zcvrnrpi,routing reset_seed = 45 k=6
22491,69001,-27.22321605682373,zcvrnrpi,routing reset_seed = 45 k=6
22609,69001,-27.5703125,zcvrnrpi,routing reset_seed = 45 k=6
22661,69345,-27.5703125,zcvrnrpi,routing reset_seed = 45 k=6
22779,69345,-27.9636812210083,zcvrnrpi,routing reset_seed = 45 k=6
22831,69742,-27.9636812210083,zcvrnrpi,routing reset_seed = 45 k=6
22949,69742,-27.933820724487305,zcvrnrpi,routing reset_seed = 45 k=6
23001,70094,-27.933820724487305,zcvrnrpi,routing reset_seed = 45 k=6
23119,70094,-27.47822666168213,zcvrnrpi,routing reset_seed = 45 k=6
23171,70348,-27.47822666168213,zcvrnrpi,routing reset_seed = 45 k=6
23289,70348,-27.81165313720703,zcvrnrpi,routing reset_seed = 45 k=6
23341,70702,-27.81165313720703,zcvrnrpi,routing reset_seed = 45 k=6
23459,70702,-27.916922569274902,zcvrnrpi,routing reset_seed = 45 k=6
23511,71254,-27.916922569274902,zcvrnrpi,routing reset_seed = 45 k=6
23629,71254,-27.089701652526855,zcvrnrpi,routing reset_seed = 45 k=6
23681,71597,-27.089701652526855,zcvrnrpi,routing reset_seed = 45 k=6
23799,71597,-27.280768394470215,zcvrnrpi,routing reset_seed = 45 k=6
23851,72040,-27.280768394470215,zcvrnrpi,routing reset_seed = 45 k=6
23969,72040,-27.069172859191895,zcvrnrpi,routing reset_seed = 45 k=6
24021,72580,-27.069172859191895,zcvrnrpi,routing reset_seed = 45 k=6
24139,72580,-28.199474334716797,zcvrnrpi,routing reset_seed = 45 k=6
24191,72957,-28.199474334716797,zcvrnrpi,routing reset_seed = 45 k=6
24309,72957,-27.44952392578125,zcvrnrpi,routing reset_seed = 45 k=6
24361,73279,-27.44952392578125,zcvrnrpi,routing reset_seed = 45 k=6
24479,73279,-27.648656845092773,zcvrnrpi,routing reset_seed = 45 k=6
24531,73575,-27.648656845092773,zcvrnrpi,routing reset_seed = 45 k=6
24649,73575,-27.38466167449951,zcvrnrpi,routing reset_seed = 45 k=6
24701,73893,-27.38466167449951,zcvrnrpi,routing reset_seed = 45 k=6
24819,73893,-27.067204475402832,zcvrnrpi,routing reset_seed = 45 k=6
24871,74252,-27.067204475402832,zcvrnrpi,routing reset_seed = 45 k=6
24989,74252,-27.182679176330566,zcvrnrpi,routing reset_seed = 45 k=6
25041,74649,-27.182679176330566,zcvrnrpi,routing reset_seed = 45 k=6
25159,74649,-27.669413566589355,zcvrnrpi,routing reset_seed = 45 k=6
25211,75180,-27.669413566589355,zcvrnrpi,routing reset_seed = 45 k=6
25329,75180,-27.341660499572754,zcvrnrpi,routing reset_seed = 45 k=6
25381,75582,-27.341660499572754,zcvrnrpi,routing reset_seed = 45 k=6
25499,75582,-27.600788116455078,zcvrnrpi,routing reset_seed = 45 k=6
25551,75915,-27.600788116455078,zcvrnrpi,routing reset_seed = 45 k=6
25669,75915,-27.215869903564453,zcvrnrpi,routing reset_seed = 45 k=6
25721,76263,-27.215869903564453,zcvrnrpi,routing reset_seed = 45 k=6
25839,76263,-27.82296848297119,zcvrnrpi,routing reset_seed = 45 k=6
25891,76658,-27.82296848297119,zcvrnrpi,routing reset_seed = 45 k=6
26009,76658,-26.843387603759766,zcvrnrpi,routing reset_seed = 45 k=6
26061,77040,-26.843387603759766,zcvrnrpi,routing reset_seed = 45 k=6
26179,77040,-27.197952270507812,zcvrnrpi,routing reset_seed = 45 k=6
26231,77367,-27.197952270507812,zcvrnrpi,routing reset_seed = 45 k=6
26349,77367,-26.955647468566895,zcvrnrpi,routing reset_seed = 45 k=6
26401,77789,-26.955647468566895,zcvrnrpi,routing reset_seed = 45 k=6
26519,77789,-27.391982078552246,zcvrnrpi,routing reset_seed = 45 k=6
26571,78275,-27.391982078552246,zcvrnrpi,routing reset_seed = 45 k=6
26689,78275,-27.0932035446167,zcvrnrpi,routing reset_seed = 45 k=6
26741,78565,-27.0932035446167,zcvrnrpi,routing reset_seed = 45 k=6
26859,78565,-27.388748168945312,zcvrnrpi,routing reset_seed = 45 k=6
26911,79096,-27.388748168945312,zcvrnrpi,routing reset_seed = 45 k=6
27029,79096,-27.354758262634277,zcvrnrpi,routing reset_seed = 45 k=6
27081,79702,-27.354758262634277,zcvrnrpi,routing reset_seed = 45 k=6
27199,79702,-27.292210578918457,zcvrnrpi,routing reset_seed = 45 k=6
27251,80210,-27.292210578918457,zcvrnrpi,routing reset_seed = 45 k=6
27369,80210,-27.062612533569336,zcvrnrpi,routing reset_seed = 45 k=6
27421,80682,-27.062612533569336,zcvrnrpi,routing reset_seed = 45 k=6
27539,80682,-26.949667930603027,zcvrnrpi,routing reset_seed = 45 k=6
27591,81051,-26.949667930603027,zcvrnrpi,routing reset_seed = 45 k=6
27709,81051,-27.034786224365234,zcvrnrpi,routing reset_seed = 45 k=6
27761,81614,-27.034786224365234,zcvrnrpi,routing reset_seed = 45 k=6
27879,81614,-26.0971622467041,zcvrnrpi,routing reset_seed = 45 k=6
27931,82193,-26.0971622467041,zcvrnrpi,routing reset_seed = 45 k=6
28049,82193,-26.252799034118652,zcvrnrpi,routing reset_seed = 45 k=6
28101,82667,-26.252799034118652,zcvrnrpi,routing reset_seed = 45 k=6
28219,82667,-26.19932270050049,zcvrnrpi,routing reset_seed = 45 k=6
28271,82919,-26.19932270050049,zcvrnrpi,routing reset_seed = 45 k=6
28389,82919,-27.248226165771484,zcvrnrpi,routing reset_seed = 45 k=6
28441,83348,-27.248226165771484,zcvrnrpi,routing reset_seed = 45 k=6
28559,83348,-26.693955421447754,zcvrnrpi,routing reset_seed = 45 k=6
28611,83860,-26.693955421447754,zcvrnrpi,routing reset_seed = 45 k=6
28729,83860,-25.953837394714355,zcvrnrpi,routing reset_seed = 45 k=6
28781,84203,-25.953837394714355,zcvrnrpi,routing reset_seed = 45 k=6
28899,84203,-25.97109889984131,zcvrnrpi,routing reset_seed = 45 k=6
28951,84639,-25.97109889984131,zcvrnrpi,routing reset_seed = 45 k=6
29069,84639,-26.399076461791992,zcvrnrpi,routing reset_seed = 45 k=6
29121,85051,-26.399076461791992,zcvrnrpi,routing reset_seed = 45 k=6
29239,85051,-26.43232250213623,zcvrnrpi,routing reset_seed = 45 k=6
29291,85568,-26.43232250213623,zcvrnrpi,routing reset_seed = 45 k=6
29409,85568,-25.939674377441406,zcvrnrpi,routing reset_seed = 45 k=6
29461,86118,-25.939674377441406,zcvrnrpi,routing reset_seed = 45 k=6
29579,86118,-25.942444801330566,zcvrnrpi,routing reset_seed = 45 k=6
29631,86704,-25.942444801330566,zcvrnrpi,routing reset_seed = 45 k=6
29749,86704,-25.803150177001953,zcvrnrpi,routing reset_seed = 45 k=6
29801,87305,-25.803150177001953,zcvrnrpi,routing reset_seed = 45 k=6
29919,87305,-26.96957492828369,zcvrnrpi,routing reset_seed = 45 k=6
29971,87824,-26.96957492828369,zcvrnrpi,routing reset_seed = 45 k=6
30089,87824,-25.99442768096924,zcvrnrpi,routing reset_seed = 45 k=6
30141,88186,-25.99442768096924,zcvrnrpi,routing reset_seed = 45 k=6
30259,88186,-26.581552505493164,zcvrnrpi,routing reset_seed = 45 k=6
30311,88620,-26.581552505493164,zcvrnrpi,routing reset_seed = 45 k=6
30429,88620,-25.84380531311035,zcvrnrpi,routing reset_seed = 45 k=6
30481,89004,-25.84380531311035,zcvrnrpi,routing reset_seed = 45 k=6
30599,89004,-26.72328281402588,zcvrnrpi,routing reset_seed = 45 k=6
30651,89367,-26.72328281402588,zcvrnrpi,routing reset_seed = 45 k=6
30769,89367,-26.30349349975586,zcvrnrpi,routing reset_seed = 45 k=6
30821,89798,-26.30349349975586,zcvrnrpi,routing reset_seed = 45 k=6
30939,89798,-26.53986930847168,zcvrnrpi,routing reset_seed = 45 k=6
30991,90333,-26.53986930847168,zcvrnrpi,routing reset_seed = 45 k=6
31109,90333,-25.969355583190918,zcvrnrpi,routing reset_seed = 45 k=6
31161,90813,-25.969355583190918,zcvrnrpi,routing reset_seed = 45 k=6
31279,90813,-26.075451850891113,zcvrnrpi,routing reset_seed = 45 k=6
31331,91273,-26.075451850891113,zcvrnrpi,routing reset_seed = 45 k=6
31449,91273,-26.3341703414917,zcvrnrpi,routing reset_seed = 45 k=6
31501,91647,-26.3341703414917,zcvrnrpi,routing reset_seed = 45 k=6
31619,91647,-25.980406761169434,zcvrnrpi,routing reset_seed = 45 k=6
31671,92294,-25.980406761169434,zcvrnrpi,routing reset_seed = 45 k=6
31789,92294,-26.265396118164062,zcvrnrpi,routing reset_seed = 45 k=6
31841,92803,-26.265396118164062,zcvrnrpi,routing reset_seed = 45 k=6
31959,92803,-26.565913200378418,zcvrnrpi,routing reset_seed = 45 k=6
32011,93458,-26.565913200378418,zcvrnrpi,routing reset_seed = 45 k=6
32129,93458,-25.885604858398438,zcvrnrpi,routing reset_seed = 45 k=6
32181,93898,-25.885604858398438,zcvrnrpi,routing reset_seed = 45 k=6
32299,93898,-26.16988754272461,zcvrnrpi,routing reset_seed = 45 k=6
32351,94487,-26.16988754272461,zcvrnrpi,routing reset_seed = 45 k=6
32469,94487,-26.188368797302246,zcvrnrpi,routing reset_seed = 45 k=6
32521,95009,-26.188368797302246,zcvrnrpi,routing reset_seed = 45 k=6
32639,95009,-26.322068214416504,zcvrnrpi,routing reset_seed = 45 k=6
32691,95593,-26.322068214416504,zcvrnrpi,routing reset_seed = 45 k=6
32809,95593,-26.267460823059082,zcvrnrpi,routing reset_seed = 45 k=6
32861,96352,-26.267460823059082,zcvrnrpi,routing reset_seed = 45 k=6
32979,96352,-26.100741386413574,zcvrnrpi,routing reset_seed = 45 k=6
33031,96890,-26.100741386413574,zcvrnrpi,routing reset_seed = 45 k=6
33149,96890,-26.19411563873291,zcvrnrpi,routing reset_seed = 45 k=6
33201,97560,-26.19411563873291,zcvrnrpi,routing reset_seed = 45 k=6
33319,97560,-25.919904708862305,zcvrnrpi,routing reset_seed = 45 k=6
33371,98011,-25.919904708862305,zcvrnrpi,routing reset_seed = 45 k=6
33489,98011,-26.1767578125,zcvrnrpi,routing reset_seed = 45 k=6
33541,98649,-26.1767578125,zcvrnrpi,routing reset_seed = 45 k=6
33659,98649,-26.06893825531006,zcvrnrpi,routing reset_seed = 45 k=6
33711,99154,-26.06893825531006,zcvrnrpi,routing reset_seed = 45 k=6
33829,99154,-25.931340217590332,zcvrnrpi,routing reset_seed = 45 k=6
33881,99656,-25.931340217590332,zcvrnrpi,routing reset_seed = 45 k=6
33999,99656,-26.007616996765137,zcvrnrpi,routing reset_seed = 45 k=6
51,395,,ybposc5q,env_reset=50 uncertainty k=6
170,395,-33.88609313964844,ybposc5q,env_reset=50 uncertainty k=6
222,694,-33.88609313964844,ybposc5q,env_reset=50 uncertainty k=6
341,694,-35.01264667510986,ybposc5q,env_reset=50 uncertainty k=6
393,1033,-35.01264667510986,ybposc5q,env_reset=50 uncertainty k=6
512,1033,-39.936625480651855,ybposc5q,env_reset=50 uncertainty k=6
564,1879,-39.936625480651855,ybposc5q,env_reset=50 uncertainty k=6
683,1879,-34.03174877166748,ybposc5q,env_reset=50 uncertainty k=6
735,2494,-34.03174877166748,ybposc5q,env_reset=50 uncertainty k=6
854,2494,-37.99582004547119,ybposc5q,env_reset=50 uncertainty k=6
906,3017,-37.99582004547119,ybposc5q,env_reset=50 uncertainty k=6
1025,3017,-35.04487228393555,ybposc5q,env_reset=50 uncertainty k=6
1077,4131,-35.04487228393555,ybposc5q,env_reset=50 uncertainty k=6
1196,4131,-39.51059532165527,ybposc5q,env_reset=50 uncertainty k=6
1248,4904,-39.51059532165527,ybposc5q,env_reset=50 uncertainty k=6
1367,4904,-36.656463623046875,ybposc5q,env_reset=50 uncertainty k=6
1419,5678,-36.656463623046875,ybposc5q,env_reset=50 uncertainty k=6
1538,5678,-33.65028095245361,ybposc5q,env_reset=50 uncertainty k=6
1590,6585,-33.65028095245361,ybposc5q,env_reset=50 uncertainty k=6
1709,6585,-31.480463981628418,ybposc5q,env_reset=50 uncertainty k=6
1761,7585,-31.480463981628418,ybposc5q,env_reset=50 uncertainty k=6
1880,7585,-30.043213844299316,ybposc5q,env_reset=50 uncertainty k=6
1932,8555,-30.043213844299316,ybposc5q,env_reset=50 uncertainty k=6
2051,8555,-31.979814529418945,ybposc5q,env_reset=50 uncertainty k=6
2103,9205,-31.979814529418945,ybposc5q,env_reset=50 uncertainty k=6
2222,9205,-28.240649223327637,ybposc5q,env_reset=50 uncertainty k=6
2274,9769,-28.240649223327637,ybposc5q,env_reset=50 uncertainty k=6
2393,9769,-27.177790641784668,ybposc5q,env_reset=50 uncertainty k=6
2445,10311,-27.177790641784668,ybposc5q,env_reset=50 uncertainty k=6
2564,10311,-28.296466827392578,ybposc5q,env_reset=50 uncertainty k=6
2616,11075,-28.296466827392578,ybposc5q,env_reset=50 uncertainty k=6
2735,11075,-29.064510345458984,ybposc5q,env_reset=50 uncertainty k=6
2787,12230,-29.064510345458984,ybposc5q,env_reset=50 uncertainty k=6
2906,12230,-27.323246955871582,ybposc5q,env_reset=50 uncertainty k=6
2958,13210,-27.323246955871582,ybposc5q,env_reset=50 uncertainty k=6
3077,13210,-26.803573608398438,ybposc5q,env_reset=50 uncertainty k=6
3129,13871,-26.803573608398438,ybposc5q,env_reset=50 uncertainty k=6
3248,13871,-27.891992568969727,ybposc5q,env_reset=50 uncertainty k=6
3300,14595,-27.891992568969727,ybposc5q,env_reset=50 uncertainty k=6
3419,14595,-27.410655975341797,ybposc5q,env_reset=50 uncertainty k=6
3471,15459,-27.410655975341797,ybposc5q,env_reset=50 uncertainty k=6
3590,15459,-28.834701538085938,ybposc5q,env_reset=50 uncertainty k=6
3642,16376,-28.834701538085938,ybposc5q,env_reset=50 uncertainty k=6
3761,16376,-28.358349800109863,ybposc5q,env_reset=50 uncertainty k=6
3813,17439,-28.358349800109863,ybposc5q,env_reset=50 uncertainty k=6
3932,17439,-28.225876808166504,ybposc5q,env_reset=50 uncertainty k=6
3984,18143,-28.225876808166504,ybposc5q,env_reset=50 uncertainty k=6
4103,18143,-27.567696571350098,ybposc5q,env_reset=50 uncertainty k=6
4155,18941,-27.567696571350098,ybposc5q,env_reset=50 uncertainty k=6
4274,18941,-28.682557106018066,ybposc5q,env_reset=50 uncertainty k=6
4326,19931,-28.682557106018066,ybposc5q,env_reset=50 uncertainty k=6
4445,19931,-27.71808910369873,ybposc5q,env_reset=50 uncertainty k=6
4497,20567,-27.71808910369873,ybposc5q,env_reset=50 uncertainty k=6
4616,20567,-25.864861488342285,ybposc5q,env_reset=50 uncertainty k=6
4668,21672,-25.864861488342285,ybposc5q,env_reset=50 uncertainty k=6
4787,21672,-26.830081939697266,ybposc5q,env_reset=50 uncertainty k=6
4839,22191,-26.830081939697266,ybposc5q,env_reset=50 uncertainty k=6
4958,22191,-27.12653923034668,ybposc5q,env_reset=50 uncertainty k=6
5010,22841,-27.12653923034668,ybposc5q,env_reset=50 uncertainty k=6
5129,22841,-26.042031288146973,ybposc5q,env_reset=50 uncertainty k=6
5181,23696,-26.042031288146973,ybposc5q,env_reset=50 uncertainty k=6
5300,23696,-26.112735748291016,ybposc5q,env_reset=50 uncertainty k=6
5352,24199,-26.112735748291016,ybposc5q,env_reset=50 uncertainty k=6
5471,24199,-25.535463333129883,ybposc5q,env_reset=50 uncertainty k=6
5523,24947,-25.535463333129883,ybposc5q,env_reset=50 uncertainty k=6
5642,24947,-25.74636936187744,ybposc5q,env_reset=50 uncertainty k=6
5694,25886,-25.74636936187744,ybposc5q,env_reset=50 uncertainty k=6
5813,25886,-25.17627716064453,ybposc5q,env_reset=50 uncertainty k=6
5865,26702,-25.17627716064453,ybposc5q,env_reset=50 uncertainty k=6
5984,26702,-24.43828248977661,ybposc5q,env_reset=50 uncertainty k=6
6036,27942,-24.43828248977661,ybposc5q,env_reset=50 uncertainty k=6
6155,27942,-24.80147886276245,ybposc5q,env_reset=50 uncertainty k=6
6207,28715,-24.80147886276245,ybposc5q,env_reset=50 uncertainty k=6
6326,28715,-24.933781623840332,ybposc5q,env_reset=50 uncertainty k=6
6378,29452,-24.933781623840332,ybposc5q,env_reset=50 uncertainty k=6
6497,29452,-24.266242027282715,ybposc5q,env_reset=50 uncertainty k=6
6549,30418,-24.266242027282715,ybposc5q,env_reset=50 uncertainty k=6
6668,30418,-23.904353618621826,ybposc5q,env_reset=50 uncertainty k=6
6720,31850,-23.904353618621826,ybposc5q,env_reset=50 uncertainty k=6
6839,31850,-23.918704986572266,ybposc5q,env_reset=50 uncertainty k=6
6891,32865,-23.918704986572266,ybposc5q,env_reset=50 uncertainty k=6
7010,32865,-23.91667938232422,ybposc5q,env_reset=50 uncertainty k=6
7062,33737,-23.91667938232422,ybposc5q,env_reset=50 uncertainty k=6
7181,33737,-23.165189743041992,ybposc5q,env_reset=50 uncertainty k=6
7233,34005,-23.165189743041992,ybposc5q,env_reset=50 uncertainty k=6
7352,34005,-23.32303762435913,ybposc5q,env_reset=50 uncertainty k=6
7404,34850,-23.32303762435913,ybposc5q,env_reset=50 uncertainty k=6
7523,34850,-22.702706336975098,ybposc5q,env_reset=50 uncertainty k=6
7575,35702,-22.702706336975098,ybposc5q,env_reset=50 uncertainty k=6
7694,35702,-22.396201610565186,ybposc5q,env_reset=50 uncertainty k=6
7746,35977,-22.396201610565186,ybposc5q,env_reset=50 uncertainty k=6
7865,35977,-22.606813430786133,ybposc5q,env_reset=50 uncertainty k=6
7917,36591,-22.606813430786133,ybposc5q,env_reset=50 uncertainty k=6
8036,36591,-22.899277210235596,ybposc5q,env_reset=50 uncertainty k=6
8088,37380,-22.899277210235596,ybposc5q,env_reset=50 uncertainty k=6
8207,37380,-22.57103157043457,ybposc5q,env_reset=50 uncertainty k=6
8259,38263,-22.57103157043457,ybposc5q,env_reset=50 uncertainty k=6
8378,38263,-22.26366138458252,ybposc5q,env_reset=50 uncertainty k=6
8430,38806,-22.26366138458252,ybposc5q,env_reset=50 uncertainty k=6
8549,38806,-22.034973621368408,ybposc5q,env_reset=50 uncertainty k=6
8601,39401,-22.034973621368408,ybposc5q,env_reset=50 uncertainty k=6
8720,39401,-22.67663812637329,ybposc5q,env_reset=50 uncertainty k=6
8772,40101,-22.67663812637329,ybposc5q,env_reset=50 uncertainty k=6
8891,40101,-22.26927423477173,ybposc5q,env_reset=50 uncertainty k=6
8943,41204,-22.26927423477173,ybposc5q,env_reset=50 uncertainty k=6
9062,41204,-22.149384021759033,ybposc5q,env_reset=50 uncertainty k=6
9114,41680,-22.149384021759033,ybposc5q,env_reset=50 uncertainty k=6
9233,41680,-22.770423412322998,ybposc5q,env_reset=50 uncertainty k=6
9285,42397,-22.770423412322998,ybposc5q,env_reset=50 uncertainty k=6
9404,42397,-23.23830223083496,ybposc5q,env_reset=50 uncertainty k=6
9456,42939,-23.23830223083496,ybposc5q,env_reset=50 uncertainty k=6
9575,42939,-22.72921133041382,ybposc5q,env_reset=50 uncertainty k=6
9627,43606,-22.72921133041382,ybposc5q,env_reset=50 uncertainty k=6
9746,43606,-22.308576583862305,ybposc5q,env_reset=50 uncertainty k=6
9798,44380,-22.308576583862305,ybposc5q,env_reset=50 uncertainty k=6
9917,44380,-21.64694833755493,ybposc5q,env_reset=50 uncertainty k=6
9969,45221,-21.64694833755493,ybposc5q,env_reset=50 uncertainty k=6
10088,45221,-22.295386791229248,ybposc5q,env_reset=50 uncertainty k=6
10140,46338,-22.295386791229248,ybposc5q,env_reset=50 uncertainty k=6
10259,46338,-22.2205491065979,ybposc5q,env_reset=50 uncertainty k=6
10311,47274,-22.2205491065979,ybposc5q,env_reset=50 uncertainty k=6
10430,47274,-22.48000478744507,ybposc5q,env_reset=50 uncertainty k=6
10482,48215,-22.48000478744507,ybposc5q,env_reset=50 uncertainty k=6
10601,48215,-22.282174110412598,ybposc5q,env_reset=50 uncertainty k=6
10653,48777,-22.282174110412598,ybposc5q,env_reset=50 uncertainty k=6
10772,48777,-21.82951259613037,ybposc5q,env_reset=50 uncertainty k=6
10824,49944,-21.82951259613037,ybposc5q,env_reset=50 uncertainty k=6
10943,49944,-22.60898447036743,ybposc5q,env_reset=50 uncertainty k=6
10995,50566,-22.60898447036743,ybposc5q,env_reset=50 uncertainty k=6
11114,50566,-22.257225513458252,ybposc5q,env_reset=50 uncertainty k=6
11166,51338,-22.257225513458252,ybposc5q,env_reset=50 uncertainty k=6
11285,51338,-21.607408046722412,ybposc5q,env_reset=50 uncertainty k=6
11337,52405,-21.607408046722412,ybposc5q,env_reset=50 uncertainty k=6
11456,52405,-22.02918243408203,ybposc5q,env_reset=50 uncertainty k=6
11508,53193,-22.02918243408203,ybposc5q,env_reset=50 uncertainty k=6
11627,53193,-22.163199424743652,ybposc5q,env_reset=50 uncertainty k=6
11679,53967,-22.163199424743652,ybposc5q,env_reset=50 uncertainty k=6
11798,53967,-22.42304039001465,ybposc5q,env_reset=50 uncertainty k=6
11850,54948,-22.42304039001465,ybposc5q,env_reset=50 uncertainty k=6
11969,54948,-22.06751537322998,ybposc5q,env_reset=50 uncertainty k=6
12021,56031,-22.06751537322998,ybposc5q,env_reset=50 uncertainty k=6
12140,56031,-21.69544792175293,ybposc5q,env_reset=50 uncertainty k=6
12192,56664,-21.69544792175293,ybposc5q,env_reset=50 uncertainty k=6
12311,56664,-21.48603582382202,ybposc5q,env_reset=50 uncertainty k=6
12363,57538,-21.48603582382202,ybposc5q,env_reset=50 uncertainty k=6
12482,57538,-21.41086769104004,ybposc5q,env_reset=50 uncertainty k=6
12534,58501,-21.41086769104004,ybposc5q,env_reset=50 uncertainty k=6
12653,58501,-21.969057083129883,ybposc5q,env_reset=50 uncertainty k=6
12705,59420,-21.969057083129883,ybposc5q,env_reset=50 uncertainty k=6
12824,59420,-21.26341962814331,ybposc5q,env_reset=50 uncertainty k=6
12876,60397,-21.26341962814331,ybposc5q,env_reset=50 uncertainty k=6
12995,60397,-21.610671043395996,ybposc5q,env_reset=50 uncertainty k=6
13047,61278,-21.610671043395996,ybposc5q,env_reset=50 uncertainty k=6
13166,61278,-21.912473678588867,ybposc5q,env_reset=50 uncertainty k=6
13218,62140,-21.912473678588867,ybposc5q,env_reset=50 uncertainty k=6
13337,62140,-22.029109477996826,ybposc5q,env_reset=50 uncertainty k=6
13389,63016,-22.029109477996826,ybposc5q,env_reset=50 uncertainty k=6
13508,63016,-21.04860782623291,ybposc5q,env_reset=50 uncertainty k=6
13560,63431,-21.04860782623291,ybposc5q,env_reset=50 uncertainty k=6
13679,63431,-21.674619674682617,ybposc5q,env_reset=50 uncertainty k=6
13731,64235,-21.674619674682617,ybposc5q,env_reset=50 uncertainty k=6
13850,64235,-21.207935333251953,ybposc5q,env_reset=50 uncertainty k=6
13902,65599,-21.207935333251953,ybposc5q,env_reset=50 uncertainty k=6
14021,65599,-21.917662143707275,ybposc5q,env_reset=50 uncertainty k=6
14073,66874,-21.917662143707275,ybposc5q,env_reset=50 uncertainty k=6
14192,66874,-21.907976150512695,ybposc5q,env_reset=50 uncertainty k=6
14244,67990,-21.907976150512695,ybposc5q,env_reset=50 uncertainty k=6
14363,67990,-21.829127311706543,ybposc5q,env_reset=50 uncertainty k=6
14415,68948,-21.829127311706543,ybposc5q,env_reset=50 uncertainty k=6
14534,68948,-21.212351322174072,ybposc5q,env_reset=50 uncertainty k=6
14586,69870,-21.212351322174072,ybposc5q,env_reset=50 uncertainty k=6
14705,69870,-21.565954208374023,ybposc5q,env_reset=50 uncertainty k=6
14757,70493,-21.565954208374023,ybposc5q,env_reset=50 uncertainty k=6
14876,70493,-21.27572774887085,ybposc5q,env_reset=50 uncertainty k=6
14928,71463,-21.27572774887085,ybposc5q,env_reset=50 uncertainty k=6
15047,71463,-21.550554752349854,ybposc5q,env_reset=50 uncertainty k=6
15099,72660,-21.550554752349854,ybposc5q,env_reset=50 uncertainty k=6
15218,72660,-21.469894409179688,ybposc5q,env_reset=50 uncertainty k=6
15270,73466,-21.469894409179688,ybposc5q,env_reset=50 uncertainty k=6
15389,73466,-21.14878559112549,ybposc5q,env_reset=50 uncertainty k=6
15441,74329,-21.14878559112549,ybposc5q,env_reset=50 uncertainty k=6
15560,74329,-21.217730045318604,ybposc5q,env_reset=50 uncertainty k=6
15612,74791,-21.217730045318604,ybposc5q,env_reset=50 uncertainty k=6
15731,74791,-21.378872871398926,ybposc5q,env_reset=50 uncertainty k=6
15783,75492,-21.378872871398926,ybposc5q,env_reset=50 uncertainty k=6
15902,75492,-20.25365924835205,ybposc5q,env_reset=50 uncertainty k=6
15954,76412,-20.25365924835205,ybposc5q,env_reset=50 uncertainty k=6
16073,76412,-20.72199249267578,ybposc5q,env_reset=50 uncertainty k=6
16125,77499,-20.72199249267578,ybposc5q,env_reset=50 uncertainty k=6
16244,77499,-20.897343158721924,ybposc5q,env_reset=50 uncertainty k=6
16296,78208,-20.897343158721924,ybposc5q,env_reset=50 uncertainty k=6
16415,78208,-20.58402395248413,ybposc5q,env_reset=50 uncertainty k=6
16467,79125,-20.58402395248413,ybposc5q,env_reset=50 uncertainty k=6
16586,79125,-21.037442207336426,ybposc5q,env_reset=50 uncertainty k=6
16638,79891,-21.037442207336426,ybposc5q,env_reset=50 uncertainty k=6
16757,79891,-20.751290798187256,ybposc5q,env_reset=50 uncertainty k=6
16809,80623,-20.751290798187256,ybposc5q,env_reset=50 uncertainty k=6
16928,80623,-20.978250980377197,ybposc5q,env_reset=50 uncertainty k=6
16980,81416,-20.978250980377197,ybposc5q,env_reset=50 uncertainty k=6
17099,81416,-20.853538036346436,ybposc5q,env_reset=50 uncertainty k=6
17151,82424,-20.853538036346436,ybposc5q,env_reset=50 uncertainty k=6
17270,82424,-20.04199981689453,ybposc5q,env_reset=50 uncertainty k=6
17322,83212,-20.04199981689453,ybposc5q,env_reset=50 uncertainty k=6
17441,83212,-21.263044834136963,ybposc5q,env_reset=50 uncertainty k=6
17493,83830,-21.263044834136963,ybposc5q,env_reset=50 uncertainty k=6
17612,83830,-20.653289794921875,ybposc5q,env_reset=50 uncertainty k=6
17664,84351,-20.653289794921875,ybposc5q,env_reset=50 uncertainty k=6
17783,84351,-21.371832847595215,ybposc5q,env_reset=50 uncertainty k=6
17835,85327,-21.371832847595215,ybposc5q,env_reset=50 uncertainty k=6
17954,85327,-20.759687423706055,ybposc5q,env_reset=50 uncertainty k=6
18006,86581,-20.759687423706055,ybposc5q,env_reset=50 uncertainty k=6
18125,86581,-20.821104526519775,ybposc5q,env_reset=50 uncertainty k=6
18177,87514,-20.821104526519775,ybposc5q,env_reset=50 uncertainty k=6
18296,87514,-20.88835048675537,ybposc5q,env_reset=50 uncertainty k=6
18348,88264,-20.88835048675537,ybposc5q,env_reset=50 uncertainty k=6
18467,88264,-20.759064197540283,ybposc5q,env_reset=50 uncertainty k=6
18519,89013,-20.759064197540283,ybposc5q,env_reset=50 uncertainty k=6
18638,89013,-20.587806224822998,ybposc5q,env_reset=50 uncertainty k=6
18690,89569,-20.587806224822998,ybposc5q,env_reset=50 uncertainty k=6
18809,89569,-20.624303340911865,ybposc5q,env_reset=50 uncertainty k=6
18861,90305,-20.624303340911865,ybposc5q,env_reset=50 uncertainty k=6
18980,90305,-20.470823764801025,ybposc5q,env_reset=50 uncertainty k=6
19032,91287,-20.470823764801025,ybposc5q,env_reset=50 uncertainty k=6
19151,91287,-20.476325035095215,ybposc5q,env_reset=50 uncertainty k=6
19203,92095,-20.476325035095215,ybposc5q,env_reset=50 uncertainty k=6
19322,92095,-20.43239974975586,ybposc5q,env_reset=50 uncertainty k=6
19374,93218,-20.43239974975586,ybposc5q,env_reset=50 uncertainty k=6
19493,93218,-19.953247547149658,ybposc5q,env_reset=50 uncertainty k=6
19545,93889,-19.953247547149658,ybposc5q,env_reset=50 uncertainty k=6
19664,93889,-20.72726583480835,ybposc5q,env_reset=50 uncertainty k=6
19716,94689,-20.72726583480835,ybposc5q,env_reset=50 uncertainty k=6
19835,94689,-20.59378671646118,ybposc5q,env_reset=50 uncertainty k=6
19887,95462,-20.59378671646118,ybposc5q,env_reset=50 uncertainty k=6
20006,95462,-20.369975566864014,ybposc5q,env_reset=50 uncertainty k=6
20058,95974,-20.369975566864014,ybposc5q,env_reset=50 uncertainty k=6
20177,95974,-20.285581588745117,ybposc5q,env_reset=50 uncertainty k=6
20229,97395,-20.285581588745117,ybposc5q,env_reset=50 uncertainty k=6
20348,97395,-20.096493244171143,ybposc5q,env_reset=50 uncertainty k=6
20400,98433,-20.096493244171143,ybposc5q,env_reset=50 uncertainty k=6
20519,98433,-20.224434852600098,ybposc5q,env_reset=50 uncertainty k=6
20571,98923,-20.224434852600098,ybposc5q,env_reset=50 uncertainty k=6
20690,98923,-19.97956132888794,ybposc5q,env_reset=50 uncertainty k=6
20742,99660,-19.97956132888794,ybposc5q,env_reset=50 uncertainty k=6
20861,99660,-20.048083782196045,ybposc5q,env_reset=50 uncertainty k=6
20913,100658,-20.048083782196045,ybposc5q,env_reset=50 uncertainty k=6
21032,100658,-19.986871242523193,ybposc5q,env_reset=50 uncertainty k=6
21084,101455,-19.986871242523193,ybposc5q,env_reset=50 uncertainty k=6
21203,101455,-19.811914920806885,ybposc5q,env_reset=50 uncertainty k=6
21255,101972,-19.811914920806885,ybposc5q,env_reset=50 uncertainty k=6
21374,101972,-20.486443996429443,ybposc5q,env_reset=50 uncertainty k=6
21426,102675,-20.486443996429443,ybposc5q,env_reset=50 uncertainty k=6
21545,102675,-19.592777252197266,ybposc5q,env_reset=50 uncertainty k=6
21597,104141,-19.592777252197266,ybposc5q,env_reset=50 uncertainty k=6
21716,104141,-20.349056720733643,ybposc5q,env_reset=50 uncertainty k=6
21768,104816,-20.349056720733643,ybposc5q,env_reset=50 uncertainty k=6
21887,104816,-19.884780406951904,ybposc5q,env_reset=50 uncertainty k=6
21939,105648,-19.884780406951904,ybposc5q,env_reset=50 uncertainty k=6
22058,105648,-20.15691375732422,ybposc5q,env_reset=50 uncertainty k=6
22110,106432,-20.15691375732422,ybposc5q,env_reset=50 uncertainty k=6
22229,106432,-20.77955675125122,ybposc5q,env_reset=50 uncertainty k=6
22281,107550,-20.77955675125122,ybposc5q,env_reset=50 uncertainty k=6
22400,107550,-20.23939800262451,ybposc5q,env_reset=50 uncertainty k=6
22452,108226,-20.23939800262451,ybposc5q,env_reset=50 uncertainty k=6
22571,108226,-20.15576696395874,ybposc5q,env_reset=50 uncertainty k=6
22623,109148,-20.15576696395874,ybposc5q,env_reset=50 uncertainty k=6
22742,109148,-20.382601737976074,ybposc5q,env_reset=50 uncertainty k=6
22794,109668,-20.382601737976074,ybposc5q,env_reset=50 uncertainty k=6
22913,109668,-19.870980739593506,ybposc5q,env_reset=50 uncertainty k=6
22965,110316,-19.870980739593506,ybposc5q,env_reset=50 uncertainty k=6
23084,110316,-20.062245845794678,ybposc5q,env_reset=50 uncertainty k=6
23136,111097,-20.062245845794678,ybposc5q,env_reset=50 uncertainty k=6
23255,111097,-19.916283130645752,ybposc5q,env_reset=50 uncertainty k=6
23307,111907,-19.916283130645752,ybposc5q,env_reset=50 uncertainty k=6
23426,111907,-20.156601428985596,ybposc5q,env_reset=50 uncertainty k=6
23478,112584,-20.156601428985596,ybposc5q,env_reset=50 uncertainty k=6
23597,112584,-20.05788278579712,ybposc5q,env_reset=50 uncertainty k=6
23649,113444,-20.05788278579712,ybposc5q,env_reset=50 uncertainty k=6
23768,113444,-19.73233699798584,ybposc5q,env_reset=50 uncertainty k=6
23820,114269,-19.73233699798584,ybposc5q,env_reset=50 uncertainty k=6
23939,114269,-19.877326011657715,ybposc5q,env_reset=50 uncertainty k=6
23991,115698,-19.877326011657715,ybposc5q,env_reset=50 uncertainty k=6
24110,115698,-20.337320804595947,ybposc5q,env_reset=50 uncertainty k=6
24162,116435,-20.337320804595947,ybposc5q,env_reset=50 uncertainty k=6
24281,116435,-20.150994777679443,ybposc5q,env_reset=50 uncertainty k=6
24333,117091,-20.150994777679443,ybposc5q,env_reset=50 uncertainty k=6
24452,117091,-19.522779941558838,ybposc5q,env_reset=50 uncertainty k=6
24504,118006,-19.522779941558838,ybposc5q,env_reset=50 uncertainty k=6
24623,118006,-19.727389335632324,ybposc5q,env_reset=50 uncertainty k=6
24675,118548,-19.727389335632324,ybposc5q,env_reset=50 uncertainty k=6
24794,118548,-20.367072105407715,ybposc5q,env_reset=50 uncertainty k=6
24846,119598,-20.367072105407715,ybposc5q,env_reset=50 uncertainty k=6
24965,119598,-19.648215770721436,ybposc5q,env_reset=50 uncertainty k=6
25017,120874,-19.648215770721436,ybposc5q,env_reset=50 uncertainty k=6
25136,120874,-19.56556987762451,ybposc5q,env_reset=50 uncertainty k=6
25188,121577,-19.56556987762451,ybposc5q,env_reset=50 uncertainty k=6
25307,121577,-20.048808574676514,ybposc5q,env_reset=50 uncertainty k=6
25359,122265,-20.048808574676514,ybposc5q,env_reset=50 uncertainty k=6
25478,122265,-19.41495704650879,ybposc5q,env_reset=50 uncertainty k=6
25530,122994,-19.41495704650879,ybposc5q,env_reset=50 uncertainty k=6
25649,122994,-19.776172161102295,ybposc5q,env_reset=50 uncertainty k=6
25701,123715,-19.776172161102295,ybposc5q,env_reset=50 uncertainty k=6
25820,123715,-19.684069633483887,ybposc5q,env_reset=50 uncertainty k=6
25872,124421,-19.684069633483887,ybposc5q,env_reset=50 uncertainty k=6
25991,124421,-19.665611743927002,ybposc5q,env_reset=50 uncertainty k=6
26043,125433,-19.665611743927002,ybposc5q,env_reset=50 uncertainty k=6
26162,125433,-19.611610889434814,ybposc5q,env_reset=50 uncertainty k=6
26214,125973,-19.611610889434814,ybposc5q,env_reset=50 uncertainty k=6
26333,125973,-19.948519229888916,ybposc5q,env_reset=50 uncertainty k=6
26385,126732,-19.948519229888916,ybposc5q,env_reset=50 uncertainty k=6
26504,126732,-19.731160163879395,ybposc5q,env_reset=50 uncertainty k=6
26556,127369,-19.731160163879395,ybposc5q,env_reset=50 uncertainty k=6
26675,127369,-19.729206562042236,ybposc5q,env_reset=50 uncertainty k=6
26727,128257,-19.729206562042236,ybposc5q,env_reset=50 uncertainty k=6
26846,128257,-19.60942840576172,ybposc5q,env_reset=50 uncertainty k=6
26898,128783,-19.60942840576172,ybposc5q,env_reset=50 uncertainty k=6
27017,128783,-19.626176357269287,ybposc5q,env_reset=50 uncertainty k=6
27069,129648,-19.626176357269287,ybposc5q,env_reset=50 uncertainty k=6
27188,129648,-19.95854902267456,ybposc5q,env_reset=50 uncertainty k=6
27240,130498,-19.95854902267456,ybposc5q,env_reset=50 uncertainty k=6
27359,130498,-19.358298301696777,ybposc5q,env_reset=50 uncertainty k=6
27411,131408,-19.358298301696777,ybposc5q,env_reset=50 uncertainty k=6
27530,131408,-20.298236846923828,ybposc5q,env_reset=50 uncertainty k=6
27582,131946,-20.298236846923828,ybposc5q,env_reset=50 uncertainty k=6
27701,131946,-19.4526047706604,ybposc5q,env_reset=50 uncertainty k=6
27753,132807,-19.4526047706604,ybposc5q,env_reset=50 uncertainty k=6
27872,132807,-19.54790687561035,ybposc5q,env_reset=50 uncertainty k=6
27924,133323,-19.54790687561035,ybposc5q,env_reset=50 uncertainty k=6
28043,133323,-19.211100101470947,ybposc5q,env_reset=50 uncertainty k=6
28095,133980,-19.211100101470947,ybposc5q,env_reset=50 uncertainty k=6
28214,133980,-19.58534812927246,ybposc5q,env_reset=50 uncertainty k=6
28266,134670,-19.58534812927246,ybposc5q,env_reset=50 uncertainty k=6
28385,134670,-19.419525623321533,ybposc5q,env_reset=50 uncertainty k=6
28437,135505,-19.419525623321533,ybposc5q,env_reset=50 uncertainty k=6
28556,135505,-18.91423511505127,ybposc5q,env_reset=50 uncertainty k=6
28608,136160,-18.91423511505127,ybposc5q,env_reset=50 uncertainty k=6
28727,136160,-19.18617296218872,ybposc5q,env_reset=50 uncertainty k=6
28779,137008,-19.18617296218872,ybposc5q,env_reset=50 uncertainty k=6
28898,137008,-20.413872718811035,ybposc5q,env_reset=50 uncertainty k=6
28950,137953,-20.413872718811035,ybposc5q,env_reset=50 uncertainty k=6
29069,137953,-19.886547088623047,ybposc5q,env_reset=50 uncertainty k=6
29121,138754,-19.886547088623047,ybposc5q,env_reset=50 uncertainty k=6
29240,138754,-19.85642719268799,ybposc5q,env_reset=50 uncertainty k=6
29292,139496,-19.85642719268799,ybposc5q,env_reset=50 uncertainty k=6
29411,139496,-19.554238319396973,ybposc5q,env_reset=50 uncertainty k=6
29463,140323,-19.554238319396973,ybposc5q,env_reset=50 uncertainty k=6
29582,140323,-19.490764617919922,ybposc5q,env_reset=50 uncertainty k=6
29634,141290,-19.490764617919922,ybposc5q,env_reset=50 uncertainty k=6
29753,141290,-19.359217166900635,ybposc5q,env_reset=50 uncertainty k=6
29805,142268,-19.359217166900635,ybposc5q,env_reset=50 uncertainty k=6
29924,142268,-19.147448539733887,ybposc5q,env_reset=50 uncertainty k=6
29976,143169,-19.147448539733887,ybposc5q,env_reset=50 uncertainty k=6
30095,143169,-19.810272693634033,ybposc5q,env_reset=50 uncertainty k=6
30147,143974,-19.810272693634033,ybposc5q,env_reset=50 uncertainty k=6
30266,143974,-18.699242115020752,ybposc5q,env_reset=50 uncertainty k=6
30318,144750,-18.699242115020752,ybposc5q,env_reset=50 uncertainty k=6
30437,144750,-19.476935386657715,ybposc5q,env_reset=50 uncertainty k=6
30489,145323,-19.476935386657715,ybposc5q,env_reset=50 uncertainty k=6
30608,145323,-19.55671787261963,ybposc5q,env_reset=50 uncertainty k=6
30660,146404,-19.55671787261963,ybposc5q,env_reset=50 uncertainty k=6
30779,146404,-19.190121173858643,ybposc5q,env_reset=50 uncertainty k=6
30831,146804,-19.190121173858643,ybposc5q,env_reset=50 uncertainty k=6
30950,146804,-19.44807243347168,ybposc5q,env_reset=50 uncertainty k=6
31002,147590,-19.44807243347168,ybposc5q,env_reset=50 uncertainty k=6
31121,147590,-19.424452304840088,ybposc5q,env_reset=50 uncertainty k=6
31173,148291,-19.424452304840088,ybposc5q,env_reset=50 uncertainty k=6
31292,148291,-19.06740427017212,ybposc5q,env_reset=50 uncertainty k=6
31344,149167,-19.06740427017212,ybposc5q,env_reset=50 uncertainty k=6
31463,149167,-19.63428020477295,ybposc5q,env_reset=50 uncertainty k=6
31515,150011,-19.63428020477295,ybposc5q,env_reset=50 uncertainty k=6
31634,150011,-19.45799160003662,ybposc5q,env_reset=50 uncertainty k=6
31686,151084,-19.45799160003662,ybposc5q,env_reset=50 uncertainty k=6
31805,151084,-19.310959339141846,ybposc5q,env_reset=50 uncertainty k=6
31857,151922,-19.310959339141846,ybposc5q,env_reset=50 uncertainty k=6
31976,151922,-19.603248119354248,ybposc5q,env_reset=50 uncertainty k=6
32028,152980,-19.603248119354248,ybposc5q,env_reset=50 uncertainty k=6
32147,152980,-19.553882122039795,ybposc5q,env_reset=50 uncertainty k=6
32199,153476,-19.553882122039795,ybposc5q,env_reset=50 uncertainty k=6
32318,153476,-19.582279682159424,ybposc5q,env_reset=50 uncertainty k=6
32370,154369,-19.582279682159424,ybposc5q,env_reset=50 uncertainty k=6
32489,154369,-19.34892511367798,ybposc5q,env_reset=50 uncertainty k=6
32541,154881,-19.34892511367798,ybposc5q,env_reset=50 uncertainty k=6
32660,154881,-19.501571655273438,ybposc5q,env_reset=50 uncertainty k=6
32712,155912,-19.501571655273438,ybposc5q,env_reset=50 uncertainty k=6
32831,155912,-19.30911684036255,ybposc5q,env_reset=50 uncertainty k=6
32883,156681,-19.30911684036255,ybposc5q,env_reset=50 uncertainty k=6
33002,156681,-18.766354084014893,ybposc5q,env_reset=50 uncertainty k=6
33054,157861,-18.766354084014893,ybposc5q,env_reset=50 uncertainty k=6
33173,157861,-19.252697467803955,ybposc5q,env_reset=50 uncertainty k=6
33225,158619,-19.252697467803955,ybposc5q,env_reset=50 uncertainty k=6
33344,158619,-19.002892017364502,ybposc5q,env_reset=50 uncertainty k=6
33396,159622,-19.002892017364502,ybposc5q,env_reset=50 uncertainty k=6
33515,159622,-18.542226314544678,ybposc5q,env_reset=50 uncertainty k=6
33567,160550,-18.542226314544678,ybposc5q,env_reset=50 uncertainty k=6
33686,160550,-19.298410415649414,ybposc5q,env_reset=50 uncertainty k=6
33738,161305,-19.298410415649414,ybposc5q,env_reset=50 uncertainty k=6
33857,161305,-19.5794734954834,ybposc5q,env_reset=50 uncertainty k=6
33909,162122,-19.5794734954834,ybposc5q,env_reset=50 uncertainty k=6
34028,162122,-19.40746021270752,ybposc5q,env_reset=50 uncertainty k=6
34080,162964,-19.40746021270752,ybposc5q,env_reset=50 uncertainty k=6
34199,162964,-19.066654205322266,ybposc5q,env_reset=50 uncertainty k=6
51,270,,7m2xscks,routing reset_seed = 55 k = 6 policy lr = 0.01
169,270,-34.0035514831543,7m2xscks,routing reset_seed = 55 k = 6 policy lr = 0.01
221,576,-34.0035514831543,7m2xscks,routing reset_seed = 55 k = 6 policy lr = 0.01
339,576,-35.66249084472656,7m2xscks,routing reset_seed = 55 k = 6 policy lr = 0.01
391,799,-35.66249084472656,7m2xscks,routing reset_seed = 55 k = 6 policy lr = 0.01
509,799,-36.97455406188965,7m2xscks,routing reset_seed = 55 k = 6 policy lr = 0.01
561,1001,-36.97455406188965,7m2xscks,routing reset_seed = 55 k = 6 policy lr = 0.01
679,1001,-38.521650314331055,7m2xscks,routing reset_seed = 55 k = 6 policy lr = 0.01
731,1268,-38.521650314331055,7m2xscks,routing reset_seed = 55 k = 6 policy lr = 0.01
849,1268,-40.832743644714355,7m2xscks,routing reset_seed = 55 k = 6 policy lr = 0.01
901,1547,-40.832743644714355,7m2xscks,routing reset_seed = 55 k = 6 policy lr = 0.01
1019,1547,-36.72940540313721,7m2xscks,routing reset_seed = 55 k = 6 policy lr = 0.01
1071,1773,-36.72940540313721,7m2xscks,routing reset_seed = 55 k = 6 policy lr = 0.01
1189,1773,-33.638169288635254,7m2xscks,routing reset_seed = 55 k = 6 policy lr = 0.01
1241,2038,-33.638169288635254,7m2xscks,routing reset_seed = 55 k = 6 policy lr = 0.01
1359,2038,-33.84870529174805,7m2xscks,routing reset_seed = 55 k = 6 policy lr = 0.01
1411,2248,-33.84870529174805,7m2xscks,routing reset_seed = 55 k = 6 policy lr = 0.01
1529,2248,-31.818549156188965,7m2xscks,routing reset_seed = 55 k = 6 policy lr = 0.01
1581,2705,-31.818549156188965,7m2xscks,routing reset_seed = 55 k = 6 policy lr = 0.01
1699,2705,-31.461384773254395,7m2xscks,routing reset_seed = 55 k = 6 policy lr = 0.01
1751,3333,-31.461384773254395,7m2xscks,routing reset_seed = 55 k = 6 policy lr = 0.01
1869,3333,-31.301620483398438,7m2xscks,routing reset_seed = 55 k = 6 policy lr = 0.01
1921,4359,-31.301620483398438,7m2xscks,routing reset_seed = 55 k = 6 policy lr = 0.01
2039,4359,-31.735220909118652,7m2xscks,routing reset_seed = 55 k = 6 policy lr = 0.01
2091,5582,-31.735220909118652,7m2xscks,routing reset_seed = 55 k = 6 policy lr = 0.01
2209,5582,-31.38004493713379,7m2xscks,routing reset_seed = 55 k = 6 policy lr = 0.01
2261,6578,-31.38004493713379,7m2xscks,routing reset_seed = 55 k = 6 policy lr = 0.01
2379,6578,-32.06956481933594,7m2xscks,routing reset_seed = 55 k = 6 policy lr = 0.01
2431,7808,-32.06956481933594,7m2xscks,routing reset_seed = 55 k = 6 policy lr = 0.01
2549,7808,-32.21524620056152,7m2xscks,routing reset_seed = 55 k = 6 policy lr = 0.01
2601,9186,-32.21524620056152,7m2xscks,routing reset_seed = 55 k = 6 policy lr = 0.01
2719,9186,-33.083083152770996,7m2xscks,routing reset_seed = 55 k = 6 policy lr = 0.01
2771,10724,-33.083083152770996,7m2xscks,routing reset_seed = 55 k = 6 policy lr = 0.01
2889,10724,-31.091450691223145,7m2xscks,routing reset_seed = 55 k = 6 policy lr = 0.01
2941,12133,-31.091450691223145,7m2xscks,routing reset_seed = 55 k = 6 policy lr = 0.01
3059,12133,-30.77973747253418,7m2xscks,routing reset_seed = 55 k = 6 policy lr = 0.01
3111,13408,-30.77973747253418,7m2xscks,routing reset_seed = 55 k = 6 policy lr = 0.01
3229,13408,-31.418845176696777,7m2xscks,routing reset_seed = 55 k = 6 policy lr = 0.01
3281,14721,-31.418845176696777,7m2xscks,routing reset_seed = 55 k = 6 policy lr = 0.01
3399,14721,-32.73350143432617,7m2xscks,routing reset_seed = 55 k = 6 policy lr = 0.01
3451,15940,-32.73350143432617,7m2xscks,routing reset_seed = 55 k = 6 policy lr = 0.01
3569,15940,-32.35515308380127,7m2xscks,routing reset_seed = 55 k = 6 policy lr = 0.01
3621,17211,-32.35515308380127,7m2xscks,routing reset_seed = 55 k = 6 policy lr = 0.01
3739,17211,-32.064921379089355,7m2xscks,routing reset_seed = 55 k = 6 policy lr = 0.01
3791,18384,-32.064921379089355,7m2xscks,routing reset_seed = 55 k = 6 policy lr = 0.01
3909,18384,-32.47226905822754,7m2xscks,routing reset_seed = 55 k = 6 policy lr = 0.01
3961,19661,-32.47226905822754,7m2xscks,routing reset_seed = 55 k = 6 policy lr = 0.01
4079,19661,-32.40250015258789,7m2xscks,routing reset_seed = 55 k = 6 policy lr = 0.01
4131,21057,-32.40250015258789,7m2xscks,routing reset_seed = 55 k = 6 policy lr = 0.01
4249,21057,-32.1353063583374,7m2xscks,routing reset_seed = 55 k = 6 policy lr = 0.01
4301,21800,-32.1353063583374,7m2xscks,routing reset_seed = 55 k = 6 policy lr = 0.01
4419,21800,-33.0374059677124,7m2xscks,routing reset_seed = 55 k = 6 policy lr = 0.01
4471,22887,-33.0374059677124,7m2xscks,routing reset_seed = 55 k = 6 policy lr = 0.01
4589,22887,-31.85629367828369,7m2xscks,routing reset_seed = 55 k = 6 policy lr = 0.01
4641,24001,-31.85629367828369,7m2xscks,routing reset_seed = 55 k = 6 policy lr = 0.01
4759,24001,-30.83979320526123,7m2xscks,routing reset_seed = 55 k = 6 policy lr = 0.01
4811,24921,-30.83979320526123,7m2xscks,routing reset_seed = 55 k = 6 policy lr = 0.01
4929,24921,-31.75130271911621,7m2xscks,routing reset_seed = 55 k = 6 policy lr = 0.01
4981,26174,-31.75130271911621,7m2xscks,routing reset_seed = 55 k = 6 policy lr = 0.01
5099,26174,-30.678767204284668,7m2xscks,routing reset_seed = 55 k = 6 policy lr = 0.01
5151,27176,-30.678767204284668,7m2xscks,routing reset_seed = 55 k = 6 policy lr = 0.01
5269,27176,-30.011757850646973,7m2xscks,routing reset_seed = 55 k = 6 policy lr = 0.01
5321,28218,-30.011757850646973,7m2xscks,routing reset_seed = 55 k = 6 policy lr = 0.01
5439,28218,-29.514323234558105,7m2xscks,routing reset_seed = 55 k = 6 policy lr = 0.01
5491,29199,-29.514323234558105,7m2xscks,routing reset_seed = 55 k = 6 policy lr = 0.01
5609,29199,-29.55203342437744,7m2xscks,routing reset_seed = 55 k = 6 policy lr = 0.01
5661,30634,-29.55203342437744,7m2xscks,routing reset_seed = 55 k = 6 policy lr = 0.01
5779,30634,-29.62890338897705,7m2xscks,routing reset_seed = 55 k = 6 policy lr = 0.01
5831,31592,-29.62890338897705,7m2xscks,routing reset_seed = 55 k = 6 policy lr = 0.01
5949,31592,-28.280961990356445,7m2xscks,routing reset_seed = 55 k = 6 policy lr = 0.01
6001,32564,-28.280961990356445,7m2xscks,routing reset_seed = 55 k = 6 policy lr = 0.01
6119,32564,-28.694369316101074,7m2xscks,routing reset_seed = 55 k = 6 policy lr = 0.01
6171,33508,-28.694369316101074,7m2xscks,routing reset_seed = 55 k = 6 policy lr = 0.01
6289,33508,-28.723125457763672,7m2xscks,routing reset_seed = 55 k = 6 policy lr = 0.01
6341,34208,-28.723125457763672,7m2xscks,routing reset_seed = 55 k = 6 policy lr = 0.01
6459,34208,-27.73422145843506,7m2xscks,routing reset_seed = 55 k = 6 policy lr = 0.01
6511,34777,-27.73422145843506,7m2xscks,routing reset_seed = 55 k = 6 policy lr = 0.01
6629,34777,-27.473798751831055,7m2xscks,routing reset_seed = 55 k = 6 policy lr = 0.01
6681,36002,-27.473798751831055,7m2xscks,routing reset_seed = 55 k = 6 policy lr = 0.01
6799,36002,-27.078375816345215,7m2xscks,routing reset_seed = 55 k = 6 policy lr = 0.01
6851,36716,-27.078375816345215,7m2xscks,routing reset_seed = 55 k = 6 policy lr = 0.01
6969,36716,-26.679973602294922,7m2xscks,routing reset_seed = 55 k = 6 policy lr = 0.01
7021,37488,-26.679973602294922,7m2xscks,routing reset_seed = 55 k = 6 policy lr = 0.01
7139,37488,-25.679390907287598,7m2xscks,routing reset_seed = 55 k = 6 policy lr = 0.01
7191,38105,-25.679390907287598,7m2xscks,routing reset_seed = 55 k = 6 policy lr = 0.01
7309,38105,-26.7551212310791,7m2xscks,routing reset_seed = 55 k = 6 policy lr = 0.01
7361,38900,-26.7551212310791,7m2xscks,routing reset_seed = 55 k = 6 policy lr = 0.01
7479,38900,-25.57504653930664,7m2xscks,routing reset_seed = 55 k = 6 policy lr = 0.01
7531,39700,-25.57504653930664,7m2xscks,routing reset_seed = 55 k = 6 policy lr = 0.01
7649,39700,-26.74641990661621,7m2xscks,routing reset_seed = 55 k = 6 policy lr = 0.01
7701,40220,-26.74641990661621,7m2xscks,routing reset_seed = 55 k = 6 policy lr = 0.01
7819,40220,-25.456259727478027,7m2xscks,routing reset_seed = 55 k = 6 policy lr = 0.01
7871,40983,-25.456259727478027,7m2xscks,routing reset_seed = 55 k = 6 policy lr = 0.01
7989,40983,-25.944863319396973,7m2xscks,routing reset_seed = 55 k = 6 policy lr = 0.01
8041,41854,-25.944863319396973,7m2xscks,routing reset_seed = 55 k = 6 policy lr = 0.01
8159,41854,-25.15895366668701,7m2xscks,routing reset_seed = 55 k = 6 policy lr = 0.01
8211,42883,-25.15895366668701,7m2xscks,routing reset_seed = 55 k = 6 policy lr = 0.01
8329,42883,-25.276506423950195,7m2xscks,routing reset_seed = 55 k = 6 policy lr = 0.01
8381,43810,-25.276506423950195,7m2xscks,routing reset_seed = 55 k = 6 policy lr = 0.01
8499,43810,-25.150019645690918,7m2xscks,routing reset_seed = 55 k = 6 policy lr = 0.01
8551,44793,-25.150019645690918,7m2xscks,routing reset_seed = 55 k = 6 policy lr = 0.01
8669,44793,-26.018051147460938,7m2xscks,routing reset_seed = 55 k = 6 policy lr = 0.01
8721,45337,-26.018051147460938,7m2xscks,routing reset_seed = 55 k = 6 policy lr = 0.01
8839,45337,-26.11498260498047,7m2xscks,routing reset_seed = 55 k = 6 policy lr = 0.01
8891,45887,-26.11498260498047,7m2xscks,routing reset_seed = 55 k = 6 policy lr = 0.01
9009,45887,-25.53437900543213,7m2xscks,routing reset_seed = 55 k = 6 policy lr = 0.01
9061,46786,-25.53437900543213,7m2xscks,routing reset_seed = 55 k = 6 policy lr = 0.01
9179,46786,-25.846558570861816,7m2xscks,routing reset_seed = 55 k = 6 policy lr = 0.01
9231,47346,-25.846558570861816,7m2xscks,routing reset_seed = 55 k = 6 policy lr = 0.01
9349,47346,-25.577645301818848,7m2xscks,routing reset_seed = 55 k = 6 policy lr = 0.01
9401,48276,-25.577645301818848,7m2xscks,routing reset_seed = 55 k = 6 policy lr = 0.01
9519,48276,-25.605680465698242,7m2xscks,routing reset_seed = 55 k = 6 policy lr = 0.01
9571,49068,-25.605680465698242,7m2xscks,routing reset_seed = 55 k = 6 policy lr = 0.01
9689,49068,-24.30687379837036,7m2xscks,routing reset_seed = 55 k = 6 policy lr = 0.01
9741,49830,-24.30687379837036,7m2xscks,routing reset_seed = 55 k = 6 policy lr = 0.01
9859,49830,-24.23644781112671,7m2xscks,routing reset_seed = 55 k = 6 policy lr = 0.01
9911,50622,-24.23644781112671,7m2xscks,routing reset_seed = 55 k = 6 policy lr = 0.01
10029,50622,-24.790488243103027,7m2xscks,routing reset_seed = 55 k = 6 policy lr = 0.01
10081,51630,-24.790488243103027,7m2xscks,routing reset_seed = 55 k = 6 policy lr = 0.01
10199,51630,-25.811351776123047,7m2xscks,routing reset_seed = 55 k = 6 policy lr = 0.01
10251,52415,-25.811351776123047,7m2xscks,routing reset_seed = 55 k = 6 policy lr = 0.01
10369,52415,-24.962092399597168,7m2xscks,routing reset_seed = 55 k = 6 policy lr = 0.01
10421,53406,-24.962092399597168,7m2xscks,routing reset_seed = 55 k = 6 policy lr = 0.01
10539,53406,-23.949813842773438,7m2xscks,routing reset_seed = 55 k = 6 policy lr = 0.01
10591,54245,-23.949813842773438,7m2xscks,routing reset_seed = 55 k = 6 policy lr = 0.01
10709,54245,-24.086745262145996,7m2xscks,routing reset_seed = 55 k = 6 policy lr = 0.01
10761,55177,-24.086745262145996,7m2xscks,routing reset_seed = 55 k = 6 policy lr = 0.01
10879,55177,-24.32560920715332,7m2xscks,routing reset_seed = 55 k = 6 policy lr = 0.01
10931,55956,-24.32560920715332,7m2xscks,routing reset_seed = 55 k = 6 policy lr = 0.01
11049,55956,-23.479287147521973,7m2xscks,routing reset_seed = 55 k = 6 policy lr = 0.01
11101,56937,-23.479287147521973,7m2xscks,routing reset_seed = 55 k = 6 policy lr = 0.01
11219,56937,-23.797651290893555,7m2xscks,routing reset_seed = 55 k = 6 policy lr = 0.01
11271,57809,-23.797651290893555,7m2xscks,routing reset_seed = 55 k = 6 policy lr = 0.01
11389,57809,-23.185152053833008,7m2xscks,routing reset_seed = 55 k = 6 policy lr = 0.01
11441,58591,-23.185152053833008,7m2xscks,routing reset_seed = 55 k = 6 policy lr = 0.01
11559,58591,-23.363688468933105,7m2xscks,routing reset_seed = 55 k = 6 policy lr = 0.01
11611,59282,-23.363688468933105,7m2xscks,routing reset_seed = 55 k = 6 policy lr = 0.01
11729,59282,-23.76106357574463,7m2xscks,routing reset_seed = 55 k = 6 policy lr = 0.01
11781,60263,-23.76106357574463,7m2xscks,routing reset_seed = 55 k = 6 policy lr = 0.01
11899,60263,-23.626014709472656,7m2xscks,routing reset_seed = 55 k = 6 policy lr = 0.01
11951,60907,-23.626014709472656,7m2xscks,routing reset_seed = 55 k = 6 policy lr = 0.01
12069,60907,-22.65033769607544,7m2xscks,routing reset_seed = 55 k = 6 policy lr = 0.01
12121,61738,-22.65033769607544,7m2xscks,routing reset_seed = 55 k = 6 policy lr = 0.01
12239,61738,-22.795477390289307,7m2xscks,routing reset_seed = 55 k = 6 policy lr = 0.01
12291,62425,-22.795477390289307,7m2xscks,routing reset_seed = 55 k = 6 policy lr = 0.01
12409,62425,-23.51298475265503,7m2xscks,routing reset_seed = 55 k = 6 policy lr = 0.01
12461,63126,-23.51298475265503,7m2xscks,routing reset_seed = 55 k = 6 policy lr = 0.01
12579,63126,-23.721381187438965,7m2xscks,routing reset_seed = 55 k = 6 policy lr = 0.01
12631,63875,-23.721381187438965,7m2xscks,routing reset_seed = 55 k = 6 policy lr = 0.01
12749,63875,-22.70677137374878,7m2xscks,routing reset_seed = 55 k = 6 policy lr = 0.01
12801,64573,-22.70677137374878,7m2xscks,routing reset_seed = 55 k = 6 policy lr = 0.01
12919,64573,-21.90470266342163,7m2xscks,routing reset_seed = 55 k = 6 policy lr = 0.01
12971,65290,-21.90470266342163,7m2xscks,routing reset_seed = 55 k = 6 policy lr = 0.01
13089,65290,-23.26642608642578,7m2xscks,routing reset_seed = 55 k = 6 policy lr = 0.01
13141,65887,-23.26642608642578,7m2xscks,routing reset_seed = 55 k = 6 policy lr = 0.01
13259,65887,-22.240684032440186,7m2xscks,routing reset_seed = 55 k = 6 policy lr = 0.01
13311,66502,-22.240684032440186,7m2xscks,routing reset_seed = 55 k = 6 policy lr = 0.01
13429,66502,-22.52925968170166,7m2xscks,routing reset_seed = 55 k = 6 policy lr = 0.01
13481,67245,-22.52925968170166,7m2xscks,routing reset_seed = 55 k = 6 policy lr = 0.01
13599,67245,-21.88105535507202,7m2xscks,routing reset_seed = 55 k = 6 policy lr = 0.01
13651,67868,-21.88105535507202,7m2xscks,routing reset_seed = 55 k = 6 policy lr = 0.01
13769,67868,-20.613343715667725,7m2xscks,routing reset_seed = 55 k = 6 policy lr = 0.01
13821,68619,-20.613343715667725,7m2xscks,routing reset_seed = 55 k = 6 policy lr = 0.01
13939,68619,-21.207788944244385,7m2xscks,routing reset_seed = 55 k = 6 policy lr = 0.01
13991,69460,-21.207788944244385,7m2xscks,routing reset_seed = 55 k = 6 policy lr = 0.01
14109,69460,-21.49025249481201,7m2xscks,routing reset_seed = 55 k = 6 policy lr = 0.01
14161,70137,-21.49025249481201,7m2xscks,routing reset_seed = 55 k = 6 policy lr = 0.01
14279,70137,-22.378746032714844,7m2xscks,routing reset_seed = 55 k = 6 policy lr = 0.01
14331,70642,-22.378746032714844,7m2xscks,routing reset_seed = 55 k = 6 policy lr = 0.01
14449,70642,-22.00601816177368,7m2xscks,routing reset_seed = 55 k = 6 policy lr = 0.01
14501,71221,-22.00601816177368,7m2xscks,routing reset_seed = 55 k = 6 policy lr = 0.01
14619,71221,-21.972755432128906,7m2xscks,routing reset_seed = 55 k = 6 policy lr = 0.01
14671,71815,-21.972755432128906,7m2xscks,routing reset_seed = 55 k = 6 policy lr = 0.01
14789,71815,-22.50075626373291,7m2xscks,routing reset_seed = 55 k = 6 policy lr = 0.01
14841,72706,-22.50075626373291,7m2xscks,routing reset_seed = 55 k = 6 policy lr = 0.01
14959,72706,-21.938287258148193,7m2xscks,routing reset_seed = 55 k = 6 policy lr = 0.01
15011,73196,-21.938287258148193,7m2xscks,routing reset_seed = 55 k = 6 policy lr = 0.01
15129,73196,-21.30601692199707,7m2xscks,routing reset_seed = 55 k = 6 policy lr = 0.01
15181,73752,-21.30601692199707,7m2xscks,routing reset_seed = 55 k = 6 policy lr = 0.01
15299,73752,-21.388949394226074,7m2xscks,routing reset_seed = 55 k = 6 policy lr = 0.01
15351,74428,-21.388949394226074,7m2xscks,routing reset_seed = 55 k = 6 policy lr = 0.01
15469,74428,-21.172632217407227,7m2xscks,routing reset_seed = 55 k = 6 policy lr = 0.01
15521,74938,-21.172632217407227,7m2xscks,routing reset_seed = 55 k = 6 policy lr = 0.01
15639,74938,-22.15526294708252,7m2xscks,routing reset_seed = 55 k = 6 policy lr = 0.01
15691,75335,-22.15526294708252,7m2xscks,routing reset_seed = 55 k = 6 policy lr = 0.01
15809,75335,-21.091299057006836,7m2xscks,routing reset_seed = 55 k = 6 policy lr = 0.01
15861,76104,-21.091299057006836,7m2xscks,routing reset_seed = 55 k = 6 policy lr = 0.01
15979,76104,-21.452816486358643,7m2xscks,routing reset_seed = 55 k = 6 policy lr = 0.01
16031,76711,-21.452816486358643,7m2xscks,routing reset_seed = 55 k = 6 policy lr = 0.01
16149,76711,-21.624027729034424,7m2xscks,routing reset_seed = 55 k = 6 policy lr = 0.01
16201,77515,-21.624027729034424,7m2xscks,routing reset_seed = 55 k = 6 policy lr = 0.01
16319,77515,-20.31577730178833,7m2xscks,routing reset_seed = 55 k = 6 policy lr = 0.01
16371,78149,-20.31577730178833,7m2xscks,routing reset_seed = 55 k = 6 policy lr = 0.01
16489,78149,-20.664799213409424,7m2xscks,routing reset_seed = 55 k = 6 policy lr = 0.01
16541,79052,-20.664799213409424,7m2xscks,routing reset_seed = 55 k = 6 policy lr = 0.01
16659,79052,-20.597214221954346,7m2xscks,routing reset_seed = 55 k = 6 policy lr = 0.01
16711,79646,-20.597214221954346,7m2xscks,routing reset_seed = 55 k = 6 policy lr = 0.01
16829,79646,-21.014787673950195,7m2xscks,routing reset_seed = 55 k = 6 policy lr = 0.01
16881,80285,-21.014787673950195,7m2xscks,routing reset_seed = 55 k = 6 policy lr = 0.01
16999,80285,-20.907304763793945,7m2xscks,routing reset_seed = 55 k = 6 policy lr = 0.01
17051,80889,-20.907304763793945,7m2xscks,routing reset_seed = 55 k = 6 policy lr = 0.01
17169,80889,-19.788840293884277,7m2xscks,routing reset_seed = 55 k = 6 policy lr = 0.01
17221,81473,-19.788840293884277,7m2xscks,routing reset_seed = 55 k = 6 policy lr = 0.01
17339,81473,-19.88909339904785,7m2xscks,routing reset_seed = 55 k = 6 policy lr = 0.01
17391,82203,-19.88909339904785,7m2xscks,routing reset_seed = 55 k = 6 policy lr = 0.01
17509,82203,-20.338927268981934,7m2xscks,routing reset_seed = 55 k = 6 policy lr = 0.01
17561,82780,-20.338927268981934,7m2xscks,routing reset_seed = 55 k = 6 policy lr = 0.01
17679,82780,-19.560511112213135,7m2xscks,routing reset_seed = 55 k = 6 policy lr = 0.01
17731,83414,-19.560511112213135,7m2xscks,routing reset_seed = 55 k = 6 policy lr = 0.01
17849,83414,-18.159837245941162,7m2xscks,routing reset_seed = 55 k = 6 policy lr = 0.01
17901,84275,-18.159837245941162,7m2xscks,routing reset_seed = 55 k = 6 policy lr = 0.01
18019,84275,-18.9936580657959,7m2xscks,routing reset_seed = 55 k = 6 policy lr = 0.01
18071,84865,-18.9936580657959,7m2xscks,routing reset_seed = 55 k = 6 policy lr = 0.01
18189,84865,-19.062248706817627,7m2xscks,routing reset_seed = 55 k = 6 policy lr = 0.01
18241,85576,-19.062248706817627,7m2xscks,routing reset_seed = 55 k = 6 policy lr = 0.01
18359,85576,-18.94317865371704,7m2xscks,routing reset_seed = 55 k = 6 policy lr = 0.01
18411,86137,-18.94317865371704,7m2xscks,routing reset_seed = 55 k = 6 policy lr = 0.01
18529,86137,-18.686935424804688,7m2xscks,routing reset_seed = 55 k = 6 policy lr = 0.01
18581,86887,-18.686935424804688,7m2xscks,routing reset_seed = 55 k = 6 policy lr = 0.01
18699,86887,-19.035133361816406,7m2xscks,routing reset_seed = 55 k = 6 policy lr = 0.01
18751,87591,-19.035133361816406,7m2xscks,routing reset_seed = 55 k = 6 policy lr = 0.01
18869,87591,-18.07120370864868,7m2xscks,routing reset_seed = 55 k = 6 policy lr = 0.01
18921,88232,-18.07120370864868,7m2xscks,routing reset_seed = 55 k = 6 policy lr = 0.01
19039,88232,-17.896250247955322,7m2xscks,routing reset_seed = 55 k = 6 policy lr = 0.01
19091,88746,-17.896250247955322,7m2xscks,routing reset_seed = 55 k = 6 policy lr = 0.01
19209,88746,-17.856102466583252,7m2xscks,routing reset_seed = 55 k = 6 policy lr = 0.01
19261,89362,-17.856102466583252,7m2xscks,routing reset_seed = 55 k = 6 policy lr = 0.01
19379,89362,-17.83669948577881,7m2xscks,routing reset_seed = 55 k = 6 policy lr = 0.01
19431,89905,-17.83669948577881,7m2xscks,routing reset_seed = 55 k = 6 policy lr = 0.01
19549,89905,-17.77873468399048,7m2xscks,routing reset_seed = 55 k = 6 policy lr = 0.01
19601,90649,-17.77873468399048,7m2xscks,routing reset_seed = 55 k = 6 policy lr = 0.01
19719,90649,-17.553884983062744,7m2xscks,routing reset_seed = 55 k = 6 policy lr = 0.01
19771,91103,-17.553884983062744,7m2xscks,routing reset_seed = 55 k = 6 policy lr = 0.01
19889,91103,-17.828560829162598,7m2xscks,routing reset_seed = 55 k = 6 policy lr = 0.01
19941,91698,-17.828560829162598,7m2xscks,routing reset_seed = 55 k = 6 policy lr = 0.01
20059,91698,-17.714841842651367,7m2xscks,routing reset_seed = 55 k = 6 policy lr = 0.01
20111,92329,-17.714841842651367,7m2xscks,routing reset_seed = 55 k = 6 policy lr = 0.01
20229,92329,-16.590919494628906,7m2xscks,routing reset_seed = 55 k = 6 policy lr = 0.01
20281,93089,-16.590919494628906,7m2xscks,routing reset_seed = 55 k = 6 policy lr = 0.01
20399,93089,-17.553481578826904,7m2xscks,routing reset_seed = 55 k = 6 policy lr = 0.01
20451,93643,-17.553481578826904,7m2xscks,routing reset_seed = 55 k = 6 policy lr = 0.01
20569,93643,-17.712680339813232,7m2xscks,routing reset_seed = 55 k = 6 policy lr = 0.01
20621,94276,-17.712680339813232,7m2xscks,routing reset_seed = 55 k = 6 policy lr = 0.01
20739,94276,-16.901655673980713,7m2xscks,routing reset_seed = 55 k = 6 policy lr = 0.01
20791,94897,-16.901655673980713,7m2xscks,routing reset_seed = 55 k = 6 policy lr = 0.01
20909,94897,-16.91201162338257,7m2xscks,routing reset_seed = 55 k = 6 policy lr = 0.01
20961,95383,-16.91201162338257,7m2xscks,routing reset_seed = 55 k = 6 policy lr = 0.01
21079,95383,-17.129761695861816,7m2xscks,routing reset_seed = 55 k = 6 policy lr = 0.01
21131,95910,-17.129761695861816,7m2xscks,routing reset_seed = 55 k = 6 policy lr = 0.01
21249,95910,-16.398725032806396,7m2xscks,routing reset_seed = 55 k = 6 policy lr = 0.01
21301,96402,-16.398725032806396,7m2xscks,routing reset_seed = 55 k = 6 policy lr = 0.01
21419,96402,-16.67158079147339,7m2xscks,routing reset_seed = 55 k = 6 policy lr = 0.01
21471,96886,-16.67158079147339,7m2xscks,routing reset_seed = 55 k = 6 policy lr = 0.01
21589,96886,-15.953436374664307,7m2xscks,routing reset_seed = 55 k = 6 policy lr = 0.01
21641,97505,-15.953436374664307,7m2xscks,routing reset_seed = 55 k = 6 policy lr = 0.01
21759,97505,-16.520835876464844,7m2xscks,routing reset_seed = 55 k = 6 policy lr = 0.01
21811,98051,-16.520835876464844,7m2xscks,routing reset_seed = 55 k = 6 policy lr = 0.01
21929,98051,-16.19639492034912,7m2xscks,routing reset_seed = 55 k = 6 policy lr = 0.01
21981,98603,-16.19639492034912,7m2xscks,routing reset_seed = 55 k = 6 policy lr = 0.01
22099,98603,-16.800987243652344,7m2xscks,routing reset_seed = 55 k = 6 policy lr = 0.01
22151,99133,-16.800987243652344,7m2xscks,routing reset_seed = 55 k = 6 policy lr = 0.01
22269,99133,-15.931146144866943,7m2xscks,routing reset_seed = 55 k = 6 policy lr = 0.01
22321,99873,-15.931146144866943,7m2xscks,routing reset_seed = 55 k = 6 policy lr = 0.01
22439,99873,-16.155546188354492,7m2xscks,routing reset_seed = 55 k = 6 policy lr = 0.01
22491,100549,-16.155546188354492,7m2xscks,routing reset_seed = 55 k = 6 policy lr = 0.01
22609,100549,-15.548198699951172,7m2xscks,routing reset_seed = 55 k = 6 policy lr = 0.01
22661,101195,-15.548198699951172,7m2xscks,routing reset_seed = 55 k = 6 policy lr = 0.01
22779,101195,-15.949442386627197,7m2xscks,routing reset_seed = 55 k = 6 policy lr = 0.01
22831,101987,-15.949442386627197,7m2xscks,routing reset_seed = 55 k = 6 policy lr = 0.01
22949,101987,-16.30817174911499,7m2xscks,routing reset_seed = 55 k = 6 policy lr = 0.01
23001,102820,-16.30817174911499,7m2xscks,routing reset_seed = 55 k = 6 policy lr = 0.01
23119,102820,-16.129932403564453,7m2xscks,routing reset_seed = 55 k = 6 policy lr = 0.01
23171,103219,-16.129932403564453,7m2xscks,routing reset_seed = 55 k = 6 policy lr = 0.01
23289,103219,-15.624966621398926,7m2xscks,routing reset_seed = 55 k = 6 policy lr = 0.01
23341,103569,-15.624966621398926,7m2xscks,routing reset_seed = 55 k = 6 policy lr = 0.01
23459,103569,-15.943727493286133,7m2xscks,routing reset_seed = 55 k = 6 policy lr = 0.01
23511,104251,-15.943727493286133,7m2xscks,routing reset_seed = 55 k = 6 policy lr = 0.01
23629,104251,-16.168362140655518,7m2xscks,routing reset_seed = 55 k = 6 policy lr = 0.01
23681,104688,-16.168362140655518,7m2xscks,routing reset_seed = 55 k = 6 policy lr = 0.01
23799,104688,-16.327036380767822,7m2xscks,routing reset_seed = 55 k = 6 policy lr = 0.01
23851,105127,-16.327036380767822,7m2xscks,routing reset_seed = 55 k = 6 policy lr = 0.01
23969,105127,-15.505210399627686,7m2xscks,routing reset_seed = 55 k = 6 policy lr = 0.01
24021,105824,-15.505210399627686,7m2xscks,routing reset_seed = 55 k = 6 policy lr = 0.01
24139,105824,-15.950011730194092,7m2xscks,routing reset_seed = 55 k = 6 policy lr = 0.01
24191,106740,-15.950011730194092,7m2xscks,routing reset_seed = 55 k = 6 policy lr = 0.01
24309,106740,-15.81374979019165,7m2xscks,routing reset_seed = 55 k = 6 policy lr = 0.01
24361,107288,-15.81374979019165,7m2xscks,routing reset_seed = 55 k = 6 policy lr = 0.01
24479,107288,-15.567173957824707,7m2xscks,routing reset_seed = 55 k = 6 policy lr = 0.01
24531,107895,-15.567173957824707,7m2xscks,routing reset_seed = 55 k = 6 policy lr = 0.01
24649,107895,-16.024370193481445,7m2xscks,routing reset_seed = 55 k = 6 policy lr = 0.01
24701,108352,-16.024370193481445,7m2xscks,routing reset_seed = 55 k = 6 policy lr = 0.01
24819,108352,-15.572887897491455,7m2xscks,routing reset_seed = 55 k = 6 policy lr = 0.01
24871,108844,-15.572887897491455,7m2xscks,routing reset_seed = 55 k = 6 policy lr = 0.01
24989,108844,-15.852978229522705,7m2xscks,routing reset_seed = 55 k = 6 policy lr = 0.01
25041,109598,-15.852978229522705,7m2xscks,routing reset_seed = 55 k = 6 policy lr = 0.01
25159,109598,-15.950301170349121,7m2xscks,routing reset_seed = 55 k = 6 policy lr = 0.01
25211,109985,-15.950301170349121,7m2xscks,routing reset_seed = 55 k = 6 policy lr = 0.01
25329,109985,-15.424106121063232,7m2xscks,routing reset_seed = 55 k = 6 policy lr = 0.01
25381,110591,-15.424106121063232,7m2xscks,routing reset_seed = 55 k = 6 policy lr = 0.01
25499,110591,-15.579587459564209,7m2xscks,routing reset_seed = 55 k = 6 policy lr = 0.01
25551,111306,-15.579587459564209,7m2xscks,routing reset_seed = 55 k = 6 policy lr = 0.01
25669,111306,-15.280114650726318,7m2xscks,routing reset_seed = 55 k = 6 policy lr = 0.01
25721,111959,-15.280114650726318,7m2xscks,routing reset_seed = 55 k = 6 policy lr = 0.01
25839,111959,-15.824378967285156,7m2xscks,routing reset_seed = 55 k = 6 policy lr = 0.01
25891,112733,-15.824378967285156,7m2xscks,routing reset_seed = 55 k = 6 policy lr = 0.01
26009,112733,-15.720888614654541,7m2xscks,routing reset_seed = 55 k = 6 policy lr = 0.01
26061,113295,-15.720888614654541,7m2xscks,routing reset_seed = 55 k = 6 policy lr = 0.01
26179,113295,-16.129329204559326,7m2xscks,routing reset_seed = 55 k = 6 policy lr = 0.01
26231,113896,-16.129329204559326,7m2xscks,routing reset_seed = 55 k = 6 policy lr = 0.01
26349,113896,-15.51661729812622,7m2xscks,routing reset_seed = 55 k = 6 policy lr = 0.01
26401,114526,-15.51661729812622,7m2xscks,routing reset_seed = 55 k = 6 policy lr = 0.01
26519,114526,-15.197858333587646,7m2xscks,routing reset_seed = 55 k = 6 policy lr = 0.01
26571,115219,-15.197858333587646,7m2xscks,routing reset_seed = 55 k = 6 policy lr = 0.01
26689,115219,-15.434626579284668,7m2xscks,routing reset_seed = 55 k = 6 policy lr = 0.01
26741,115728,-15.434626579284668,7m2xscks,routing reset_seed = 55 k = 6 policy lr = 0.01
26859,115728,-14.96708345413208,7m2xscks,routing reset_seed = 55 k = 6 policy lr = 0.01
26911,116306,-14.96708345413208,7m2xscks,routing reset_seed = 55 k = 6 policy lr = 0.01
27029,116306,-15.264711856842041,7m2xscks,routing reset_seed = 55 k = 6 policy lr = 0.01
27081,117074,-15.264711856842041,7m2xscks,routing reset_seed = 55 k = 6 policy lr = 0.01
27199,117074,-15.930313110351562,7m2xscks,routing reset_seed = 55 k = 6 policy lr = 0.01
27251,117670,-15.930313110351562,7m2xscks,routing reset_seed = 55 k = 6 policy lr = 0.01
27369,117670,-15.61442518234253,7m2xscks,routing reset_seed = 55 k = 6 policy lr = 0.01
27421,118129,-15.61442518234253,7m2xscks,routing reset_seed = 55 k = 6 policy lr = 0.01
27539,118129,-15.614026546478271,7m2xscks,routing reset_seed = 55 k = 6 policy lr = 0.01
27591,118463,-15.614026546478271,7m2xscks,routing reset_seed = 55 k = 6 policy lr = 0.01
27709,118463,-15.334776401519775,7m2xscks,routing reset_seed = 55 k = 6 policy lr = 0.01
27761,119099,-15.334776401519775,7m2xscks,routing reset_seed = 55 k = 6 policy lr = 0.01
27879,119099,-14.89002275466919,7m2xscks,routing reset_seed = 55 k = 6 policy lr = 0.01
27931,119549,-14.89002275466919,7m2xscks,routing reset_seed = 55 k = 6 policy lr = 0.01
28049,119549,-15.400436401367188,7m2xscks,routing reset_seed = 55 k = 6 policy lr = 0.01
28101,120133,-15.400436401367188,7m2xscks,routing reset_seed = 55 k = 6 policy lr = 0.01
28219,120133,-15.28488540649414,7m2xscks,routing reset_seed = 55 k = 6 policy lr = 0.01
28271,120565,-15.28488540649414,7m2xscks,routing reset_seed = 55 k = 6 policy lr = 0.01
28389,120565,-15.40691089630127,7m2xscks,routing reset_seed = 55 k = 6 policy lr = 0.01
28441,121036,-15.40691089630127,7m2xscks,routing reset_seed = 55 k = 6 policy lr = 0.01
28559,121036,-15.38269567489624,7m2xscks,routing reset_seed = 55 k = 6 policy lr = 0.01
28611,121451,-15.38269567489624,7m2xscks,routing reset_seed = 55 k = 6 policy lr = 0.01
28729,121451,-15.219905376434326,7m2xscks,routing reset_seed = 55 k = 6 policy lr = 0.01
28781,121793,-15.219905376434326,7m2xscks,routing reset_seed = 55 k = 6 policy lr = 0.01
28899,121793,-15.100369930267334,7m2xscks,routing reset_seed = 55 k = 6 policy lr = 0.01
28951,122264,-15.100369930267334,7m2xscks,routing reset_seed = 55 k = 6 policy lr = 0.01
29069,122264,-15.292922019958496,7m2xscks,routing reset_seed = 55 k = 6 policy lr = 0.01
29121,122706,-15.292922019958496,7m2xscks,routing reset_seed = 55 k = 6 policy lr = 0.01
29239,122706,-15.244856357574463,7m2xscks,routing reset_seed = 55 k = 6 policy lr = 0.01
29291,123159,-15.244856357574463,7m2xscks,routing reset_seed = 55 k = 6 policy lr = 0.01
29409,123159,-15.267723083496094,7m2xscks,routing reset_seed = 55 k = 6 policy lr = 0.01
29461,123712,-15.267723083496094,7m2xscks,routing reset_seed = 55 k = 6 policy lr = 0.01
29579,123712,-15.232158184051514,7m2xscks,routing reset_seed = 55 k = 6 policy lr = 0.01
29631,124289,-15.232158184051514,7m2xscks,routing reset_seed = 55 k = 6 policy lr = 0.01
29749,124289,-14.971959114074707,7m2xscks,routing reset_seed = 55 k = 6 policy lr = 0.01
29801,124916,-14.971959114074707,7m2xscks,routing reset_seed = 55 k = 6 policy lr = 0.01
29919,124916,-15.235731601715088,7m2xscks,routing reset_seed = 55 k = 6 policy lr = 0.01
29971,125423,-15.235731601715088,7m2xscks,routing reset_seed = 55 k = 6 policy lr = 0.01
30089,125423,-14.147218704223633,7m2xscks,routing reset_seed = 55 k = 6 policy lr = 0.01
30141,125918,-14.147218704223633,7m2xscks,routing reset_seed = 55 k = 6 policy lr = 0.01
30259,125918,-15.15980339050293,7m2xscks,routing reset_seed = 55 k = 6 policy lr = 0.01
30311,126444,-15.15980339050293,7m2xscks,routing reset_seed = 55 k = 6 policy lr = 0.01
30429,126444,-14.67322063446045,7m2xscks,routing reset_seed = 55 k = 6 policy lr = 0.01
30481,126905,-14.67322063446045,7m2xscks,routing reset_seed = 55 k = 6 policy lr = 0.01
30599,126905,-15.092792987823486,7m2xscks,routing reset_seed = 55 k = 6 policy lr = 0.01
30651,127464,-15.092792987823486,7m2xscks,routing reset_seed = 55 k = 6 policy lr = 0.01
30769,127464,-15.167087078094482,7m2xscks,routing reset_seed = 55 k = 6 policy lr = 0.01
30821,127977,-15.167087078094482,7m2xscks,routing reset_seed = 55 k = 6 policy lr = 0.01
30939,127977,-14.485443115234375,7m2xscks,routing reset_seed = 55 k = 6 policy lr = 0.01
30991,128459,-14.485443115234375,7m2xscks,routing reset_seed = 55 k = 6 policy lr = 0.01
31109,128459,-14.677648544311523,7m2xscks,routing reset_seed = 55 k = 6 policy lr = 0.01
31161,128966,-14.677648544311523,7m2xscks,routing reset_seed = 55 k = 6 policy lr = 0.01
31279,128966,-14.67600154876709,7m2xscks,routing reset_seed = 55 k = 6 policy lr = 0.01
31331,129555,-14.67600154876709,7m2xscks,routing reset_seed = 55 k = 6 policy lr = 0.01
31449,129555,-15.268401622772217,7m2xscks,routing reset_seed = 55 k = 6 policy lr = 0.01
31501,129937,-15.268401622772217,7m2xscks,routing reset_seed = 55 k = 6 policy lr = 0.01
31619,129937,-14.721426486968994,7m2xscks,routing reset_seed = 55 k = 6 policy lr = 0.01
31671,130458,-14.721426486968994,7m2xscks,routing reset_seed = 55 k = 6 policy lr = 0.01
31789,130458,-14.773274421691895,7m2xscks,routing reset_seed = 55 k = 6 policy lr = 0.01
31841,130885,-14.773274421691895,7m2xscks,routing reset_seed = 55 k = 6 policy lr = 0.01
31959,130885,-15.267367839813232,7m2xscks,routing reset_seed = 55 k = 6 policy lr = 0.01
32011,131223,-15.267367839813232,7m2xscks,routing reset_seed = 55 k = 6 policy lr = 0.01
32129,131223,-14.415870666503906,7m2xscks,routing reset_seed = 55 k = 6 policy lr = 0.01
32181,131698,-14.415870666503906,7m2xscks,routing reset_seed = 55 k = 6 policy lr = 0.01
32299,131698,-14.67344617843628,7m2xscks,routing reset_seed = 55 k = 6 policy lr = 0.01
32351,132150,-14.67344617843628,7m2xscks,routing reset_seed = 55 k = 6 policy lr = 0.01
32469,132150,-14.465794563293457,7m2xscks,routing reset_seed = 55 k = 6 policy lr = 0.01
32521,132656,-14.465794563293457,7m2xscks,routing reset_seed = 55 k = 6 policy lr = 0.01
32639,132656,-15.01053524017334,7m2xscks,routing reset_seed = 55 k = 6 policy lr = 0.01
32691,133197,-15.01053524017334,7m2xscks,routing reset_seed = 55 k = 6 policy lr = 0.01
32809,133197,-14.681598663330078,7m2xscks,routing reset_seed = 55 k = 6 policy lr = 0.01
32861,133814,-14.681598663330078,7m2xscks,routing reset_seed = 55 k = 6 policy lr = 0.01
32979,133814,-14.554155826568604,7m2xscks,routing reset_seed = 55 k = 6 policy lr = 0.01
33031,134422,-14.554155826568604,7m2xscks,routing reset_seed = 55 k = 6 policy lr = 0.01
33149,134422,-14.685634136199951,7m2xscks,routing reset_seed = 55 k = 6 policy lr = 0.01
33201,134895,-14.685634136199951,7m2xscks,routing reset_seed = 55 k = 6 policy lr = 0.01
33319,134895,-14.724903583526611,7m2xscks,routing reset_seed = 55 k = 6 policy lr = 0.01
33371,135365,-14.724903583526611,7m2xscks,routing reset_seed = 55 k = 6 policy lr = 0.01
33489,135365,-14.952406406402588,7m2xscks,routing reset_seed = 55 k = 6 policy lr = 0.01
33541,135726,-14.952406406402588,7m2xscks,routing reset_seed = 55 k = 6 policy lr = 0.01
33659,135726,-14.419820308685303,7m2xscks,routing reset_seed = 55 k = 6 policy lr = 0.01
33711,136148,-14.419820308685303,7m2xscks,routing reset_seed = 55 k = 6 policy lr = 0.01
33829,136148,-14.567846775054932,7m2xscks,routing reset_seed = 55 k = 6 policy lr = 0.01
33881,136577,-14.567846775054932,7m2xscks,routing reset_seed = 55 k = 6 policy lr = 0.01
33999,136577,-14.43501901626587,7m2xscks,routing reset_seed = 55 k = 6 policy lr = 0.01
51,280,,o6ic3h88,routing reset_seed = 65 k = 6 policy lr = 0.01
169,280,-39.084975242614746,o6ic3h88,routing reset_seed = 65 k = 6 policy lr = 0.01
221,617,-39.084975242614746,o6ic3h88,routing reset_seed = 65 k = 6 policy lr = 0.01
339,617,-38.88654041290283,o6ic3h88,routing reset_seed = 65 k = 6 policy lr = 0.01
391,850,-38.88654041290283,o6ic3h88,routing reset_seed = 65 k = 6 policy lr = 0.01
509,850,-37.85960578918457,o6ic3h88,routing reset_seed = 65 k = 6 policy lr = 0.01
561,1108,-37.85960578918457,o6ic3h88,routing reset_seed = 65 k = 6 policy lr = 0.01
679,1108,-39.23573589324951,o6ic3h88,routing reset_seed = 65 k = 6 policy lr = 0.01
731,1321,-39.23573589324951,o6ic3h88,routing reset_seed = 65 k = 6 policy lr = 0.01
849,1321,-37.17496109008789,o6ic3h88,routing reset_seed = 65 k = 6 policy lr = 0.01
901,1612,-37.17496109008789,o6ic3h88,routing reset_seed = 65 k = 6 policy lr = 0.01
1019,1612,-36.586124420166016,o6ic3h88,routing reset_seed = 65 k = 6 policy lr = 0.01
1071,1921,-36.586124420166016,o6ic3h88,routing reset_seed = 65 k = 6 policy lr = 0.01
1189,1921,-32.96009349822998,o6ic3h88,routing reset_seed = 65 k = 6 policy lr = 0.01
1241,2214,-32.96009349822998,o6ic3h88,routing reset_seed = 65 k = 6 policy lr = 0.01
1359,2214,-33.625864028930664,o6ic3h88,routing reset_seed = 65 k = 6 policy lr = 0.01
1411,2458,-33.625864028930664,o6ic3h88,routing reset_seed = 65 k = 6 policy lr = 0.01
1529,2458,-31.037681579589844,o6ic3h88,routing reset_seed = 65 k = 6 policy lr = 0.01
1581,2864,-31.037681579589844,o6ic3h88,routing reset_seed = 65 k = 6 policy lr = 0.01
1699,2864,-30.653571128845215,o6ic3h88,routing reset_seed = 65 k = 6 policy lr = 0.01
1751,3124,-30.653571128845215,o6ic3h88,routing reset_seed = 65 k = 6 policy lr = 0.01
1869,3124,-29.90563678741455,o6ic3h88,routing reset_seed = 65 k = 6 policy lr = 0.01
1921,3396,-29.90563678741455,o6ic3h88,routing reset_seed = 65 k = 6 policy lr = 0.01
2039,3396,-29.26913547515869,o6ic3h88,routing reset_seed = 65 k = 6 policy lr = 0.01
2091,3682,-29.26913547515869,o6ic3h88,routing reset_seed = 65 k = 6 policy lr = 0.01
2209,3682,-27.730813026428223,o6ic3h88,routing reset_seed = 65 k = 6 policy lr = 0.01
2261,4866,-27.730813026428223,o6ic3h88,routing reset_seed = 65 k = 6 policy lr = 0.01
2379,4866,-27.10549831390381,o6ic3h88,routing reset_seed = 65 k = 6 policy lr = 0.01
2431,6085,-27.10549831390381,o6ic3h88,routing reset_seed = 65 k = 6 policy lr = 0.01
2549,6085,-26.069796562194824,o6ic3h88,routing reset_seed = 65 k = 6 policy lr = 0.01
2601,7690,-26.069796562194824,o6ic3h88,routing reset_seed = 65 k = 6 policy lr = 0.01
2719,7690,-25.816152572631836,o6ic3h88,routing reset_seed = 65 k = 6 policy lr = 0.01
2771,9240,-25.816152572631836,o6ic3h88,routing reset_seed = 65 k = 6 policy lr = 0.01
2889,9240,-28.143749237060547,o6ic3h88,routing reset_seed = 65 k = 6 policy lr = 0.01
2941,10729,-28.143749237060547,o6ic3h88,routing reset_seed = 65 k = 6 policy lr = 0.01
3059,10729,-28.25571918487549,o6ic3h88,routing reset_seed = 65 k = 6 policy lr = 0.01
3111,11744,-28.25571918487549,o6ic3h88,routing reset_seed = 65 k = 6 policy lr = 0.01
3229,11744,-29.84971523284912,o6ic3h88,routing reset_seed = 65 k = 6 policy lr = 0.01
3281,13181,-29.84971523284912,o6ic3h88,routing reset_seed = 65 k = 6 policy lr = 0.01
3399,13181,-29.445992469787598,o6ic3h88,routing reset_seed = 65 k = 6 policy lr = 0.01
3451,14187,-29.445992469787598,o6ic3h88,routing reset_seed = 65 k = 6 policy lr = 0.01
3569,14187,-30.37340259552002,o6ic3h88,routing reset_seed = 65 k = 6 policy lr = 0.01
3621,15825,-30.37340259552002,o6ic3h88,routing reset_seed = 65 k = 6 policy lr = 0.01
3739,15825,-29.363146781921387,o6ic3h88,routing reset_seed = 65 k = 6 policy lr = 0.01
3791,16974,-29.363146781921387,o6ic3h88,routing reset_seed = 65 k = 6 policy lr = 0.01
3909,16974,-28.64335536956787,o6ic3h88,routing reset_seed = 65 k = 6 policy lr = 0.01
3961,18163,-28.64335536956787,o6ic3h88,routing reset_seed = 65 k = 6 policy lr = 0.01
4079,18163,-30.92805576324463,o6ic3h88,routing reset_seed = 65 k = 6 policy lr = 0.01
4131,19351,-30.92805576324463,o6ic3h88,routing reset_seed = 65 k = 6 policy lr = 0.01
4249,19351,-30.03868293762207,o6ic3h88,routing reset_seed = 65 k = 6 policy lr = 0.01
4301,20361,-30.03868293762207,o6ic3h88,routing reset_seed = 65 k = 6 policy lr = 0.01
4419,20361,-33.16685771942139,o6ic3h88,routing reset_seed = 65 k = 6 policy lr = 0.01
4471,21394,-33.16685771942139,o6ic3h88,routing reset_seed = 65 k = 6 policy lr = 0.01
4589,21394,-30.75402069091797,o6ic3h88,routing reset_seed = 65 k = 6 policy lr = 0.01
4641,22489,-30.75402069091797,o6ic3h88,routing reset_seed = 65 k = 6 policy lr = 0.01
4759,22489,-31.183706283569336,o6ic3h88,routing reset_seed = 65 k = 6 policy lr = 0.01
4811,23361,-31.183706283569336,o6ic3h88,routing reset_seed = 65 k = 6 policy lr = 0.01
4929,23361,-31.154988288879395,o6ic3h88,routing reset_seed = 65 k = 6 policy lr = 0.01
4981,24395,-31.154988288879395,o6ic3h88,routing reset_seed = 65 k = 6 policy lr = 0.01
5099,24395,-31.084196090698242,o6ic3h88,routing reset_seed = 65 k = 6 policy lr = 0.01
5151,25239,-31.084196090698242,o6ic3h88,routing reset_seed = 65 k = 6 policy lr = 0.01
5269,25239,-30.096915245056152,o6ic3h88,routing reset_seed = 65 k = 6 policy lr = 0.01
5321,25959,-30.096915245056152,o6ic3h88,routing reset_seed = 65 k = 6 policy lr = 0.01
5439,25959,-29.985894203186035,o6ic3h88,routing reset_seed = 65 k = 6 policy lr = 0.01
5491,26828,-29.985894203186035,o6ic3h88,routing reset_seed = 65 k = 6 policy lr = 0.01
5609,26828,-28.88184928894043,o6ic3h88,routing reset_seed = 65 k = 6 policy lr = 0.01
5661,27804,-28.88184928894043,o6ic3h88,routing reset_seed = 65 k = 6 policy lr = 0.01
5779,27804,-29.19977855682373,o6ic3h88,routing reset_seed = 65 k = 6 policy lr = 0.01
5831,28587,-29.19977855682373,o6ic3h88,routing reset_seed = 65 k = 6 policy lr = 0.01
5949,28587,-28.97388458251953,o6ic3h88,routing reset_seed = 65 k = 6 policy lr = 0.01
6001,29235,-28.97388458251953,o6ic3h88,routing reset_seed = 65 k = 6 policy lr = 0.01
6119,29235,-27.581870079040527,o6ic3h88,routing reset_seed = 65 k = 6 policy lr = 0.01
6171,29991,-27.581870079040527,o6ic3h88,routing reset_seed = 65 k = 6 policy lr = 0.01
6289,29991,-27.231904983520508,o6ic3h88,routing reset_seed = 65 k = 6 policy lr = 0.01
6341,30660,-27.231904983520508,o6ic3h88,routing reset_seed = 65 k = 6 policy lr = 0.01
6459,30660,-28.11627769470215,o6ic3h88,routing reset_seed = 65 k = 6 policy lr = 0.01
6511,31517,-28.11627769470215,o6ic3h88,routing reset_seed = 65 k = 6 policy lr = 0.01
6629,31517,-27.391654014587402,o6ic3h88,routing reset_seed = 65 k = 6 policy lr = 0.01
6681,32376,-27.391654014587402,o6ic3h88,routing reset_seed = 65 k = 6 policy lr = 0.01
6799,32376,-27.333399772644043,o6ic3h88,routing reset_seed = 65 k = 6 policy lr = 0.01
6851,32930,-27.333399772644043,o6ic3h88,routing reset_seed = 65 k = 6 policy lr = 0.01
6969,32930,-26.299338340759277,o6ic3h88,routing reset_seed = 65 k = 6 policy lr = 0.01
7021,33354,-26.299338340759277,o6ic3h88,routing reset_seed = 65 k = 6 policy lr = 0.01
7139,33354,-26.4883451461792,o6ic3h88,routing reset_seed = 65 k = 6 policy lr = 0.01
7191,33787,-26.4883451461792,o6ic3h88,routing reset_seed = 65 k = 6 policy lr = 0.01
7309,33787,-25.78483772277832,o6ic3h88,routing reset_seed = 65 k = 6 policy lr = 0.01
7361,34430,-25.78483772277832,o6ic3h88,routing reset_seed = 65 k = 6 policy lr = 0.01
7479,34430,-25.321398735046387,o6ic3h88,routing reset_seed = 65 k = 6 policy lr = 0.01
7531,35455,-25.321398735046387,o6ic3h88,routing reset_seed = 65 k = 6 policy lr = 0.01
7649,35455,-24.53684711456299,o6ic3h88,routing reset_seed = 65 k = 6 policy lr = 0.01
7701,36035,-24.53684711456299,o6ic3h88,routing reset_seed = 65 k = 6 policy lr = 0.01
7819,36035,-24.032869338989258,o6ic3h88,routing reset_seed = 65 k = 6 policy lr = 0.01
7871,36730,-24.032869338989258,o6ic3h88,routing reset_seed = 65 k = 6 policy lr = 0.01
7989,36730,-24.291992664337158,o6ic3h88,routing reset_seed = 65 k = 6 policy lr = 0.01
8041,37311,-24.291992664337158,o6ic3h88,routing reset_seed = 65 k = 6 policy lr = 0.01
8159,37311,-23.529440879821777,o6ic3h88,routing reset_seed = 65 k = 6 policy lr = 0.01
8211,38023,-23.529440879821777,o6ic3h88,routing reset_seed = 65 k = 6 policy lr = 0.01
8329,38023,-23.54843521118164,o6ic3h88,routing reset_seed = 65 k = 6 policy lr = 0.01
8381,38611,-23.54843521118164,o6ic3h88,routing reset_seed = 65 k = 6 policy lr = 0.01
8499,38611,-23.2548189163208,o6ic3h88,routing reset_seed = 65 k = 6 policy lr = 0.01
8551,39465,-23.2548189163208,o6ic3h88,routing reset_seed = 65 k = 6 policy lr = 0.01
8669,39465,-22.20224142074585,o6ic3h88,routing reset_seed = 65 k = 6 policy lr = 0.01
8721,39962,-22.20224142074585,o6ic3h88,routing reset_seed = 65 k = 6 policy lr = 0.01
8839,39962,-22.494447231292725,o6ic3h88,routing reset_seed = 65 k = 6 policy lr = 0.01
8891,40576,-22.494447231292725,o6ic3h88,routing reset_seed = 65 k = 6 policy lr = 0.01
9009,40576,-23.112186431884766,o6ic3h88,routing reset_seed = 65 k = 6 policy lr = 0.01
9061,41062,-23.112186431884766,o6ic3h88,routing reset_seed = 65 k = 6 policy lr = 0.01
9179,41062,-22.642211437225342,o6ic3h88,routing reset_seed = 65 k = 6 policy lr = 0.01
9231,41917,-22.642211437225342,o6ic3h88,routing reset_seed = 65 k = 6 policy lr = 0.01
9349,41917,-22.91028881072998,o6ic3h88,routing reset_seed = 65 k = 6 policy lr = 0.01
9401,42308,-22.91028881072998,o6ic3h88,routing reset_seed = 65 k = 6 policy lr = 0.01
9519,42308,-22.284353256225586,o6ic3h88,routing reset_seed = 65 k = 6 policy lr = 0.01
9571,43107,-22.284353256225586,o6ic3h88,routing reset_seed = 65 k = 6 policy lr = 0.01
9689,43107,-22.22837209701538,o6ic3h88,routing reset_seed = 65 k = 6 policy lr = 0.01
9741,43662,-22.22837209701538,o6ic3h88,routing reset_seed = 65 k = 6 policy lr = 0.01
9859,43662,-21.84396457672119,o6ic3h88,routing reset_seed = 65 k = 6 policy lr = 0.01
9911,44177,-21.84396457672119,o6ic3h88,routing reset_seed = 65 k = 6 policy lr = 0.01
10029,44177,-21.300844192504883,o6ic3h88,routing reset_seed = 65 k = 6 policy lr = 0.01
10081,44848,-21.300844192504883,o6ic3h88,routing reset_seed = 65 k = 6 policy lr = 0.01
10199,44848,-21.239632606506348,o6ic3h88,routing reset_seed = 65 k = 6 policy lr = 0.01
10251,45739,-21.239632606506348,o6ic3h88,routing reset_seed = 65 k = 6 policy lr = 0.01
10369,45739,-21.33535671234131,o6ic3h88,routing reset_seed = 65 k = 6 policy lr = 0.01
10421,46541,-21.33535671234131,o6ic3h88,routing reset_seed = 65 k = 6 policy lr = 0.01
10539,46541,-20.596367835998535,o6ic3h88,routing reset_seed = 65 k = 6 policy lr = 0.01
10591,46979,-20.596367835998535,o6ic3h88,routing reset_seed = 65 k = 6 policy lr = 0.01
10709,46979,-21.149144172668457,o6ic3h88,routing reset_seed = 65 k = 6 policy lr = 0.01
10761,47469,-21.149144172668457,o6ic3h88,routing reset_seed = 65 k = 6 policy lr = 0.01
10879,47469,-19.960092067718506,o6ic3h88,routing reset_seed = 65 k = 6 policy lr = 0.01
10931,47859,-19.960092067718506,o6ic3h88,routing reset_seed = 65 k = 6 policy lr = 0.01
11049,47859,-20.93103265762329,o6ic3h88,routing reset_seed = 65 k = 6 policy lr = 0.01
11101,48459,-20.93103265762329,o6ic3h88,routing reset_seed = 65 k = 6 policy lr = 0.01
11219,48459,-20.533844470977783,o6ic3h88,routing reset_seed = 65 k = 6 policy lr = 0.01
11271,49091,-20.533844470977783,o6ic3h88,routing reset_seed = 65 k = 6 policy lr = 0.01
11389,49091,-20.79200839996338,o6ic3h88,routing reset_seed = 65 k = 6 policy lr = 0.01
11441,49982,-20.79200839996338,o6ic3h88,routing reset_seed = 65 k = 6 policy lr = 0.01
11559,49982,-19.90651512145996,o6ic3h88,routing reset_seed = 65 k = 6 policy lr = 0.01
11611,50444,-19.90651512145996,o6ic3h88,routing reset_seed = 65 k = 6 policy lr = 0.01
11729,50444,-20.60275173187256,o6ic3h88,routing reset_seed = 65 k = 6 policy lr = 0.01
11781,50948,-20.60275173187256,o6ic3h88,routing reset_seed = 65 k = 6 policy lr = 0.01
11899,50948,-20.40911293029785,o6ic3h88,routing reset_seed = 65 k = 6 policy lr = 0.01
11951,51687,-20.40911293029785,o6ic3h88,routing reset_seed = 65 k = 6 policy lr = 0.01
12069,51687,-20.21091604232788,o6ic3h88,routing reset_seed = 65 k = 6 policy lr = 0.01
12121,51969,-20.21091604232788,o6ic3h88,routing reset_seed = 65 k = 6 policy lr = 0.01
12239,51969,-19.312414169311523,o6ic3h88,routing reset_seed = 65 k = 6 policy lr = 0.01
12291,52405,-19.312414169311523,o6ic3h88,routing reset_seed = 65 k = 6 policy lr = 0.01
12409,52405,-19.964658737182617,o6ic3h88,routing reset_seed = 65 k = 6 policy lr = 0.01
12461,52892,-19.964658737182617,o6ic3h88,routing reset_seed = 65 k = 6 policy lr = 0.01
12579,52892,-19.570362091064453,o6ic3h88,routing reset_seed = 65 k = 6 policy lr = 0.01
12631,53540,-19.570362091064453,o6ic3h88,routing reset_seed = 65 k = 6 policy lr = 0.01
12749,53540,-20.490190982818604,o6ic3h88,routing reset_seed = 65 k = 6 policy lr = 0.01
12801,53959,-20.490190982818604,o6ic3h88,routing reset_seed = 65 k = 6 policy lr = 0.01
12919,53959,-20.566709518432617,o6ic3h88,routing reset_seed = 65 k = 6 policy lr = 0.01
12971,54352,-20.566709518432617,o6ic3h88,routing reset_seed = 65 k = 6 policy lr = 0.01
13089,54352,-19.851051330566406,o6ic3h88,routing reset_seed = 65 k = 6 policy lr = 0.01
13141,54626,-19.851051330566406,o6ic3h88,routing reset_seed = 65 k = 6 policy lr = 0.01
13259,54626,-20.54254913330078,o6ic3h88,routing reset_seed = 65 k = 6 policy lr = 0.01
13311,55177,-20.54254913330078,o6ic3h88,routing reset_seed = 65 k = 6 policy lr = 0.01
13429,55177,-20.17698335647583,o6ic3h88,routing reset_seed = 65 k = 6 policy lr = 0.01
13481,55571,-20.17698335647583,o6ic3h88,routing reset_seed = 65 k = 6 policy lr = 0.01
13599,55571,-20.49585723876953,o6ic3h88,routing reset_seed = 65 k = 6 policy lr = 0.01
13651,55869,-20.49585723876953,o6ic3h88,routing reset_seed = 65 k = 6 policy lr = 0.01
13769,55869,-19.651068687438965,o6ic3h88,routing reset_seed = 65 k = 6 policy lr = 0.01
13821,56430,-19.651068687438965,o6ic3h88,routing reset_seed = 65 k = 6 policy lr = 0.01
13939,56430,-20.613699436187744,o6ic3h88,routing reset_seed = 65 k = 6 policy lr = 0.01
13991,57050,-20.613699436187744,o6ic3h88,routing reset_seed = 65 k = 6 policy lr = 0.01
14109,57050,-19.9371657371521,o6ic3h88,routing reset_seed = 65 k = 6 policy lr = 0.01
14161,57470,-19.9371657371521,o6ic3h88,routing reset_seed = 65 k = 6 policy lr = 0.01
14279,57470,-19.880502223968506,o6ic3h88,routing reset_seed = 65 k = 6 policy lr = 0.01
14331,57919,-19.880502223968506,o6ic3h88,routing reset_seed = 65 k = 6 policy lr = 0.01
14449,57919,-20.38111686706543,o6ic3h88,routing reset_seed = 65 k = 6 policy lr = 0.01
14501,58188,-20.38111686706543,o6ic3h88,routing reset_seed = 65 k = 6 policy lr = 0.01
14619,58188,-20.551374912261963,o6ic3h88,routing reset_seed = 65 k = 6 policy lr = 0.01
14671,58619,-20.551374912261963,o6ic3h88,routing reset_seed = 65 k = 6 policy lr = 0.01
14789,58619,-19.852386474609375,o6ic3h88,routing reset_seed = 65 k = 6 policy lr = 0.01
14841,59367,-19.852386474609375,o6ic3h88,routing reset_seed = 65 k = 6 policy lr = 0.01
14959,59367,-20.251193046569824,o6ic3h88,routing reset_seed = 65 k = 6 policy lr = 0.01
15011,59937,-20.251193046569824,o6ic3h88,routing reset_seed = 65 k = 6 policy lr = 0.01
15129,59937,-19.447306632995605,o6ic3h88,routing reset_seed = 65 k = 6 policy lr = 0.01
15181,60449,-19.447306632995605,o6ic3h88,routing reset_seed = 65 k = 6 policy lr = 0.01
15299,60449,-19.859778881072998,o6ic3h88,routing reset_seed = 65 k = 6 policy lr = 0.01
15351,61039,-19.859778881072998,o6ic3h88,routing reset_seed = 65 k = 6 policy lr = 0.01
15469,61039,-20.01174306869507,o6ic3h88,routing reset_seed = 65 k = 6 policy lr = 0.01
15521,61386,-20.01174306869507,o6ic3h88,routing reset_seed = 65 k = 6 policy lr = 0.01
15639,61386,-20.38377571105957,o6ic3h88,routing reset_seed = 65 k = 6 policy lr = 0.01
15691,61703,-20.38377571105957,o6ic3h88,routing reset_seed = 65 k = 6 policy lr = 0.01
15809,61703,-19.171532154083252,o6ic3h88,routing reset_seed = 65 k = 6 policy lr = 0.01
15861,62328,-19.171532154083252,o6ic3h88,routing reset_seed = 65 k = 6 policy lr = 0.01
15979,62328,-20.16249656677246,o6ic3h88,routing reset_seed = 65 k = 6 policy lr = 0.01
16031,62910,-20.16249656677246,o6ic3h88,routing reset_seed = 65 k = 6 policy lr = 0.01
16149,62910,-18.8861141204834,o6ic3h88,routing reset_seed = 65 k = 6 policy lr = 0.01
16201,63249,-18.8861141204834,o6ic3h88,routing reset_seed = 65 k = 6 policy lr = 0.01
16319,63249,-18.808040142059326,o6ic3h88,routing reset_seed = 65 k = 6 policy lr = 0.01
16371,63727,-18.808040142059326,o6ic3h88,routing reset_seed = 65 k = 6 policy lr = 0.01
16489,63727,-19.57755994796753,o6ic3h88,routing reset_seed = 65 k = 6 policy lr = 0.01
16541,64111,-19.57755994796753,o6ic3h88,routing reset_seed = 65 k = 6 policy lr = 0.01
16659,64111,-18.58766460418701,o6ic3h88,routing reset_seed = 65 k = 6 policy lr = 0.01
16711,64669,-18.58766460418701,o6ic3h88,routing reset_seed = 65 k = 6 policy lr = 0.01
16829,64669,-18.63287591934204,o6ic3h88,routing reset_seed = 65 k = 6 policy lr = 0.01
16881,65083,-18.63287591934204,o6ic3h88,routing reset_seed = 65 k = 6 policy lr = 0.01
16999,65083,-18.909149169921875,o6ic3h88,routing reset_seed = 65 k = 6 policy lr = 0.01
17051,65657,-18.909149169921875,o6ic3h88,routing reset_seed = 65 k = 6 policy lr = 0.01
17169,65657,-17.95531177520752,o6ic3h88,routing reset_seed = 65 k = 6 policy lr = 0.01
17221,66323,-17.95531177520752,o6ic3h88,routing reset_seed = 65 k = 6 policy lr = 0.01
17339,66323,-18.19165849685669,o6ic3h88,routing reset_seed = 65 k = 6 policy lr = 0.01
17391,67124,-18.19165849685669,o6ic3h88,routing reset_seed = 65 k = 6 policy lr = 0.01
17509,67124,-18.05718469619751,o6ic3h88,routing reset_seed = 65 k = 6 policy lr = 0.01
17561,67541,-18.05718469619751,o6ic3h88,routing reset_seed = 65 k = 6 policy lr = 0.01
17679,67541,-17.898991107940674,o6ic3h88,routing reset_seed = 65 k = 6 policy lr = 0.01
17731,68157,-17.898991107940674,o6ic3h88,routing reset_seed = 65 k = 6 policy lr = 0.01
17849,68157,-18.184797763824463,o6ic3h88,routing reset_seed = 65 k = 6 policy lr = 0.01
17901,68719,-18.184797763824463,o6ic3h88,routing reset_seed = 65 k = 6 policy lr = 0.01
18019,68719,-18.97463607788086,o6ic3h88,routing reset_seed = 65 k = 6 policy lr = 0.01
18071,69298,-18.97463607788086,o6ic3h88,routing reset_seed = 65 k = 6 policy lr = 0.01
18189,69298,-18.157663822174072,o6ic3h88,routing reset_seed = 65 k = 6 policy lr = 0.01
18241,69643,-18.157663822174072,o6ic3h88,routing reset_seed = 65 k = 6 policy lr = 0.01
18359,69643,-18.243223667144775,o6ic3h88,routing reset_seed = 65 k = 6 policy lr = 0.01
18411,70135,-18.243223667144775,o6ic3h88,routing reset_seed = 65 k = 6 policy lr = 0.01
18529,70135,-18.084519386291504,o6ic3h88,routing reset_seed = 65 k = 6 policy lr = 0.01
18581,70917,-18.084519386291504,o6ic3h88,routing reset_seed = 65 k = 6 policy lr = 0.01
18699,70917,-18.191238403320312,o6ic3h88,routing reset_seed = 65 k = 6 policy lr = 0.01
18751,71598,-18.191238403320312,o6ic3h88,routing reset_seed = 65 k = 6 policy lr = 0.01
18869,71598,-18.709274291992188,o6ic3h88,routing reset_seed = 65 k = 6 policy lr = 0.01
18921,72302,-18.709274291992188,o6ic3h88,routing reset_seed = 65 k = 6 policy lr = 0.01
19039,72302,-18.421457767486572,o6ic3h88,routing reset_seed = 65 k = 6 policy lr = 0.01
19091,73025,-18.421457767486572,o6ic3h88,routing reset_seed = 65 k = 6 policy lr = 0.01
19209,73025,-17.919496059417725,o6ic3h88,routing reset_seed = 65 k = 6 policy lr = 0.01
19261,73600,-17.919496059417725,o6ic3h88,routing reset_seed = 65 k = 6 policy lr = 0.01
19379,73600,-17.646507263183594,o6ic3h88,routing reset_seed = 65 k = 6 policy lr = 0.01
19431,74274,-17.646507263183594,o6ic3h88,routing reset_seed = 65 k = 6 policy lr = 0.01
19549,74274,-17.930431365966797,o6ic3h88,routing reset_seed = 65 k = 6 policy lr = 0.01
19601,75130,-17.930431365966797,o6ic3h88,routing reset_seed = 65 k = 6 policy lr = 0.01
19719,75130,-18.23233461380005,o6ic3h88,routing reset_seed = 65 k = 6 policy lr = 0.01
19771,75369,-18.23233461380005,o6ic3h88,routing reset_seed = 65 k = 6 policy lr = 0.01
19889,75369,-17.536091327667236,o6ic3h88,routing reset_seed = 65 k = 6 policy lr = 0.01
19941,75686,-17.536091327667236,o6ic3h88,routing reset_seed = 65 k = 6 policy lr = 0.01
20059,75686,-17.805975437164307,o6ic3h88,routing reset_seed = 65 k = 6 policy lr = 0.01
20111,76602,-17.805975437164307,o6ic3h88,routing reset_seed = 65 k = 6 policy lr = 0.01
20229,76602,-18.363574028015137,o6ic3h88,routing reset_seed = 65 k = 6 policy lr = 0.01
20281,77452,-18.363574028015137,o6ic3h88,routing reset_seed = 65 k = 6 policy lr = 0.01
20399,77452,-17.466283321380615,o6ic3h88,routing reset_seed = 65 k = 6 policy lr = 0.01
20451,78086,-17.466283321380615,o6ic3h88,routing reset_seed = 65 k = 6 policy lr = 0.01
20569,78086,-17.88972043991089,o6ic3h88,routing reset_seed = 65 k = 6 policy lr = 0.01
20621,78865,-17.88972043991089,o6ic3h88,routing reset_seed = 65 k = 6 policy lr = 0.01
20739,78865,-17.351886749267578,o6ic3h88,routing reset_seed = 65 k = 6 policy lr = 0.01
20791,79503,-17.351886749267578,o6ic3h88,routing reset_seed = 65 k = 6 policy lr = 0.01
20909,79503,-16.924657344818115,o6ic3h88,routing reset_seed = 65 k = 6 policy lr = 0.01
20961,80203,-16.924657344818115,o6ic3h88,routing reset_seed = 65 k = 6 policy lr = 0.01
21079,80203,-16.96816110610962,o6ic3h88,routing reset_seed = 65 k = 6 policy lr = 0.01
21131,81049,-16.96816110610962,o6ic3h88,routing reset_seed = 65 k = 6 policy lr = 0.01
21249,81049,-16.846518993377686,o6ic3h88,routing reset_seed = 65 k = 6 policy lr = 0.01
21301,81532,-16.846518993377686,o6ic3h88,routing reset_seed = 65 k = 6 policy lr = 0.01
21419,81532,-18.084960460662842,o6ic3h88,routing reset_seed = 65 k = 6 policy lr = 0.01
21471,82155,-18.084960460662842,o6ic3h88,routing reset_seed = 65 k = 6 policy lr = 0.01
21589,82155,-17.880762100219727,o6ic3h88,routing reset_seed = 65 k = 6 policy lr = 0.01
21641,82735,-17.880762100219727,o6ic3h88,routing reset_seed = 65 k = 6 policy lr = 0.01
21759,82735,-16.840452194213867,o6ic3h88,routing reset_seed = 65 k = 6 policy lr = 0.01
21811,83399,-16.840452194213867,o6ic3h88,routing reset_seed = 65 k = 6 policy lr = 0.01
21929,83399,-17.265300750732422,o6ic3h88,routing reset_seed = 65 k = 6 policy lr = 0.01
21981,83984,-17.265300750732422,o6ic3h88,routing reset_seed = 65 k = 6 policy lr = 0.01
22099,83984,-17.522417068481445,o6ic3h88,routing reset_seed = 65 k = 6 policy lr = 0.01
22151,84579,-17.522417068481445,o6ic3h88,routing reset_seed = 65 k = 6 policy lr = 0.01
22269,84579,-17.21134042739868,o6ic3h88,routing reset_seed = 65 k = 6 policy lr = 0.01
22321,85339,-17.21134042739868,o6ic3h88,routing reset_seed = 65 k = 6 policy lr = 0.01
22439,85339,-16.69429063796997,o6ic3h88,routing reset_seed = 65 k = 6 policy lr = 0.01
22491,85898,-16.69429063796997,o6ic3h88,routing reset_seed = 65 k = 6 policy lr = 0.01
22609,85898,-17.04696035385132,o6ic3h88,routing reset_seed = 65 k = 6 policy lr = 0.01
22661,86556,-17.04696035385132,o6ic3h88,routing reset_seed = 65 k = 6 policy lr = 0.01
22779,86556,-16.81424570083618,o6ic3h88,routing reset_seed = 65 k = 6 policy lr = 0.01
22831,87304,-16.81424570083618,o6ic3h88,routing reset_seed = 65 k = 6 policy lr = 0.01
22949,87304,-16.16281795501709,o6ic3h88,routing reset_seed = 65 k = 6 policy lr = 0.01
23001,88194,-16.16281795501709,o6ic3h88,routing reset_seed = 65 k = 6 policy lr = 0.01
23119,88194,-16.145803451538086,o6ic3h88,routing reset_seed = 65 k = 6 policy lr = 0.01
23171,88653,-16.145803451538086,o6ic3h88,routing reset_seed = 65 k = 6 policy lr = 0.01
23289,88653,-16.087286949157715,o6ic3h88,routing reset_seed = 65 k = 6 policy lr = 0.01
23341,89072,-16.087286949157715,o6ic3h88,routing reset_seed = 65 k = 6 policy lr = 0.01
23459,89072,-17.236605167388916,o6ic3h88,routing reset_seed = 65 k = 6 policy lr = 0.01
23511,89709,-17.236605167388916,o6ic3h88,routing reset_seed = 65 k = 6 policy lr = 0.01
23629,89709,-17.34731149673462,o6ic3h88,routing reset_seed = 65 k = 6 policy lr = 0.01
23681,90198,-17.34731149673462,o6ic3h88,routing reset_seed = 65 k = 6 policy lr = 0.01
23799,90198,-16.574132442474365,o6ic3h88,routing reset_seed = 65 k = 6 policy lr = 0.01
23851,90830,-16.574132442474365,o6ic3h88,routing reset_seed = 65 k = 6 policy lr = 0.01
23969,90830,-17.301466941833496,o6ic3h88,routing reset_seed = 65 k = 6 policy lr = 0.01
24021,91691,-17.301466941833496,o6ic3h88,routing reset_seed = 65 k = 6 policy lr = 0.01
24139,91691,-16.8216552734375,o6ic3h88,routing reset_seed = 65 k = 6 policy lr = 0.01
24191,92372,-16.8216552734375,o6ic3h88,routing reset_seed = 65 k = 6 policy lr = 0.01
24309,92372,-16.349076747894287,o6ic3h88,routing reset_seed = 65 k = 6 policy lr = 0.01
24361,92742,-16.349076747894287,o6ic3h88,routing reset_seed = 65 k = 6 policy lr = 0.01
24479,92742,-15.86286973953247,o6ic3h88,routing reset_seed = 65 k = 6 policy lr = 0.01
24531,93400,-15.86286973953247,o6ic3h88,routing reset_seed = 65 k = 6 policy lr = 0.01
24649,93400,-16.400769233703613,o6ic3h88,routing reset_seed = 65 k = 6 policy lr = 0.01
24701,93991,-16.400769233703613,o6ic3h88,routing reset_seed = 65 k = 6 policy lr = 0.01
24819,93991,-16.719507217407227,o6ic3h88,routing reset_seed = 65 k = 6 policy lr = 0.01
24871,94465,-16.719507217407227,o6ic3h88,routing reset_seed = 65 k = 6 policy lr = 0.01
24989,94465,-17.03606081008911,o6ic3h88,routing reset_seed = 65 k = 6 policy lr = 0.01
25041,94850,-17.03606081008911,o6ic3h88,routing reset_seed = 65 k = 6 policy lr = 0.01
25159,94850,-15.989105701446533,o6ic3h88,routing reset_seed = 65 k = 6 policy lr = 0.01
25211,95321,-15.989105701446533,o6ic3h88,routing reset_seed = 65 k = 6 policy lr = 0.01
25329,95321,-16.37012243270874,o6ic3h88,routing reset_seed = 65 k = 6 policy lr = 0.01
25381,95752,-16.37012243270874,o6ic3h88,routing reset_seed = 65 k = 6 policy lr = 0.01
25499,95752,-17.12441635131836,o6ic3h88,routing reset_seed = 65 k = 6 policy lr = 0.01
25551,96326,-17.12441635131836,o6ic3h88,routing reset_seed = 65 k = 6 policy lr = 0.01
25669,96326,-16.87716245651245,o6ic3h88,routing reset_seed = 65 k = 6 policy lr = 0.01
25721,96970,-16.87716245651245,o6ic3h88,routing reset_seed = 65 k = 6 policy lr = 0.01
25839,96970,-15.780757427215576,o6ic3h88,routing reset_seed = 65 k = 6 policy lr = 0.01
25891,97542,-15.780757427215576,o6ic3h88,routing reset_seed = 65 k = 6 policy lr = 0.01
26009,97542,-16.041826248168945,o6ic3h88,routing reset_seed = 65 k = 6 policy lr = 0.01
26061,98103,-16.041826248168945,o6ic3h88,routing reset_seed = 65 k = 6 policy lr = 0.01
26179,98103,-17.027772426605225,o6ic3h88,routing reset_seed = 65 k = 6 policy lr = 0.01
26231,98637,-17.027772426605225,o6ic3h88,routing reset_seed = 65 k = 6 policy lr = 0.01
26349,98637,-16.393420696258545,o6ic3h88,routing reset_seed = 65 k = 6 policy lr = 0.01
26401,99335,-16.393420696258545,o6ic3h88,routing reset_seed = 65 k = 6 policy lr = 0.01
26519,99335,-16.680644989013672,o6ic3h88,routing reset_seed = 65 k = 6 policy lr = 0.01
26571,99881,-16.680644989013672,o6ic3h88,routing reset_seed = 65 k = 6 policy lr = 0.01
26689,99881,-16.3582124710083,o6ic3h88,routing reset_seed = 65 k = 6 policy lr = 0.01
26741,100244,-16.3582124710083,o6ic3h88,routing reset_seed = 65 k = 6 policy lr = 0.01
26859,100244,-15.840385437011719,o6ic3h88,routing reset_seed = 65 k = 6 policy lr = 0.01
26911,100760,-15.840385437011719,o6ic3h88,routing reset_seed = 65 k = 6 policy lr = 0.01
27029,100760,-15.678638458251953,o6ic3h88,routing reset_seed = 65 k = 6 policy lr = 0.01
27081,101394,-15.678638458251953,o6ic3h88,routing reset_seed = 65 k = 6 policy lr = 0.01
27199,101394,-16.099782466888428,o6ic3h88,routing reset_seed = 65 k = 6 policy lr = 0.01
27251,102227,-16.099782466888428,o6ic3h88,routing reset_seed = 65 k = 6 policy lr = 0.01
27369,102227,-16.220439910888672,o6ic3h88,routing reset_seed = 65 k = 6 policy lr = 0.01
27421,102714,-16.220439910888672,o6ic3h88,routing reset_seed = 65 k = 6 policy lr = 0.01
27539,102714,-17.049619674682617,o6ic3h88,routing reset_seed = 65 k = 6 policy lr = 0.01
27591,103354,-17.049619674682617,o6ic3h88,routing reset_seed = 65 k = 6 policy lr = 0.01
27709,103354,-16.05142307281494,o6ic3h88,routing reset_seed = 65 k = 6 policy lr = 0.01
27761,104113,-16.05142307281494,o6ic3h88,routing reset_seed = 65 k = 6 policy lr = 0.01
27879,104113,-16.37137460708618,o6ic3h88,routing reset_seed = 65 k = 6 policy lr = 0.01
27931,104700,-16.37137460708618,o6ic3h88,routing reset_seed = 65 k = 6 policy lr = 0.01
28049,104700,-17.225317001342773,o6ic3h88,routing reset_seed = 65 k = 6 policy lr = 0.01
28101,105327,-17.225317001342773,o6ic3h88,routing reset_seed = 65 k = 6 policy lr = 0.01
28219,105327,-16.352056980133057,o6ic3h88,routing reset_seed = 65 k = 6 policy lr = 0.01
28271,106032,-16.352056980133057,o6ic3h88,routing reset_seed = 65 k = 6 policy lr = 0.01
28389,106032,-15.951957702636719,o6ic3h88,routing reset_seed = 65 k = 6 policy lr = 0.01
28441,106783,-15.951957702636719,o6ic3h88,routing reset_seed = 65 k = 6 policy lr = 0.01
28559,106783,-16.438618659973145,o6ic3h88,routing reset_seed = 65 k = 6 policy lr = 0.01
28611,107562,-16.438618659973145,o6ic3h88,routing reset_seed = 65 k = 6 policy lr = 0.01
28729,107562,-15.953485012054443,o6ic3h88,routing reset_seed = 65 k = 6 policy lr = 0.01
28781,108447,-15.953485012054443,o6ic3h88,routing reset_seed = 65 k = 6 policy lr = 0.01
28899,108447,-16.6108136177063,o6ic3h88,routing reset_seed = 65 k = 6 policy lr = 0.01
28951,109307,-16.6108136177063,o6ic3h88,routing reset_seed = 65 k = 6 policy lr = 0.01
29069,109307,-16.677927494049072,o6ic3h88,routing reset_seed = 65 k = 6 policy lr = 0.01
29121,110318,-16.677927494049072,o6ic3h88,routing reset_seed = 65 k = 6 policy lr = 0.01
29239,110318,-15.516769886016846,o6ic3h88,routing reset_seed = 65 k = 6 policy lr = 0.01
29291,111514,-15.516769886016846,o6ic3h88,routing reset_seed = 65 k = 6 policy lr = 0.01
29409,111514,-16.265578269958496,o6ic3h88,routing reset_seed = 65 k = 6 policy lr = 0.01
29461,112678,-16.265578269958496,o6ic3h88,routing reset_seed = 65 k = 6 policy lr = 0.01
29579,112678,-16.345455646514893,o6ic3h88,routing reset_seed = 65 k = 6 policy lr = 0.01
29631,113874,-16.345455646514893,o6ic3h88,routing reset_seed = 65 k = 6 policy lr = 0.01
29749,113874,-15.556982040405273,o6ic3h88,routing reset_seed = 65 k = 6 policy lr = 0.01
29801,115067,-15.556982040405273,o6ic3h88,routing reset_seed = 65 k = 6 policy lr = 0.01
29919,115067,-15.78743839263916,o6ic3h88,routing reset_seed = 65 k = 6 policy lr = 0.01
29971,116142,-15.78743839263916,o6ic3h88,routing reset_seed = 65 k = 6 policy lr = 0.01
30089,116142,-16.15394687652588,o6ic3h88,routing reset_seed = 65 k = 6 policy lr = 0.01
30141,117405,-16.15394687652588,o6ic3h88,routing reset_seed = 65 k = 6 policy lr = 0.01
30259,117405,-16.01753044128418,o6ic3h88,routing reset_seed = 65 k = 6 policy lr = 0.01
30311,118502,-16.01753044128418,o6ic3h88,routing reset_seed = 65 k = 6 policy lr = 0.01
30429,118502,-16.217241764068604,o6ic3h88,routing reset_seed = 65 k = 6 policy lr = 0.01
30481,119624,-16.217241764068604,o6ic3h88,routing reset_seed = 65 k = 6 policy lr = 0.01
30599,119624,-15.405950546264648,o6ic3h88,routing reset_seed = 65 k = 6 policy lr = 0.01
30651,120646,-15.405950546264648,o6ic3h88,routing reset_seed = 65 k = 6 policy lr = 0.01
30769,120646,-15.673882484436035,o6ic3h88,routing reset_seed = 65 k = 6 policy lr = 0.01
30821,121715,-15.673882484436035,o6ic3h88,routing reset_seed = 65 k = 6 policy lr = 0.01
30939,121715,-15.521032810211182,o6ic3h88,routing reset_seed = 65 k = 6 policy lr = 0.01
30991,122760,-15.521032810211182,o6ic3h88,routing reset_seed = 65 k = 6 policy lr = 0.01
31109,122760,-16.308290481567383,o6ic3h88,routing reset_seed = 65 k = 6 policy lr = 0.01
31161,123768,-16.308290481567383,o6ic3h88,routing reset_seed = 65 k = 6 policy lr = 0.01
31279,123768,-16.310328483581543,o6ic3h88,routing reset_seed = 65 k = 6 policy lr = 0.01
31331,124913,-16.310328483581543,o6ic3h88,routing reset_seed = 65 k = 6 policy lr = 0.01
31449,124913,-15.551689624786377,o6ic3h88,routing reset_seed = 65 k = 6 policy lr = 0.01
31501,125996,-15.551689624786377,o6ic3h88,routing reset_seed = 65 k = 6 policy lr = 0.01
31619,125996,-15.924728870391846,o6ic3h88,routing reset_seed = 65 k = 6 policy lr = 0.01
31671,127243,-15.924728870391846,o6ic3h88,routing reset_seed = 65 k = 6 policy lr = 0.01
31789,127243,-16.115618228912354,o6ic3h88,routing reset_seed = 65 k = 6 policy lr = 0.01
31841,128230,-16.115618228912354,o6ic3h88,routing reset_seed = 65 k = 6 policy lr = 0.01
31959,128230,-15.087531089782715,o6ic3h88,routing reset_seed = 65 k = 6 policy lr = 0.01
32011,129429,-15.087531089782715,o6ic3h88,routing reset_seed = 65 k = 6 policy lr = 0.01
32129,129429,-16.40088653564453,o6ic3h88,routing reset_seed = 65 k = 6 policy lr = 0.01
32181,130429,-16.40088653564453,o6ic3h88,routing reset_seed = 65 k = 6 policy lr = 0.01
32299,130429,-15.742719650268555,o6ic3h88,routing reset_seed = 65 k = 6 policy lr = 0.01
32351,131528,-15.742719650268555,o6ic3h88,routing reset_seed = 65 k = 6 policy lr = 0.01
32469,131528,-15.802996158599854,o6ic3h88,routing reset_seed = 65 k = 6 policy lr = 0.01
32521,132708,-15.802996158599854,o6ic3h88,routing reset_seed = 65 k = 6 policy lr = 0.01
32639,132708,-15.60771131515503,o6ic3h88,routing reset_seed = 65 k = 6 policy lr = 0.01
32691,133834,-15.60771131515503,o6ic3h88,routing reset_seed = 65 k = 6 policy lr = 0.01
32809,133834,-16.319934368133545,o6ic3h88,routing reset_seed = 65 k = 6 policy lr = 0.01
32861,135158,-16.319934368133545,o6ic3h88,routing reset_seed = 65 k = 6 policy lr = 0.01
32979,135158,-15.803085803985596,o6ic3h88,routing reset_seed = 65 k = 6 policy lr = 0.01
33031,136452,-15.803085803985596,o6ic3h88,routing reset_seed = 65 k = 6 policy lr = 0.01
33149,136452,-15.34920597076416,o6ic3h88,routing reset_seed = 65 k = 6 policy lr = 0.01
33201,137668,-15.34920597076416,o6ic3h88,routing reset_seed = 65 k = 6 policy lr = 0.01
33319,137668,-15.628079891204834,o6ic3h88,routing reset_seed = 65 k = 6 policy lr = 0.01
33371,138962,-15.628079891204834,o6ic3h88,routing reset_seed = 65 k = 6 policy lr = 0.01
33489,138962,-15.556049346923828,o6ic3h88,routing reset_seed = 65 k = 6 policy lr = 0.01
33541,140033,-15.556049346923828,o6ic3h88,routing reset_seed = 65 k = 6 policy lr = 0.01
33659,140033,-14.827582359313965,o6ic3h88,routing reset_seed = 65 k = 6 policy lr = 0.01
33711,141257,-14.827582359313965,o6ic3h88,routing reset_seed = 65 k = 6 policy lr = 0.01
33829,141257,-15.279233932495117,o6ic3h88,routing reset_seed = 65 k = 6 policy lr = 0.01
33881,142467,-15.279233932495117,o6ic3h88,routing reset_seed = 65 k = 6 policy lr = 0.01
33999,142467,-15.860594272613525,o6ic3h88,routing reset_seed = 65 k = 6 policy lr = 0.01
