{"_wandb":{"runtime":129},"_runtime":129,"_timestamp":1.7635763769340484e+09,"_step":49,"dynamics_error":-2.3765320777893066,"dynamics_mse":0.5729759335517883,"dynamics_logvar":-2.8806040287017822,"model_step":49}