{"_timestamp":1.7632881992880626e+09,"_step":50,"dynamics_logvar":-2.941934823989868,"dynamics_mse":0.5002536177635193,"_runtime":20,"_wandb":{"runtime":20},"model_step":49,"dynamics_error":-2.2905099391937256,"episode rewards":-23.70672607421875}