{"_wandb":{"runtime":104},"q2_loss":0.008667727932333946,"sac_step":99,"dynamics_error":14.926444053649902,"policy_loss":-0.8686158657073975,"_timestamp":1.762979637559844e+09,"_step":1499,"q1_loss":0.008667727932333946,"_runtime":104,"model_step":49}