{"dynamics_mse":0.9476115703582764,"dynamics_logvar":-7.592402935028076,"model_step":49,"_timestamp":1.7633991896464446e+09,"_wandb":{"runtime":287},"_runtime":287,"_step":2499,"dynamics_error":-88.81292724609375}