{"dynamics_error":-46.025428771972656,"sac_step":99,"q1_loss":71.53361511230469,"q2_pred":-15.191085815429688,"dynamics_logvar":-4.948481559753418,"_wandb":{"runtime":2512},"dynamics_mse":0.7643282413482666,"q1_pred":-15.130577087402344,"q2_loss":76.28123474121094,"_timestamp":1.763652952705259e+09,"episode rewards":-26.95196533203125,"_runtime":2512,"episode_reward":-217.87768971920013,"model_step":49,"_step":30399}