{"dynamics_error":-53.64510726928711,"dynamics_mse":1.2601041793823242,"dynamics_logvar":-5.93201208114624,"model_step":49,"_wandb":{"runtime":118},"_runtime":118,"_timestamp":1.7635405879717853e+09,"_step":999}