{"_step":3999,"_wandb":{"runtime":200},"sac_step":99,"policy_loss":-1.1189545392990112,"_timestamp":1.7629798528793254e+09,"model_step":99,"dynamics_error":-15.645209312438965,"q2_loss":0.0069594732485711575,"_runtime":200,"q1_loss":0.0069594732485711575}