{"_timestamp":1.763647258503799e+09,"_step":49,"dynamics_error":-10.9080228805542,"dynamics_mse":0.5347491502761841,"dynamics_logvar":-3.7573163509368896,"_runtime":19,"_wandb":{"runtime":19},"model_step":49}