{"q2_pred":-15.361190795898438,"_step":7599,"sac_step":99,"dynamics_logvar":-7.714165687561035,"q2_loss":66.59818267822266,"episode rewards":-26.771026611328125,"_runtime":591,"q1_loss":67.75534057617188,"_timestamp":1.7633322861804574e+09,"_wandb":{"runtime":591},"dynamics_mse":1.9051969051361084,"episode_reward":-88.14930725097656,"dynamics_error":-70.94796752929688,"q1_pred":-15.166633605957031,"policy_loss":14.156463623046875,"model_step":49}