{"_runtime":29,"model_step":49,"_timestamp":1.7635647270286076e+09,"_step":149,"dynamics_error":-36.8118896484375,"dynamics_mse":0.687837541103363,"dynamics_logvar":-4.9359846115112305,"_wandb":{"runtime":29}}