{"_step":150,"model_step":49,"policy_loss":9.772721290588379,"q1_pred":-11.337326049804688,"sac_step":99,"q2_loss":17.60945701599121,"dynamics_logvar":-3.238600015640259,"dynamics_error":-6.583901405334473,"_wandb":{"runtime":32},"episode rewards":-26.381664276123047,"dynamics_mse":0.5022662878036499,"_timestamp":1.763320479871088e+09,"q1_loss":17.826045989990234,"q2_pred":-11.409732818603516,"_runtime":32}