{"_wandb":{"runtime":604},"model_step":49,"q1_pred":-6004.490234375,"dynamics_error":25.4585018157959,"dynamics_logvar":-0.24335946142673492,"episode_reward":-247.06871831417084,"sac_step":99,"dynamics_mse":1.3761353492736816,"_timestamp":1.7633868622908874e+09,"policy_loss":6838.4775390625,"q1_loss":1.141e+08,"_step":7599,"_runtime":604,"q2_loss":6.8289944e+07,"episode rewards":-26.904155731201172,"q2_pred":-6220.3359375}