{"dynamics_error":-42.34019470214844,"dynamics_mse":1.4109203815460205,"dynamics_logvar":-5.0857133865356445,"model_step":49,"_timestamp":1.763415374588339e+09,"_wandb":{"runtime":1150},"_runtime":1150,"_step":9999}