{"dynamics_logvar":-2.8806040287017822,"_wandb":{"runtime":20},"_runtime":20,"model_step":49,"_timestamp":1.7635745655110838e+09,"_step":49,"dynamics_error":-2.3765320777893066,"dynamics_mse":0.5729759335517883}