{"q1_loss":66.80661010742188,"episode rewards":-27.27483367919922,"policy_loss":15.042953491210938,"model_step":49,"sac_step":99,"_step":7599,"_wandb":{"runtime":608},"_runtime":608,"q1_pred":-16.02690887451172,"_timestamp":1.763336354546351e+09,"dynamics_mse":1.8995845317840576,"q2_loss":66.53825378417969,"dynamics_logvar":-7.789486408233643,"dynamics_error":-82.04554748535156,"q2_pred":-15.811996459960938,"episode_reward":-82.35623168945312}