{"step":99,"_timestamp":1.7629764798578203e+09,"_step":99,"q1_loss":0.016023963689804077,"_wandb":{"runtime":24},"_runtime":24,"q2_loss":0.016023963689804077}