{"_runtime":413,"q1_loss":8.748169898986816,"dynamics_error":-99.2001724243164,"sac_step":99,"_wandb":{"runtime":413},"dynamics_logvar":-8.067574501037598,"_timestamp":1.7632161934746935e+09,"_step":7549,"q2_loss":8.65626335144043,"model_step":49,"episode rewards":-26.781654357910156,"dynamics_mse":0.8360546231269836,"policy_loss":4.968592643737793}