{"dynamics_logvar":-7.501224040985107,"q2_loss":63.44361877441406,"dynamics_error":-76.06951141357422,"model_step":49,"episode_reward":-247.0687255859375,"q2_pred":-15.174421310424805,"_wandb":{"runtime":616},"policy_loss":14.55073356628418,"_timestamp":1.7633239437370474e+09,"_runtime":616,"dynamics_mse":1.8944684267044067,"sac_step":99,"_step":7599,"q1_pred":-15.039440155029297,"episode rewards":-26.958866119384766,"q1_loss":61.98647689819336}