{"_runtime":607,"q2_loss":62.18655776977539,"q2_pred":-14.466877937316895,"dynamics_mse":1.897821068763733,"episode rewards":-27.244308471679688,"dynamics_error":-81.97708892822266,"policy_loss":13.564847946166992,"q1_pred":-14.852180480957031,"q1_loss":59.66856384277344,"model_step":49,"_step":7599,"dynamics_logvar":-7.759369850158691,"_wandb":{"runtime":607},"episode_reward":-82.35623168945312,"_timestamp":1.7633350172885456e+09,"sac_step":99}