{"_wandb":{"runtime":23},"dynamics_logvar":-3.238600015640259,"_timestamp":1.763308547349631e+09,"dynamics_error":-6.583901405334473,"dynamics_mse":0.5022662878036499,"episode rewards":-26.381746292114258,"_runtime":23,"model_step":49,"_step":50}