{"_step":1014,"dynamics_logvar":-5.93201208114624,"dynamics_error":-53.64510726928711,"dynamics_mse":1.2601041793823242,"model_step":49,"_timestamp":1.7635776836614442e+09,"_wandb":{"runtime":129},"mse":4.393248081207275,"_runtime":129,"l2":12.221719741821289}