{"dynamics_mse":0.687837541103363,"dynamics_logvar":-4.9359846115112305,"model_step":49,"_timestamp":1.7635636752472105e+09,"_step":149,"dynamics_error":-36.8118896484375,"_wandb":{"runtime":27},"_runtime":27}