{"_runtime":287,"_step":2499,"dynamics_error":-97.71581268310547,"dynamics_mse":0.3799627125263214,"dynamics_logvar":-7.885074138641357,"model_step":49,"_timestamp":1.7634028780307002e+09,"_wandb":{"runtime":287}}