{"dynamics_mse":1.897821068763733,"policy_loss":13.564847946166992,"_step":7599,"dynamics_error":-81.97708892822266,"q1_loss":59.66856384277344,"_wandb":{"runtime":609},"_timestamp":1.763387959352901e+09,"_runtime":609,"q2_pred":-14.466877937316895,"q2_loss":62.18655776977539,"episode rewards":-27.244308471679688,"q1_pred":-14.852180480957031,"episode_reward":-247.06871831417084,"dynamics_logvar":-7.759369850158691,"sac_step":99,"model_step":49}