{"sac_step":99,"_step":7499,"dynamics_error":-82.81840515136719,"q2_loss":7.554930210113525,"_timestamp":1.763048520556535e+09,"policy_loss":-4.502913475036621,"_wandb":{"runtime":408},"q1_loss":7.554930210113525,"model_step":49,"_runtime":408}