{"dynamics_error":-29.094709396362305,"dynamics_mse":5.644075393676758,"dynamics_logvar":-7.55971622467041,"model_step":49,"_timestamp":1.7634095145143769e+09,"_wandb":{"runtime":306},"_runtime":306,"_step":2499}