{"sac_step":99,"episode_reward":-82.35623168945312,"dynamics_logvar":-7.693078517913818,"_runtime":611,"q2_pred":-14.153058052062988,"model_step":49,"q1_pred":-14.676873207092285,"dynamics_error":-81.00487518310547,"_timestamp":1.7633831145229445e+09,"q1_loss":52.207515716552734,"episode rewards":-27.431547164916992,"q2_loss":54.25054168701172,"dynamics_mse":1.9099589586257935,"_wandb":{"runtime":611},"policy_loss":13.41181755065918,"_step":7599}