{"sac_step":99,"dynamics_mse":0.2533286511898041,"_step":7549,"q1_loss":8.261073112487793,"policy_loss":4.023553848266602,"_runtime":461,"dynamics_logvar":-10,"q2_loss":8.160618782043457,"_wandb":{"runtime":461},"_timestamp":1.7632209918966904e+09,"dynamics_error":-146.3126983642578,"episode rewards":-26.71894645690918,"model_step":49}