{"policy_loss":14.209269523620605,"episode_reward":-247.06871831417084,"sac_step":99,"_timestamp":1.763385524418809e+09,"_wandb":{"runtime":613},"episode rewards":-26.63999366760254,"model_step":49,"q2_loss":62.28987121582031,"q2_pred":-15.04646110534668,"dynamics_logvar":-7.620031356811523,"q1_loss":62.389381408691406,"dynamics_mse":1.9066869020462036,"q1_pred":-15.003206253051758,"_runtime":613,"dynamics_error":-78.4029769897461,"_step":7599}