{"_wandb":{"runtime":601},"_step":7599,"q2_pred":-14.42105484008789,"dynamics_mse":1.9058887958526611,"episode rewards":-26.270082473754883,"dynamics_logvar":-7.8405070304870605,"_runtime":601,"episode_reward":-247.06871831417084,"dynamics_error":-78.08011627197266,"sac_step":99,"q2_loss":65.03034973144531,"_timestamp":1.7633905363884954e+09,"q1_loss":62.3756103515625,"q1_pred":-14.665571212768555,"model_step":49}