{"_wandb":{"runtime":22},"dynamics_error":-6.667025089263916,"dynamics_logvar":-3.135841131210327,"model_step":49,"episode rewards":-25.98231315612793,"_runtime":22,"dynamics_mse":0.50468909740448,"_timestamp":1.7633017484867103e+09,"_step":50}