{"_timestamp":1.7633024492037442e+09,"sac_step":99,"q2_loss":57.84130859375,"_runtime":472,"dynamics_error":-80.2088851928711,"dynamics_mse":0.49081364274024963,"_step":7549,"q1_pred":-14.176443099975586,"reward":{"_type":"histogram","values":[4,4,0,3,5,4,9,5,6,5,4,4,3,16,5,9,7,6,8,11,6,11,11,16,17,18,27,17,6,5,2,2],"bins":[-19.83806610107422,-19.210195541381836,-18.582326889038086,-17.954456329345703,-17.32658576965332,-16.698715209960938,-16.070846557617188,-15.442975997924805,-14.815105438232422,-14.187235832214355,-13.559365272521973,-12.931495666503906,-12.30362606048584,-11.675755500793457,-11.04788589477539,-10.420015335083008,-9.792145729064941,-9.164275169372559,-8.536405563354492,-7.908535480499268,-7.280665397644043,-6.652795314788818,-6.024925231933594,-5.397055149078369,-4.7691850662231445,-4.14131498336792,-3.5134451389312744,-2.88557505607605,-2.257704973220825,-1.6298350095748901,-1.0019649267196655,-0.3740949034690857,0.25377511978149414]},"q2_pred":-14.243694305419922,"model_step":49,"_wandb":{"runtime":472},"dynamics_logvar":-7.412938117980957,"q1_loss":58.733314514160156,"episode rewards":-27.96084213256836}