{"policy_loss":16.24934196472168,"_timestamp":1.7633862018250694e+09,"dynamics_error":27.977643966674805,"model_step":49,"_runtime":618,"dynamics_mse":1.5123050212860107,"sac_step":99,"dynamics_logvar":-0.03992876783013344,"q2_pred":-17.22115707397461,"_wandb":{"runtime":618},"q1_pred":-17.455760955810547,"episode rewards":-26.889421463012695,"episode_reward":-247.06871831417084,"q2_loss":146.6666259765625,"_step":7599,"q1_loss":104.23292541503906}