{"_runtime":24,"dynamics_mse":0.5022662878036499,"episode rewards":-26.381746292114258,"dynamics_error":-6.583901405334473,"_wandb":{"runtime":24},"model_step":49,"_step":50,"dynamics_logvar":-3.238600015640259,"_timestamp":1.7633005628064313e+09}