{"model_step":49,"_timestamp":1.7635402637237506e+09,"_wandb":{"runtime":117},"_runtime":117,"_step":999,"dynamics_error":-57.84074020385742,"dynamics_mse":1.2499481439590454,"dynamics_logvar":-6.243022441864014}