{"q1_pred":-10.877924919128418,"model_step":49,"sac_step":99,"q2_pred":-10.867794036865234,"_wandb":{"runtime":30},"dynamics_mse":0.50468909740448,"_runtime":30,"dynamics_error":-6.667025089263916,"episode rewards":-25.98236846923828,"dynamics_logvar":-3.135841131210327,"policy_loss":9.24365234375,"q2_loss":17.38486671447754,"_timestamp":1.7633203238968942e+09,"q1_loss":17.83722686767578,"_step":150}