{"dynamics_error":-99.2001724243164,"_wandb":{"runtime":468},"_step":7499,"q2_loss":8.65626335144043,"policy_loss":4.968592643737793,"_runtime":468,"model_step":49,"_timestamp":1.7630754144108791e+09,"sac_step":99,"q1_loss":8.748169898986816}