{"_timestamp":1.7633353454214685e+09,"_wandb":{"runtime":32},"dynamics_mse":0.49935758113861084,"dynamics_logvar":-3.268653154373169,"q2_pred":-10.022157669067383,"sac_step":99,"q1_pred":-9.903837203979492,"model_step":49,"q1_loss":17.207813262939453,"policy_loss":9.125574111938477,"q2_loss":17.18546485900879,"dynamics_error":-6.565845012664795,"_runtime":32,"_step":150,"episode rewards":-24.567113876342773}