{"_wandb":{"runtime":599},"episode_reward":-82.35623168945312,"dynamics_error":-81.35262298583984,"q1_loss":65.82588958740234,"q2_loss":64.64105987548828,"sac_step":99,"_step":7599,"dynamics_mse":1.8834539651870728,"model_step":49,"_runtime":599,"_timestamp":1.7633342062082305e+09,"dynamics_logvar":-8.01328182220459,"episode rewards":-26.69225311279297,"q2_pred":-14.48637580871582,"q1_pred":-14.72983455657959}