{"model_step":49,"_timestamp":1.7635020848875086e+09,"_wandb":{"runtime":1124},"_runtime":1124,"_step":9999,"dynamics_error":-42.34019470214844,"dynamics_mse":1.4109203815460205,"dynamics_logvar":-5.0857133865356445}