{"dynamics_logvar":-7.26783561706543,"model_step":49,"_timestamp":1.763403425033346e+09,"_step":2499,"_wandb":{"runtime":298},"_runtime":298,"dynamics_error":-83.53372192382812,"dynamics_mse":0.39466825127601624}