{"dynamics_error":-10.9080228805542,"dynamics_mse":0.5347491502761841,"_wandb":{"runtime":19},"_runtime":19,"dynamics_logvar":-3.7573163509368896,"model_step":49,"_timestamp":1.7636292454096391e+09,"_step":49}