{"q1_loss":17.87430191040039,"dynamics_logvar":-3.348978281021118,"dynamics_mse":0.4994319677352905,"q2_pred":-10.258265495300293,"_wandb":{"runtime":34},"_runtime":34,"episode_reward":-42.42955017089844,"episode rewards":-25.448881149291992,"policy_loss":8.982112884521484,"model_step":49,"_timestamp":1.7633342854826033e+09,"_step":151,"q1_pred":-10.24920654296875,"dynamics_error":-5.6011061668396,"q2_loss":17.642057418823242,"sac_step":99}