{"model_step":49,"_timestamp":1.7630369811725953e+09,"_step":49,"dynamics_error":17.95764923095703,"_wandb":{"runtime":18},"_runtime":18}