{"_wandb":{"runtime":32},"_step":150,"q2_pred":-11.491692543029785,"model_step":49,"dynamics_mse":0.5022662878036499,"q1_pred":-11.451906204223633,"policy_loss":9.98010540008545,"_timestamp":1.7633207449513066e+09,"dynamics_error":-6.583901405334473,"dynamics_logvar":-3.238600015640259,"q2_loss":17.93793296813965,"sac_step":99,"q1_loss":18.118423461914062,"episode rewards":-26.381746292114258,"_runtime":32}