{"_wandb":{"runtime":23},"dynamics_mse":0.5022662878036499,"_timestamp":1.7633091126660163e+09,"dynamics_error":-6.583901405334473,"dynamics_logvar":-3.238600015640259,"_step":50,"episode rewards":-26.381746292114258,"model_step":49,"_runtime":23}