{"_runtime":475,"q1_loss":0.007728512864559889,"q2_loss":0.007728512864559889,"_step":7499,"policy_loss":-1.9535601139068604,"dynamics_error":-83.7515869140625,"_wandb":{"runtime":475},"_timestamp":1.7630295397436557e+09,"model_step":49,"sac_step":99}