{"dynamics_logvar":-3.7573163509368896,"_runtime":19,"_step":64,"dynamics_error":-10.9080228805542,"_wandb":{"runtime":19},"model_step":49,"_timestamp":1.763577530931925e+09,"dynamics_mse":0.5347491502761841,"mse":14.245147705078125,"l2":22.007612228393555}