{"_timestamp":1.7635610045775058e+09,"_step":149,"dynamics_error":0.6947693228721619,"_wandb":{"runtime":24},"_runtime":24,"dynamics_mse":0.7424917221069336,"dynamics_logvar":-4.819260597229004,"model_step":49}