{"_timestamp":1.763075894321961e+09,"_wandb":{"runtime":16},"_runtime":16,"_step":49,"dynamics_error":26.1865291595459,"model_step":49}