{"dynamics_logvar":-7.654354572296143,"_timestamp":1.7633033879623485e+09,"q2_loss":101.48448181152344,"q1_loss":97.36561584472656,"reward":{"values":[1,0,1,1,2,3,4,6,3,7,8,4,12,6,6,5,13,8,8,13,17,15,14,17,26,23,15,7,4,4,1,2],"bins":[-22.825477600097656,-22.047107696533203,-21.268739700317383,-20.49036979675293,-19.711999893188477,-18.933629989624023,-18.155261993408203,-17.37689208984375,-16.598522186279297,-15.82015323638916,-15.041783332824707,-14.26341438293457,-13.485044479370117,-12.70667552947998,-11.928305625915527,-11.14993667602539,-10.371566772460938,-9.5931978225708,-8.814827919006348,-8.036458969116211,-7.258089065551758,-6.479719638824463,-5.701350212097168,-4.922980785369873,-4.144611358642578,-3.3662421703338623,-2.5878727436065674,-1.8095033168792725,-1.0311338901519775,-0.25276443362236023,0.5256049633026123,1.3039743900299072,2.082343816757202],"_type":"histogram"},"q1_pred":-17.215087890625,"_runtime":701,"dynamics_error":-96.23595428466797,"model_step":49,"_wandb":{"runtime":701},"dynamics_mse":0.6059718728065491,"episode rewards":-26.815753936767578,"q2_pred":-17.71050262451172,"sac_step":299,"_step":17549}