{"q2_loss":0.298872172832489,"sac_step":99,"dynamics_error":-99.45882415771484,"_runtime":428,"_timestamp":1.7630634770104933e+09,"q1_loss":0.298872172832489,"policy_loss":-2.1267993450164795,"_wandb":{"runtime":428},"model_step":49,"_step":7499}