{"dynamics_error":-94.81049346923828,"dynamics_mse":1.167497992515564,"dynamics_logvar":-7.867921352386475,"model_step":49,"_timestamp":1.7634139656021366e+09,"_wandb":{"runtime":1134},"_runtime":1134,"_step":9999}