{"_step":49,"dynamics_error":-10.9080228805542,"_wandb":{"runtime":17},"_runtime":17,"dynamics_mse":0.5347491502761841,"dynamics_logvar":-3.7573163509368896,"model_step":49,"_timestamp":1.7636495145636957e+09}