{"_step":150,"episode rewards":-23.54392433166504,"sac_step":99,"dynamics_error":-2.1715011596679688,"q1_loss":2.411667823791504,"q2_loss":2.3962409496307373,"_wandb":{"runtime":21},"_runtime":21,"dynamics_logvar":-2.9289541244506836,"model_step":49,"dynamics_mse":0.49946093559265137,"_timestamp":1.763282140181923e+09}