{"dynamics_logvar":-3.135841131210327,"episode rewards":-25.98244857788086,"dynamics_error":-6.667025089263916,"_timestamp":1.7632967362370305e+09,"model_step":49,"_step":50,"dynamics_mse":0.50468909740448,"_runtime":19,"_wandb":{"runtime":19}}