{"dynamics_logvar":-3.7573163509368896,"model_step":49,"_timestamp":1.7636489811718152e+09,"_step":49,"dynamics_error":-10.9080228805542,"_wandb":{"runtime":373},"_runtime":373,"dynamics_mse":0.5347491502761841}