{"dynamics_error":-102.86750793457031,"dynamics_mse":0.44600868225097656,"dynamics_logvar":-7.913349628448486,"model_step":49,"_timestamp":1.763398439377132e+09,"_runtime":299,"_wandb":{"runtime":299},"_step":2499}