{"dynamics_mse":0.5347491502761841,"dynamics_logvar":-3.7573163509368896,"_wandb":{"runtime":307},"_runtime":307,"model_step":49,"_timestamp":1.7635924104788349e+09,"_step":49,"dynamics_error":-10.9080228805542}