{"step":99,"_timestamp":1.7629767740286226e+09,"_step":999,"_wandb":{"runtime":104},"_runtime":104,"q1_loss":0.008667727932333946,"q2_loss":0.008667727932333946}