{"_wandb":{"runtime":1701},"dynamics_error":-95.32592010498047,"q1_loss":52.05421447753906,"q1_pred":-13.504434585571289,"_timestamp":1.7633192264647074e+09,"q2_loss":53.510581970214844,"dynamics_mse":0.4792477786540985,"_runtime":1701,"q2_pred":-14.081798553466797,"model_step":49,"_step":7549,"episode rewards":-28.09884262084961,"reward":{"_type":"histogram","values":[2,3,3,5,3,5,3,2,10,2,6,6,8,10,8,7,7,7,7,14,11,8,13,9,12,16,14,15,15,15,4,6],"bins":[-20.166393280029297,-19.551477432250977,-18.93656349182129,-18.32164764404297,-17.70673370361328,-17.09181785583496,-16.47690200805664,-15.861988067626953,-15.247072219848633,-14.632157325744629,-14.017242431640625,-13.402327537536621,-12.7874116897583,-12.172496795654297,-11.557581901550293,-10.942667007446289,-10.327752113342285,-9.712836265563965,-9.097921371459961,-8.483006477355957,-7.868091583251953,-7.253176212310791,-6.638261318206787,-6.023345947265625,-5.408431053161621,-4.793516159057617,-4.178600788116455,-3.563685655593872,-2.948770523071289,-2.333855628967285,-1.7189404964447021,-1.1040253639221191,-0.4891102612018585]},"dynamics_logvar":-7.663505554199219,"sac_step":99,"policy_loss":12.91330337524414}