{"model_step":49,"_timestamp":1.763560649581013e+09,"_step":149,"_wandb":{"runtime":25},"_runtime":25,"dynamics_error":-36.8118896484375,"dynamics_mse":0.687837541103363,"dynamics_logvar":-4.9359846115112305}