{"_step":49,"dynamics_error":-10.9080228805542,"dynamics_mse":0.5347491502761841,"dynamics_logvar":-3.7573163509368896,"_wandb":{"runtime":19},"_runtime":19,"model_step":49,"_timestamp":1.7635725494247296e+09}