{"_runtime":303,"model_step":49,"_timestamp":1.7634103378046963e+09,"_step":2499,"dynamics_error":-25.793912887573242,"dynamics_mse":5.655628681182861,"dynamics_logvar":-7.346673488616943,"_wandb":{"runtime":303}}